# Wavefront OBJ: SM_Stall_Roof
o SM_Stall_Roof
v -0.900000 2.192000 0.000000
v -0.900000 2.180000 0.000000
v -0.876000 2.198928 0.000000
v -0.876000 2.186928 0.000000
v -0.852000 2.185072 0.000000
v -0.852000 2.173072 0.000000
v -0.828000 2.192000 0.000000
v -0.828000 2.180000 0.000000
v -0.804000 2.198928 0.000000
v -0.804000 2.186928 0.000000
v -0.780000 2.185072 0.000000
v -0.780000 2.173072 0.000000
v -0.756000 2.192000 0.000000
v -0.756000 2.180000 0.000000
v -0.732000 2.198928 0.000000
v -0.732000 2.186928 0.000000
v -0.708000 2.185072 0.000000
v -0.708000 2.173072 0.000000
v -0.684000 2.192000 0.000000
v -0.684000 2.180000 0.000000
v -0.660000 2.198928 0.000000
v -0.660000 2.186928 0.000000
v -0.636000 2.185072 0.000000
v -0.636000 2.173072 0.000000
v -0.612000 2.192000 0.000000
v -0.612000 2.180000 0.000000
v -0.588000 2.198928 0.000000
v -0.588000 2.186928 0.000000
v -0.564000 2.185072 0.000000
v -0.564000 2.173072 0.000000
v -0.540000 2.192000 0.000000
v -0.540000 2.180000 0.000000
v -0.516000 2.198928 0.000000
v -0.516000 2.186928 0.000000
v -0.492000 2.185072 0.000000
v -0.492000 2.173072 0.000000
v -0.468000 2.192000 0.000000
v -0.468000 2.180000 0.000000
v -0.444000 2.198928 0.000000
v -0.444000 2.186928 0.000000
v -0.420000 2.185072 0.000000
v -0.420000 2.173072 0.000000
v -0.396000 2.192000 0.000000
v -0.396000 2.180000 0.000000
v -0.372000 2.198928 0.000000
v -0.372000 2.186928 0.000000
v -0.348000 2.185072 0.000000
v -0.348000 2.173072 0.000000
v -0.324000 2.192000 0.000000
v -0.324000 2.180000 0.000000
v -0.300000 2.198928 0.000000
v -0.300000 2.186928 0.000000
v -0.276000 2.185072 0.000000
v -0.276000 2.173072 0.000000
v -0.252000 2.192000 0.000000
v -0.252000 2.180000 0.000000
v -0.228000 2.198928 0.000000
v -0.228000 2.186928 0.000000
v -0.204000 2.185072 0.000000
v -0.204000 2.173072 0.000000
v -0.180000 2.192000 0.000000
v -0.180000 2.180000 0.000000
v -0.156000 2.198928 0.000000
v -0.156000 2.186928 0.000000
v -0.132000 2.185072 0.000000
v -0.132000 2.173072 0.000000
v -0.108000 2.192000 0.000000
v -0.108000 2.180000 0.000000
v -0.084000 2.198928 0.000000
v -0.084000 2.186928 0.000000
v -0.060000 2.185072 0.000000
v -0.060000 2.173072 0.000000
v -0.036000 2.192000 0.000000
v -0.036000 2.180000 0.000000
v -0.012000 2.198928 0.000000
v -0.012000 2.186928 0.000000
v 0.012000 2.185072 0.000000
v 0.012000 2.173072 0.000000
v 0.036000 2.192000 0.000000
v 0.036000 2.180000 0.000000
v 0.060000 2.198928 0.000000
v 0.060000 2.186928 0.000000
v 0.084000 2.185072 0.000000
v 0.084000 2.173072 0.000000
v 0.108000 2.192000 0.000000
v 0.108000 2.180000 0.000000
v 0.132000 2.198928 0.000000
v 0.132000 2.186928 0.000000
v 0.156000 2.185072 0.000000
v 0.156000 2.173072 0.000000
v 0.180000 2.192000 0.000000
v 0.180000 2.180000 0.000000
v 0.204000 2.198928 0.000000
v 0.204000 2.186928 0.000000
v 0.228000 2.185072 0.000000
v 0.228000 2.173072 0.000000
v 0.252000 2.192000 0.000000
v 0.252000 2.180000 0.000000
v 0.276000 2.198928 0.000000
v 0.276000 2.186928 0.000000
v 0.300000 2.185072 0.000000
v 0.300000 2.173072 0.000000
v 0.324000 2.192000 0.000000
v 0.324000 2.180000 0.000000
v 0.348000 2.198928 0.000000
v 0.348000 2.186928 0.000000
v 0.372000 2.185072 0.000000
v 0.372000 2.173072 0.000000
v 0.396000 2.192000 0.000000
v 0.396000 2.180000 0.000000
v 0.420000 2.198928 0.000000
v 0.420000 2.186928 0.000000
v 0.444000 2.185072 0.000000
v 0.444000 2.173072 0.000000
v 0.468000 2.192000 0.000000
v 0.468000 2.180000 0.000000
v 0.492000 2.198928 0.000000
v 0.492000 2.186928 0.000000
v 0.516000 2.185072 0.000000
v 0.516000 2.173072 0.000000
v 0.540000 2.192000 0.000000
v 0.540000 2.180000 0.000000
v 0.564000 2.198928 0.000000
v 0.564000 2.186928 0.000000
v 0.588000 2.185072 0.000000
v 0.588000 2.173072 0.000000
v 0.612000 2.192000 0.000000
v 0.612000 2.180000 0.000000
v 0.636000 2.198928 0.000000
v 0.636000 2.186928 0.000000
v 0.660000 2.185072 0.000000
v 0.660000 2.173072 0.000000
v 0.684000 2.192000 0.000000
v 0.684000 2.180000 0.000000
v 0.708000 2.198928 0.000000
v 0.708000 2.186928 0.000000
v 0.732000 2.185072 0.000000
v 0.732000 2.173072 0.000000
v 0.756000 2.192000 0.000000
v 0.756000 2.180000 0.000000
v 0.780000 2.198928 0.000000
v 0.780000 2.186928 0.000000
v 0.804000 2.185072 0.000000
v 0.804000 2.173072 0.000000
v 0.828000 2.192000 0.000000
v 0.828000 2.180000 0.000000
v 0.852000 2.198928 0.000000
v 0.852000 2.186928 0.000000
v 0.876000 2.185072 0.000000
v 0.876000 2.173072 0.000000
v 0.900000 2.192000 0.000000
v 0.900000 2.180000 0.000000
v -0.900000 2.183200 0.026667
v -0.900000 2.171200 0.026667
v -0.876000 2.190128 0.026667
v -0.876000 2.178128 0.026667
v -0.852000 2.176272 0.026667
v -0.852000 2.164272 0.026667
v -0.828000 2.183200 0.026667
v -0.828000 2.171200 0.026667
v -0.804000 2.190128 0.026667
v -0.804000 2.178128 0.026667
v -0.780000 2.176272 0.026667
v -0.780000 2.164272 0.026667
v -0.756000 2.183200 0.026667
v -0.756000 2.171200 0.026667
v -0.732000 2.190128 0.026667
v -0.732000 2.178128 0.026667
v -0.708000 2.176272 0.026667
v -0.708000 2.164272 0.026667
v -0.684000 2.183200 0.026667
v -0.684000 2.171200 0.026667
v -0.660000 2.190128 0.026667
v -0.660000 2.178128 0.026667
v -0.636000 2.176272 0.026667
v -0.636000 2.164272 0.026667
v -0.612000 2.183200 0.026667
v -0.612000 2.171200 0.026667
v -0.588000 2.190128 0.026667
v -0.588000 2.178128 0.026667
v -0.564000 2.176272 0.026667
v -0.564000 2.164272 0.026667
v -0.540000 2.183200 0.026667
v -0.540000 2.171200 0.026667
v -0.516000 2.190128 0.026667
v -0.516000 2.178128 0.026667
v -0.492000 2.176272 0.026667
v -0.492000 2.164272 0.026667
v -0.468000 2.183200 0.026667
v -0.468000 2.171200 0.026667
v -0.444000 2.190128 0.026667
v -0.444000 2.178128 0.026667
v -0.420000 2.176272 0.026667
v -0.420000 2.164272 0.026667
v -0.396000 2.183200 0.026667
v -0.396000 2.171200 0.026667
v -0.372000 2.190128 0.026667
v -0.372000 2.178128 0.026667
v -0.348000 2.176272 0.026667
v -0.348000 2.164272 0.026667
v -0.324000 2.183200 0.026667
v -0.324000 2.171200 0.026667
v -0.300000 2.190128 0.026667
v -0.300000 2.178128 0.026667
v -0.276000 2.176272 0.026667
v -0.276000 2.164272 0.026667
v -0.252000 2.183200 0.026667
v -0.252000 2.171200 0.026667
v -0.228000 2.190128 0.026667
v -0.228000 2.178128 0.026667
v -0.204000 2.176272 0.026667
v -0.204000 2.164272 0.026667
v -0.180000 2.183200 0.026667
v -0.180000 2.171200 0.026667
v -0.156000 2.190128 0.026667
v -0.156000 2.178128 0.026667
v -0.132000 2.176272 0.026667
v -0.132000 2.164272 0.026667
v -0.108000 2.183200 0.026667
v -0.108000 2.171200 0.026667
v -0.084000 2.190128 0.026667
v -0.084000 2.178128 0.026667
v -0.060000 2.176272 0.026667
v -0.060000 2.164272 0.026667
v -0.036000 2.183200 0.026667
v -0.036000 2.171200 0.026667
v -0.012000 2.190128 0.026667
v -0.012000 2.178128 0.026667
v 0.012000 2.176272 0.026667
v 0.012000 2.164272 0.026667
v 0.036000 2.183200 0.026667
v 0.036000 2.171200 0.026667
v 0.060000 2.190128 0.026667
v 0.060000 2.178128 0.026667
v 0.084000 2.176272 0.026667
v 0.084000 2.164272 0.026667
v 0.108000 2.183200 0.026667
v 0.108000 2.171200 0.026667
v 0.132000 2.190128 0.026667
v 0.132000 2.178128 0.026667
v 0.156000 2.176272 0.026667
v 0.156000 2.164272 0.026667
v 0.180000 2.183200 0.026667
v 0.180000 2.171200 0.026667
v 0.204000 2.190128 0.026667
v 0.204000 2.178128 0.026667
v 0.228000 2.176272 0.026667
v 0.228000 2.164272 0.026667
v 0.252000 2.183200 0.026667
v 0.252000 2.171200 0.026667
v 0.276000 2.190128 0.026667
v 0.276000 2.178128 0.026667
v 0.300000 2.176272 0.026667
v 0.300000 2.164272 0.026667
v 0.324000 2.183200 0.026667
v 0.324000 2.171200 0.026667
v 0.348000 2.190128 0.026667
v 0.348000 2.178128 0.026667
v 0.372000 2.176272 0.026667
v 0.372000 2.164272 0.026667
v 0.396000 2.183200 0.026667
v 0.396000 2.171200 0.026667
v 0.420000 2.190128 0.026667
v 0.420000 2.178128 0.026667
v 0.444000 2.176272 0.026667
v 0.444000 2.164272 0.026667
v 0.468000 2.183200 0.026667
v 0.468000 2.171200 0.026667
v 0.492000 2.190128 0.026667
v 0.492000 2.178128 0.026667
v 0.516000 2.176272 0.026667
v 0.516000 2.164272 0.026667
v 0.540000 2.183200 0.026667
v 0.540000 2.171200 0.026667
v 0.564000 2.190128 0.026667
v 0.564000 2.178128 0.026667
v 0.588000 2.176272 0.026667
v 0.588000 2.164272 0.026667
v 0.612000 2.183200 0.026667
v 0.612000 2.171200 0.026667
v 0.636000 2.190128 0.026667
v 0.636000 2.178128 0.026667
v 0.660000 2.176272 0.026667
v 0.660000 2.164272 0.026667
v 0.684000 2.183200 0.026667
v 0.684000 2.171200 0.026667
v 0.708000 2.190128 0.026667
v 0.708000 2.178128 0.026667
v 0.732000 2.176272 0.026667
v 0.732000 2.164272 0.026667
v 0.756000 2.183200 0.026667
v 0.756000 2.171200 0.026667
v 0.780000 2.190128 0.026667
v 0.780000 2.178128 0.026667
v 0.804000 2.176272 0.026667
v 0.804000 2.164272 0.026667
v 0.828000 2.183200 0.026667
v 0.828000 2.171200 0.026667
v 0.852000 2.190128 0.026667
v 0.852000 2.178128 0.026667
v 0.876000 2.176272 0.026667
v 0.876000 2.164272 0.026667
v 0.900000 2.183200 0.026667
v 0.900000 2.171200 0.026667
v -0.900000 2.174400 0.053333
v -0.900000 2.162400 0.053333
v -0.876000 2.181328 0.053333
v -0.876000 2.169328 0.053333
v -0.852000 2.167472 0.053333
v -0.852000 2.155472 0.053333
v -0.828000 2.174400 0.053333
v -0.828000 2.162400 0.053333
v -0.804000 2.181328 0.053333
v -0.804000 2.169328 0.053333
v -0.780000 2.167472 0.053333
v -0.780000 2.155472 0.053333
v -0.756000 2.174400 0.053333
v -0.756000 2.162400 0.053333
v -0.732000 2.181328 0.053333
v -0.732000 2.169328 0.053333
v -0.708000 2.167472 0.053333
v -0.708000 2.155472 0.053333
v -0.684000 2.174400 0.053333
v -0.684000 2.162400 0.053333
v -0.660000 2.181328 0.053333
v -0.660000 2.169328 0.053333
v -0.636000 2.167472 0.053333
v -0.636000 2.155472 0.053333
v -0.612000 2.174400 0.053333
v -0.612000 2.162400 0.053333
v -0.588000 2.181328 0.053333
v -0.588000 2.169328 0.053333
v -0.564000 2.167472 0.053333
v -0.564000 2.155472 0.053333
v -0.540000 2.174400 0.053333
v -0.540000 2.162400 0.053333
v -0.516000 2.181328 0.053333
v -0.516000 2.169328 0.053333
v -0.492000 2.167472 0.053333
v -0.492000 2.155472 0.053333
v -0.468000 2.174400 0.053333
v -0.468000 2.162400 0.053333
v -0.444000 2.181328 0.053333
v -0.444000 2.169328 0.053333
v -0.420000 2.167472 0.053333
v -0.420000 2.155472 0.053333
v -0.396000 2.174400 0.053333
v -0.396000 2.162400 0.053333
v -0.372000 2.181328 0.053333
v -0.372000 2.169328 0.053333
v -0.348000 2.167472 0.053333
v -0.348000 2.155472 0.053333
v -0.324000 2.174400 0.053333
v -0.324000 2.162400 0.053333
v -0.300000 2.181328 0.053333
v -0.300000 2.169328 0.053333
v -0.276000 2.167472 0.053333
v -0.276000 2.155472 0.053333
v -0.252000 2.174400 0.053333
v -0.252000 2.162400 0.053333
v -0.228000 2.181328 0.053333
v -0.228000 2.169328 0.053333
v -0.204000 2.167472 0.053333
v -0.204000 2.155472 0.053333
v -0.180000 2.174400 0.053333
v -0.180000 2.162400 0.053333
v -0.156000 2.181328 0.053333
v -0.156000 2.169328 0.053333
v -0.132000 2.167472 0.053333
v -0.132000 2.155472 0.053333
v -0.108000 2.174400 0.053333
v -0.108000 2.162400 0.053333
v -0.084000 2.181328 0.053333
v -0.084000 2.169328 0.053333
v -0.060000 2.167472 0.053333
v -0.060000 2.155472 0.053333
v -0.036000 2.174400 0.053333
v -0.036000 2.162400 0.053333
v -0.012000 2.181328 0.053333
v -0.012000 2.169328 0.053333
v 0.012000 2.167472 0.053333
v 0.012000 2.155472 0.053333
v 0.036000 2.174400 0.053333
v 0.036000 2.162400 0.053333
v 0.060000 2.181328 0.053333
v 0.060000 2.169328 0.053333
v 0.084000 2.167472 0.053333
v 0.084000 2.155472 0.053333
v 0.108000 2.174400 0.053333
v 0.108000 2.162400 0.053333
v 0.132000 2.181328 0.053333
v 0.132000 2.169328 0.053333
v 0.156000 2.167472 0.053333
v 0.156000 2.155472 0.053333
v 0.180000 2.174400 0.053333
v 0.180000 2.162400 0.053333
v 0.204000 2.181328 0.053333
v 0.204000 2.169328 0.053333
v 0.228000 2.167472 0.053333
v 0.228000 2.155472 0.053333
v 0.252000 2.174400 0.053333
v 0.252000 2.162400 0.053333
v 0.276000 2.181328 0.053333
v 0.276000 2.169328 0.053333
v 0.300000 2.167472 0.053333
v 0.300000 2.155472 0.053333
v 0.324000 2.174400 0.053333
v 0.324000 2.162400 0.053333
v 0.348000 2.181328 0.053333
v 0.348000 2.169328 0.053333
v 0.372000 2.167472 0.053333
v 0.372000 2.155472 0.053333
v 0.396000 2.174400 0.053333
v 0.396000 2.162400 0.053333
v 0.420000 2.181328 0.053333
v 0.420000 2.169328 0.053333
v 0.444000 2.167472 0.053333
v 0.444000 2.155472 0.053333
v 0.468000 2.174400 0.053333
v 0.468000 2.162400 0.053333
v 0.492000 2.181328 0.053333
v 0.492000 2.169328 0.053333
v 0.516000 2.167472 0.053333
v 0.516000 2.155472 0.053333
v 0.540000 2.174400 0.053333
v 0.540000 2.162400 0.053333
v 0.564000 2.181328 0.053333
v 0.564000 2.169328 0.053333
v 0.588000 2.167472 0.053333
v 0.588000 2.155472 0.053333
v 0.612000 2.174400 0.053333
v 0.612000 2.162400 0.053333
v 0.636000 2.181328 0.053333
v 0.636000 2.169328 0.053333
v 0.660000 2.167472 0.053333
v 0.660000 2.155472 0.053333
v 0.684000 2.174400 0.053333
v 0.684000 2.162400 0.053333
v 0.708000 2.181328 0.053333
v 0.708000 2.169328 0.053333
v 0.732000 2.167472 0.053333
v 0.732000 2.155472 0.053333
v 0.756000 2.174400 0.053333
v 0.756000 2.162400 0.053333
v 0.780000 2.181328 0.053333
v 0.780000 2.169328 0.053333
v 0.804000 2.167472 0.053333
v 0.804000 2.155472 0.053333
v 0.828000 2.174400 0.053333
v 0.828000 2.162400 0.053333
v 0.852000 2.181328 0.053333
v 0.852000 2.169328 0.053333
v 0.876000 2.167472 0.053333
v 0.876000 2.155472 0.053333
v 0.900000 2.174400 0.053333
v 0.900000 2.162400 0.053333
v -0.900000 2.165600 0.080000
v -0.900000 2.153600 0.080000
v -0.876000 2.172528 0.080000
v -0.876000 2.160528 0.080000
v -0.852000 2.158672 0.080000
v -0.852000 2.146672 0.080000
v -0.828000 2.165600 0.080000
v -0.828000 2.153600 0.080000
v -0.804000 2.172528 0.080000
v -0.804000 2.160528 0.080000
v -0.780000 2.158672 0.080000
v -0.780000 2.146672 0.080000
v -0.756000 2.165600 0.080000
v -0.756000 2.153600 0.080000
v -0.732000 2.172528 0.080000
v -0.732000 2.160528 0.080000
v -0.708000 2.158672 0.080000
v -0.708000 2.146672 0.080000
v -0.684000 2.165600 0.080000
v -0.684000 2.153600 0.080000
v -0.660000 2.172528 0.080000
v -0.660000 2.160528 0.080000
v -0.636000 2.158672 0.080000
v -0.636000 2.146672 0.080000
v -0.612000 2.165600 0.080000
v -0.612000 2.153600 0.080000
v -0.588000 2.172528 0.080000
v -0.588000 2.160528 0.080000
v -0.564000 2.158672 0.080000
v -0.564000 2.146672 0.080000
v -0.540000 2.165600 0.080000
v -0.540000 2.153600 0.080000
v -0.516000 2.172528 0.080000
v -0.516000 2.160528 0.080000
v -0.492000 2.158672 0.080000
v -0.492000 2.146672 0.080000
v -0.468000 2.165600 0.080000
v -0.468000 2.153600 0.080000
v -0.444000 2.172528 0.080000
v -0.444000 2.160528 0.080000
v -0.420000 2.158672 0.080000
v -0.420000 2.146672 0.080000
v -0.396000 2.165600 0.080000
v -0.396000 2.153600 0.080000
v -0.372000 2.172528 0.080000
v -0.372000 2.160528 0.080000
v -0.348000 2.158672 0.080000
v -0.348000 2.146672 0.080000
v -0.324000 2.165600 0.080000
v -0.324000 2.153600 0.080000
v -0.300000 2.172528 0.080000
v -0.300000 2.160528 0.080000
v -0.276000 2.158672 0.080000
v -0.276000 2.146672 0.080000
v -0.252000 2.165600 0.080000
v -0.252000 2.153600 0.080000
v -0.228000 2.172528 0.080000
v -0.228000 2.160528 0.080000
v -0.204000 2.158672 0.080000
v -0.204000 2.146672 0.080000
v -0.180000 2.165600 0.080000
v -0.180000 2.153600 0.080000
v -0.156000 2.172528 0.080000
v -0.156000 2.160528 0.080000
v -0.132000 2.158672 0.080000
v -0.132000 2.146672 0.080000
v -0.108000 2.165600 0.080000
v -0.108000 2.153600 0.080000
v -0.084000 2.172528 0.080000
v -0.084000 2.160528 0.080000
v -0.060000 2.158672 0.080000
v -0.060000 2.146672 0.080000
v -0.036000 2.165600 0.080000
v -0.036000 2.153600 0.080000
v -0.012000 2.172528 0.080000
v -0.012000 2.160528 0.080000
v 0.012000 2.158672 0.080000
v 0.012000 2.146672 0.080000
v 0.036000 2.165600 0.080000
v 0.036000 2.153600 0.080000
v 0.060000 2.172528 0.080000
v 0.060000 2.160528 0.080000
v 0.084000 2.158672 0.080000
v 0.084000 2.146672 0.080000
v 0.108000 2.165600 0.080000
v 0.108000 2.153600 0.080000
v 0.132000 2.172528 0.080000
v 0.132000 2.160528 0.080000
v 0.156000 2.158672 0.080000
v 0.156000 2.146672 0.080000
v 0.180000 2.165600 0.080000
v 0.180000 2.153600 0.080000
v 0.204000 2.172528 0.080000
v 0.204000 2.160528 0.080000
v 0.228000 2.158672 0.080000
v 0.228000 2.146672 0.080000
v 0.252000 2.165600 0.080000
v 0.252000 2.153600 0.080000
v 0.276000 2.172528 0.080000
v 0.276000 2.160528 0.080000
v 0.300000 2.158672 0.080000
v 0.300000 2.146672 0.080000
v 0.324000 2.165600 0.080000
v 0.324000 2.153600 0.080000
v 0.348000 2.172528 0.080000
v 0.348000 2.160528 0.080000
v 0.372000 2.158672 0.080000
v 0.372000 2.146672 0.080000
v 0.396000 2.165600 0.080000
v 0.396000 2.153600 0.080000
v 0.420000 2.172528 0.080000
v 0.420000 2.160528 0.080000
v 0.444000 2.158672 0.080000
v 0.444000 2.146672 0.080000
v 0.468000 2.165600 0.080000
v 0.468000 2.153600 0.080000
v 0.492000 2.172528 0.080000
v 0.492000 2.160528 0.080000
v 0.516000 2.158672 0.080000
v 0.516000 2.146672 0.080000
v 0.540000 2.165600 0.080000
v 0.540000 2.153600 0.080000
v 0.564000 2.172528 0.080000
v 0.564000 2.160528 0.080000
v 0.588000 2.158672 0.080000
v 0.588000 2.146672 0.080000
v 0.612000 2.165600 0.080000
v 0.612000 2.153600 0.080000
v 0.636000 2.172528 0.080000
v 0.636000 2.160528 0.080000
v 0.660000 2.158672 0.080000
v 0.660000 2.146672 0.080000
v 0.684000 2.165600 0.080000
v 0.684000 2.153600 0.080000
v 0.708000 2.172528 0.080000
v 0.708000 2.160528 0.080000
v 0.732000 2.158672 0.080000
v 0.732000 2.146672 0.080000
v 0.756000 2.165600 0.080000
v 0.756000 2.153600 0.080000
v 0.780000 2.172528 0.080000
v 0.780000 2.160528 0.080000
v 0.804000 2.158672 0.080000
v 0.804000 2.146672 0.080000
v 0.828000 2.165600 0.080000
v 0.828000 2.153600 0.080000
v 0.852000 2.172528 0.080000
v 0.852000 2.160528 0.080000
v 0.876000 2.158672 0.080000
v 0.876000 2.146672 0.080000
v 0.900000 2.165600 0.080000
v 0.900000 2.153600 0.080000
v -0.900000 2.156800 0.106667
v -0.900000 2.144800 0.106667
v -0.876000 2.163728 0.106667
v -0.876000 2.151728 0.106667
v -0.852000 2.149872 0.106667
v -0.852000 2.137872 0.106667
v -0.828000 2.156800 0.106667
v -0.828000 2.144800 0.106667
v -0.804000 2.163728 0.106667
v -0.804000 2.151728 0.106667
v -0.780000 2.149872 0.106667
v -0.780000 2.137872 0.106667
v -0.756000 2.156800 0.106667
v -0.756000 2.144800 0.106667
v -0.732000 2.163728 0.106667
v -0.732000 2.151728 0.106667
v -0.708000 2.149872 0.106667
v -0.708000 2.137872 0.106667
v -0.684000 2.156800 0.106667
v -0.684000 2.144800 0.106667
v -0.660000 2.163728 0.106667
v -0.660000 2.151728 0.106667
v -0.636000 2.149872 0.106667
v -0.636000 2.137872 0.106667
v -0.612000 2.156800 0.106667
v -0.612000 2.144800 0.106667
v -0.588000 2.163728 0.106667
v -0.588000 2.151728 0.106667
v -0.564000 2.149872 0.106667
v -0.564000 2.137872 0.106667
v -0.540000 2.156800 0.106667
v -0.540000 2.144800 0.106667
v -0.516000 2.163728 0.106667
v -0.516000 2.151728 0.106667
v -0.492000 2.149872 0.106667
v -0.492000 2.137872 0.106667
v -0.468000 2.156800 0.106667
v -0.468000 2.144800 0.106667
v -0.444000 2.163728 0.106667
v -0.444000 2.151728 0.106667
v -0.420000 2.149872 0.106667
v -0.420000 2.137872 0.106667
v -0.396000 2.156800 0.106667
v -0.396000 2.144800 0.106667
v -0.372000 2.163728 0.106667
v -0.372000 2.151728 0.106667
v -0.348000 2.149872 0.106667
v -0.348000 2.137872 0.106667
v -0.324000 2.156800 0.106667
v -0.324000 2.144800 0.106667
v -0.300000 2.163728 0.106667
v -0.300000 2.151728 0.106667
v -0.276000 2.149872 0.106667
v -0.276000 2.137872 0.106667
v -0.252000 2.156800 0.106667
v -0.252000 2.144800 0.106667
v -0.228000 2.163728 0.106667
v -0.228000 2.151728 0.106667
v -0.204000 2.149872 0.106667
v -0.204000 2.137872 0.106667
v -0.180000 2.156800 0.106667
v -0.180000 2.144800 0.106667
v -0.156000 2.163728 0.106667
v -0.156000 2.151728 0.106667
v -0.132000 2.149872 0.106667
v -0.132000 2.137872 0.106667
v -0.108000 2.156800 0.106667
v -0.108000 2.144800 0.106667
v -0.084000 2.163728 0.106667
v -0.084000 2.151728 0.106667
v -0.060000 2.149872 0.106667
v -0.060000 2.137872 0.106667
v -0.036000 2.156800 0.106667
v -0.036000 2.144800 0.106667
v -0.012000 2.163728 0.106667
v -0.012000 2.151728 0.106667
v 0.012000 2.149872 0.106667
v 0.012000 2.137872 0.106667
v 0.036000 2.156800 0.106667
v 0.036000 2.144800 0.106667
v 0.060000 2.163728 0.106667
v 0.060000 2.151728 0.106667
v 0.084000 2.149872 0.106667
v 0.084000 2.137872 0.106667
v 0.108000 2.156800 0.106667
v 0.108000 2.144800 0.106667
v 0.132000 2.163728 0.106667
v 0.132000 2.151728 0.106667
v 0.156000 2.149872 0.106667
v 0.156000 2.137872 0.106667
v 0.180000 2.156800 0.106667
v 0.180000 2.144800 0.106667
v 0.204000 2.163728 0.106667
v 0.204000 2.151728 0.106667
v 0.228000 2.149872 0.106667
v 0.228000 2.137872 0.106667
v 0.252000 2.156800 0.106667
v 0.252000 2.144800 0.106667
v 0.276000 2.163728 0.106667
v 0.276000 2.151728 0.106667
v 0.300000 2.149872 0.106667
v 0.300000 2.137872 0.106667
v 0.324000 2.156800 0.106667
v 0.324000 2.144800 0.106667
v 0.348000 2.163728 0.106667
v 0.348000 2.151728 0.106667
v 0.372000 2.149872 0.106667
v 0.372000 2.137872 0.106667
v 0.396000 2.156800 0.106667
v 0.396000 2.144800 0.106667
v 0.420000 2.163728 0.106667
v 0.420000 2.151728 0.106667
v 0.444000 2.149872 0.106667
v 0.444000 2.137872 0.106667
v 0.468000 2.156800 0.106667
v 0.468000 2.144800 0.106667
v 0.492000 2.163728 0.106667
v 0.492000 2.151728 0.106667
v 0.516000 2.149872 0.106667
v 0.516000 2.137872 0.106667
v 0.540000 2.156800 0.106667
v 0.540000 2.144800 0.106667
v 0.564000 2.163728 0.106667
v 0.564000 2.151728 0.106667
v 0.588000 2.149872 0.106667
v 0.588000 2.137872 0.106667
v 0.612000 2.156800 0.106667
v 0.612000 2.144800 0.106667
v 0.636000 2.163728 0.106667
v 0.636000 2.151728 0.106667
v 0.660000 2.149872 0.106667
v 0.660000 2.137872 0.106667
v 0.684000 2.156800 0.106667
v 0.684000 2.144800 0.106667
v 0.708000 2.163728 0.106667
v 0.708000 2.151728 0.106667
v 0.732000 2.149872 0.106667
v 0.732000 2.137872 0.106667
v 0.756000 2.156800 0.106667
v 0.756000 2.144800 0.106667
v 0.780000 2.163728 0.106667
v 0.780000 2.151728 0.106667
v 0.804000 2.149872 0.106667
v 0.804000 2.137872 0.106667
v 0.828000 2.156800 0.106667
v 0.828000 2.144800 0.106667
v 0.852000 2.163728 0.106667
v 0.852000 2.151728 0.106667
v 0.876000 2.149872 0.106667
v 0.876000 2.137872 0.106667
v 0.900000 2.156800 0.106667
v 0.900000 2.144800 0.106667
v -0.900000 2.148000 0.133333
v -0.900000 2.136000 0.133333
v -0.876000 2.154928 0.133333
v -0.876000 2.142928 0.133333
v -0.852000 2.141072 0.133333
v -0.852000 2.129072 0.133333
v -0.828000 2.148000 0.133333
v -0.828000 2.136000 0.133333
v -0.804000 2.154928 0.133333
v -0.804000 2.142928 0.133333
v -0.780000 2.141072 0.133333
v -0.780000 2.129072 0.133333
v -0.756000 2.148000 0.133333
v -0.756000 2.136000 0.133333
v -0.732000 2.154928 0.133333
v -0.732000 2.142928 0.133333
v -0.708000 2.141072 0.133333
v -0.708000 2.129072 0.133333
v -0.684000 2.148000 0.133333
v -0.684000 2.136000 0.133333
v -0.660000 2.154928 0.133333
v -0.660000 2.142928 0.133333
v -0.636000 2.141072 0.133333
v -0.636000 2.129072 0.133333
v -0.612000 2.148000 0.133333
v -0.612000 2.136000 0.133333
v -0.588000 2.154928 0.133333
v -0.588000 2.142928 0.133333
v -0.564000 2.141072 0.133333
v -0.564000 2.129072 0.133333
v -0.540000 2.148000 0.133333
v -0.540000 2.136000 0.133333
v -0.516000 2.154928 0.133333
v -0.516000 2.142928 0.133333
v -0.492000 2.141072 0.133333
v -0.492000 2.129072 0.133333
v -0.468000 2.148000 0.133333
v -0.468000 2.136000 0.133333
v -0.444000 2.154928 0.133333
v -0.444000 2.142928 0.133333
v -0.420000 2.141072 0.133333
v -0.420000 2.129072 0.133333
v -0.396000 2.148000 0.133333
v -0.396000 2.136000 0.133333
v -0.372000 2.154928 0.133333
v -0.372000 2.142928 0.133333
v -0.348000 2.141072 0.133333
v -0.348000 2.129072 0.133333
v -0.324000 2.148000 0.133333
v -0.324000 2.136000 0.133333
v -0.300000 2.154928 0.133333
v -0.300000 2.142928 0.133333
v -0.276000 2.141072 0.133333
v -0.276000 2.129072 0.133333
v -0.252000 2.148000 0.133333
v -0.252000 2.136000 0.133333
v -0.228000 2.154928 0.133333
v -0.228000 2.142928 0.133333
v -0.204000 2.141072 0.133333
v -0.204000 2.129072 0.133333
v -0.180000 2.148000 0.133333
v -0.180000 2.136000 0.133333
v -0.156000 2.154928 0.133333
v -0.156000 2.142928 0.133333
v -0.132000 2.141072 0.133333
v -0.132000 2.129072 0.133333
v -0.108000 2.148000 0.133333
v -0.108000 2.136000 0.133333
v -0.084000 2.154928 0.133333
v -0.084000 2.142928 0.133333
v -0.060000 2.141072 0.133333
v -0.060000 2.129072 0.133333
v -0.036000 2.148000 0.133333
v -0.036000 2.136000 0.133333
v -0.012000 2.154928 0.133333
v -0.012000 2.142928 0.133333
v 0.012000 2.141072 0.133333
v 0.012000 2.129072 0.133333
v 0.036000 2.148000 0.133333
v 0.036000 2.136000 0.133333
v 0.060000 2.154928 0.133333
v 0.060000 2.142928 0.133333
v 0.084000 2.141072 0.133333
v 0.084000 2.129072 0.133333
v 0.108000 2.148000 0.133333
v 0.108000 2.136000 0.133333
v 0.132000 2.154928 0.133333
v 0.132000 2.142928 0.133333
v 0.156000 2.141072 0.133333
v 0.156000 2.129072 0.133333
v 0.180000 2.148000 0.133333
v 0.180000 2.136000 0.133333
v 0.204000 2.154928 0.133333
v 0.204000 2.142928 0.133333
v 0.228000 2.141072 0.133333
v 0.228000 2.129072 0.133333
v 0.252000 2.148000 0.133333
v 0.252000 2.136000 0.133333
v 0.276000 2.154928 0.133333
v 0.276000 2.142928 0.133333
v 0.300000 2.141072 0.133333
v 0.300000 2.129072 0.133333
v 0.324000 2.148000 0.133333
v 0.324000 2.136000 0.133333
v 0.348000 2.154928 0.133333
v 0.348000 2.142928 0.133333
v 0.372000 2.141072 0.133333
v 0.372000 2.129072 0.133333
v 0.396000 2.148000 0.133333
v 0.396000 2.136000 0.133333
v 0.420000 2.154928 0.133333
v 0.420000 2.142928 0.133333
v 0.444000 2.141072 0.133333
v 0.444000 2.129072 0.133333
v 0.468000 2.148000 0.133333
v 0.468000 2.136000 0.133333
v 0.492000 2.154928 0.133333
v 0.492000 2.142928 0.133333
v 0.516000 2.141072 0.133333
v 0.516000 2.129072 0.133333
v 0.540000 2.148000 0.133333
v 0.540000 2.136000 0.133333
v 0.564000 2.154928 0.133333
v 0.564000 2.142928 0.133333
v 0.588000 2.141072 0.133333
v 0.588000 2.129072 0.133333
v 0.612000 2.148000 0.133333
v 0.612000 2.136000 0.133333
v 0.636000 2.154928 0.133333
v 0.636000 2.142928 0.133333
v 0.660000 2.141072 0.133333
v 0.660000 2.129072 0.133333
v 0.684000 2.148000 0.133333
v 0.684000 2.136000 0.133333
v 0.708000 2.154928 0.133333
v 0.708000 2.142928 0.133333
v 0.732000 2.141072 0.133333
v 0.732000 2.129072 0.133333
v 0.756000 2.148000 0.133333
v 0.756000 2.136000 0.133333
v 0.780000 2.154928 0.133333
v 0.780000 2.142928 0.133333
v 0.804000 2.141072 0.133333
v 0.804000 2.129072 0.133333
v 0.828000 2.148000 0.133333
v 0.828000 2.136000 0.133333
v 0.852000 2.154928 0.133333
v 0.852000 2.142928 0.133333
v 0.876000 2.141072 0.133333
v 0.876000 2.129072 0.133333
v 0.900000 2.148000 0.133333
v 0.900000 2.136000 0.133333
v -0.900000 2.139200 0.160000
v -0.900000 2.127200 0.160000
v -0.876000 2.146128 0.160000
v -0.876000 2.134128 0.160000
v -0.852000 2.132272 0.160000
v -0.852000 2.120272 0.160000
v -0.828000 2.139200 0.160000
v -0.828000 2.127200 0.160000
v -0.804000 2.146128 0.160000
v -0.804000 2.134128 0.160000
v -0.780000 2.132272 0.160000
v -0.780000 2.120272 0.160000
v -0.756000 2.139200 0.160000
v -0.756000 2.127200 0.160000
v -0.732000 2.146128 0.160000
v -0.732000 2.134128 0.160000
v -0.708000 2.132272 0.160000
v -0.708000 2.120272 0.160000
v -0.684000 2.139200 0.160000
v -0.684000 2.127200 0.160000
v -0.660000 2.146128 0.160000
v -0.660000 2.134128 0.160000
v -0.636000 2.132272 0.160000
v -0.636000 2.120272 0.160000
v -0.612000 2.139200 0.160000
v -0.612000 2.127200 0.160000
v -0.588000 2.146128 0.160000
v -0.588000 2.134128 0.160000
v -0.564000 2.132272 0.160000
v -0.564000 2.120272 0.160000
v -0.540000 2.139200 0.160000
v -0.540000 2.127200 0.160000
v -0.516000 2.146128 0.160000
v -0.516000 2.134128 0.160000
v -0.492000 2.132272 0.160000
v -0.492000 2.120272 0.160000
v -0.468000 2.139200 0.160000
v -0.468000 2.127200 0.160000
v -0.444000 2.146128 0.160000
v -0.444000 2.134128 0.160000
v -0.420000 2.132272 0.160000
v -0.420000 2.120272 0.160000
v -0.396000 2.139200 0.160000
v -0.396000 2.127200 0.160000
v -0.372000 2.146128 0.160000
v -0.372000 2.134128 0.160000
v -0.348000 2.132272 0.160000
v -0.348000 2.120272 0.160000
v -0.324000 2.139200 0.160000
v -0.324000 2.127200 0.160000
v -0.300000 2.146128 0.160000
v -0.300000 2.134128 0.160000
v -0.276000 2.132272 0.160000
v -0.276000 2.120272 0.160000
v -0.252000 2.139200 0.160000
v -0.252000 2.127200 0.160000
v -0.228000 2.146128 0.160000
v -0.228000 2.134128 0.160000
v -0.204000 2.132272 0.160000
v -0.204000 2.120272 0.160000
v -0.180000 2.139200 0.160000
v -0.180000 2.127200 0.160000
v -0.156000 2.146128 0.160000
v -0.156000 2.134128 0.160000
v -0.132000 2.132272 0.160000
v -0.132000 2.120272 0.160000
v -0.108000 2.139200 0.160000
v -0.108000 2.127200 0.160000
v -0.084000 2.146128 0.160000
v -0.084000 2.134128 0.160000
v -0.060000 2.132272 0.160000
v -0.060000 2.120272 0.160000
v -0.036000 2.139200 0.160000
v -0.036000 2.127200 0.160000
v -0.012000 2.146128 0.160000
v -0.012000 2.134128 0.160000
v 0.012000 2.132272 0.160000
v 0.012000 2.120272 0.160000
v 0.036000 2.139200 0.160000
v 0.036000 2.127200 0.160000
v 0.060000 2.146128 0.160000
v 0.060000 2.134128 0.160000
v 0.084000 2.132272 0.160000
v 0.084000 2.120272 0.160000
v 0.108000 2.139200 0.160000
v 0.108000 2.127200 0.160000
v 0.132000 2.146128 0.160000
v 0.132000 2.134128 0.160000
v 0.156000 2.132272 0.160000
v 0.156000 2.120272 0.160000
v 0.180000 2.139200 0.160000
v 0.180000 2.127200 0.160000
v 0.204000 2.146128 0.160000
v 0.204000 2.134128 0.160000
v 0.228000 2.132272 0.160000
v 0.228000 2.120272 0.160000
v 0.252000 2.139200 0.160000
v 0.252000 2.127200 0.160000
v 0.276000 2.146128 0.160000
v 0.276000 2.134128 0.160000
v 0.300000 2.132272 0.160000
v 0.300000 2.120272 0.160000
v 0.324000 2.139200 0.160000
v 0.324000 2.127200 0.160000
v 0.348000 2.146128 0.160000
v 0.348000 2.134128 0.160000
v 0.372000 2.132272 0.160000
v 0.372000 2.120272 0.160000
v 0.396000 2.139200 0.160000
v 0.396000 2.127200 0.160000
v 0.420000 2.146128 0.160000
v 0.420000 2.134128 0.160000
v 0.444000 2.132272 0.160000
v 0.444000 2.120272 0.160000
v 0.468000 2.139200 0.160000
v 0.468000 2.127200 0.160000
v 0.492000 2.146128 0.160000
v 0.492000 2.134128 0.160000
v 0.516000 2.132272 0.160000
v 0.516000 2.120272 0.160000
v 0.540000 2.139200 0.160000
v 0.540000 2.127200 0.160000
v 0.564000 2.146128 0.160000
v 0.564000 2.134128 0.160000
v 0.588000 2.132272 0.160000
v 0.588000 2.120272 0.160000
v 0.612000 2.139200 0.160000
v 0.612000 2.127200 0.160000
v 0.636000 2.146128 0.160000
v 0.636000 2.134128 0.160000
v 0.660000 2.132272 0.160000
v 0.660000 2.120272 0.160000
v 0.684000 2.139200 0.160000
v 0.684000 2.127200 0.160000
v 0.708000 2.146128 0.160000
v 0.708000 2.134128 0.160000
v 0.732000 2.132272 0.160000
v 0.732000 2.120272 0.160000
v 0.756000 2.139200 0.160000
v 0.756000 2.127200 0.160000
v 0.780000 2.146128 0.160000
v 0.780000 2.134128 0.160000
v 0.804000 2.132272 0.160000
v 0.804000 2.120272 0.160000
v 0.828000 2.139200 0.160000
v 0.828000 2.127200 0.160000
v 0.852000 2.146128 0.160000
v 0.852000 2.134128 0.160000
v 0.876000 2.132272 0.160000
v 0.876000 2.120272 0.160000
v 0.900000 2.139200 0.160000
v 0.900000 2.127200 0.160000
v -0.900000 2.130400 0.186667
v -0.900000 2.118400 0.186667
v -0.876000 2.137328 0.186667
v -0.876000 2.125328 0.186667
v -0.852000 2.123472 0.186667
v -0.852000 2.111472 0.186667
v -0.828000 2.130400 0.186667
v -0.828000 2.118400 0.186667
v -0.804000 2.137328 0.186667
v -0.804000 2.125328 0.186667
v -0.780000 2.123472 0.186667
v -0.780000 2.111472 0.186667
v -0.756000 2.130400 0.186667
v -0.756000 2.118400 0.186667
v -0.732000 2.137328 0.186667
v -0.732000 2.125328 0.186667
v -0.708000 2.123472 0.186667
v -0.708000 2.111472 0.186667
v -0.684000 2.130400 0.186667
v -0.684000 2.118400 0.186667
v -0.660000 2.137328 0.186667
v -0.660000 2.125328 0.186667
v -0.636000 2.123472 0.186667
v -0.636000 2.111472 0.186667
v -0.612000 2.130400 0.186667
v -0.612000 2.118400 0.186667
v -0.588000 2.137328 0.186667
v -0.588000 2.125328 0.186667
v -0.564000 2.123472 0.186667
v -0.564000 2.111472 0.186667
v -0.540000 2.130400 0.186667
v -0.540000 2.118400 0.186667
v -0.516000 2.137328 0.186667
v -0.516000 2.125328 0.186667
v -0.492000 2.123472 0.186667
v -0.492000 2.111472 0.186667
v -0.468000 2.130400 0.186667
v -0.468000 2.118400 0.186667
v -0.444000 2.137328 0.186667
v -0.444000 2.125328 0.186667
v -0.420000 2.123472 0.186667
v -0.420000 2.111472 0.186667
v -0.396000 2.130400 0.186667
v -0.396000 2.118400 0.186667
v -0.372000 2.137328 0.186667
v -0.372000 2.125328 0.186667
v -0.348000 2.123472 0.186667
v -0.348000 2.111472 0.186667
v -0.324000 2.130400 0.186667
v -0.324000 2.118400 0.186667
v -0.300000 2.137328 0.186667
v -0.300000 2.125328 0.186667
v -0.276000 2.123472 0.186667
v -0.276000 2.111472 0.186667
v -0.252000 2.130400 0.186667
v -0.252000 2.118400 0.186667
v -0.228000 2.137328 0.186667
v -0.228000 2.125328 0.186667
v -0.204000 2.123472 0.186667
v -0.204000 2.111472 0.186667
v -0.180000 2.130400 0.186667
v -0.180000 2.118400 0.186667
v -0.156000 2.137328 0.186667
v -0.156000 2.125328 0.186667
v -0.132000 2.123472 0.186667
v -0.132000 2.111472 0.186667
v -0.108000 2.130400 0.186667
v -0.108000 2.118400 0.186667
v -0.084000 2.137328 0.186667
v -0.084000 2.125328 0.186667
v -0.060000 2.123472 0.186667
v -0.060000 2.111472 0.186667
v -0.036000 2.130400 0.186667
v -0.036000 2.118400 0.186667
v -0.012000 2.137328 0.186667
v -0.012000 2.125328 0.186667
v 0.012000 2.123472 0.186667
v 0.012000 2.111472 0.186667
v 0.036000 2.130400 0.186667
v 0.036000 2.118400 0.186667
v 0.060000 2.137328 0.186667
v 0.060000 2.125328 0.186667
v 0.084000 2.123472 0.186667
v 0.084000 2.111472 0.186667
v 0.108000 2.130400 0.186667
v 0.108000 2.118400 0.186667
v 0.132000 2.137328 0.186667
v 0.132000 2.125328 0.186667
v 0.156000 2.123472 0.186667
v 0.156000 2.111472 0.186667
v 0.180000 2.130400 0.186667
v 0.180000 2.118400 0.186667
v 0.204000 2.137328 0.186667
v 0.204000 2.125328 0.186667
v 0.228000 2.123472 0.186667
v 0.228000 2.111472 0.186667
v 0.252000 2.130400 0.186667
v 0.252000 2.118400 0.186667
v 0.276000 2.137328 0.186667
v 0.276000 2.125328 0.186667
v 0.300000 2.123472 0.186667
v 0.300000 2.111472 0.186667
v 0.324000 2.130400 0.186667
v 0.324000 2.118400 0.186667
v 0.348000 2.137328 0.186667
v 0.348000 2.125328 0.186667
v 0.372000 2.123472 0.186667
v 0.372000 2.111472 0.186667
v 0.396000 2.130400 0.186667
v 0.396000 2.118400 0.186667
v 0.420000 2.137328 0.186667
v 0.420000 2.125328 0.186667
v 0.444000 2.123472 0.186667
v 0.444000 2.111472 0.186667
v 0.468000 2.130400 0.186667
v 0.468000 2.118400 0.186667
v 0.492000 2.137328 0.186667
v 0.492000 2.125328 0.186667
v 0.516000 2.123472 0.186667
v 0.516000 2.111472 0.186667
v 0.540000 2.130400 0.186667
v 0.540000 2.118400 0.186667
v 0.564000 2.137328 0.186667
v 0.564000 2.125328 0.186667
v 0.588000 2.123472 0.186667
v 0.588000 2.111472 0.186667
v 0.612000 2.130400 0.186667
v 0.612000 2.118400 0.186667
v 0.636000 2.137328 0.186667
v 0.636000 2.125328 0.186667
v 0.660000 2.123472 0.186667
v 0.660000 2.111472 0.186667
v 0.684000 2.130400 0.186667
v 0.684000 2.118400 0.186667
v 0.708000 2.137328 0.186667
v 0.708000 2.125328 0.186667
v 0.732000 2.123472 0.186667
v 0.732000 2.111472 0.186667
v 0.756000 2.130400 0.186667
v 0.756000 2.118400 0.186667
v 0.780000 2.137328 0.186667
v 0.780000 2.125328 0.186667
v 0.804000 2.123472 0.186667
v 0.804000 2.111472 0.186667
v 0.828000 2.130400 0.186667
v 0.828000 2.118400 0.186667
v 0.852000 2.137328 0.186667
v 0.852000 2.125328 0.186667
v 0.876000 2.123472 0.186667
v 0.876000 2.111472 0.186667
v 0.900000 2.130400 0.186667
v 0.900000 2.118400 0.186667
v -0.900000 2.121600 0.213333
v -0.900000 2.109600 0.213333
v -0.876000 2.128528 0.213333
v -0.876000 2.116528 0.213333
v -0.852000 2.114672 0.213333
v -0.852000 2.102672 0.213333
v -0.828000 2.121600 0.213333
v -0.828000 2.109600 0.213333
v -0.804000 2.128528 0.213333
v -0.804000 2.116528 0.213333
v -0.780000 2.114672 0.213333
v -0.780000 2.102672 0.213333
v -0.756000 2.121600 0.213333
v -0.756000 2.109600 0.213333
v -0.732000 2.128528 0.213333
v -0.732000 2.116528 0.213333
v -0.708000 2.114672 0.213333
v -0.708000 2.102672 0.213333
v -0.684000 2.121600 0.213333
v -0.684000 2.109600 0.213333
v -0.660000 2.128528 0.213333
v -0.660000 2.116528 0.213333
v -0.636000 2.114672 0.213333
v -0.636000 2.102672 0.213333
v -0.612000 2.121600 0.213333
v -0.612000 2.109600 0.213333
v -0.588000 2.128528 0.213333
v -0.588000 2.116528 0.213333
v -0.564000 2.114672 0.213333
v -0.564000 2.102672 0.213333
v -0.540000 2.121600 0.213333
v -0.540000 2.109600 0.213333
v -0.516000 2.128528 0.213333
v -0.516000 2.116528 0.213333
v -0.492000 2.114672 0.213333
v -0.492000 2.102672 0.213333
v -0.468000 2.121600 0.213333
v -0.468000 2.109600 0.213333
v -0.444000 2.128528 0.213333
v -0.444000 2.116528 0.213333
v -0.420000 2.114672 0.213333
v -0.420000 2.102672 0.213333
v -0.396000 2.121600 0.213333
v -0.396000 2.109600 0.213333
v -0.372000 2.128528 0.213333
v -0.372000 2.116528 0.213333
v -0.348000 2.114672 0.213333
v -0.348000 2.102672 0.213333
v -0.324000 2.121600 0.213333
v -0.324000 2.109600 0.213333
v -0.300000 2.128528 0.213333
v -0.300000 2.116528 0.213333
v -0.276000 2.114672 0.213333
v -0.276000 2.102672 0.213333
v -0.252000 2.121600 0.213333
v -0.252000 2.109600 0.213333
v -0.228000 2.128528 0.213333
v -0.228000 2.116528 0.213333
v -0.204000 2.114672 0.213333
v -0.204000 2.102672 0.213333
v -0.180000 2.121600 0.213333
v -0.180000 2.109600 0.213333
v -0.156000 2.128528 0.213333
v -0.156000 2.116528 0.213333
v -0.132000 2.114672 0.213333
v -0.132000 2.102672 0.213333
v -0.108000 2.121600 0.213333
v -0.108000 2.109600 0.213333
v -0.084000 2.128528 0.213333
v -0.084000 2.116528 0.213333
v -0.060000 2.114672 0.213333
v -0.060000 2.102672 0.213333
v -0.036000 2.121600 0.213333
v -0.036000 2.109600 0.213333
v -0.012000 2.128528 0.213333
v -0.012000 2.116528 0.213333
v 0.012000 2.114672 0.213333
v 0.012000 2.102672 0.213333
v 0.036000 2.121600 0.213333
v 0.036000 2.109600 0.213333
v 0.060000 2.128528 0.213333
v 0.060000 2.116528 0.213333
v 0.084000 2.114672 0.213333
v 0.084000 2.102672 0.213333
v 0.108000 2.121600 0.213333
v 0.108000 2.109600 0.213333
v 0.132000 2.128528 0.213333
v 0.132000 2.116528 0.213333
v 0.156000 2.114672 0.213333
v 0.156000 2.102672 0.213333
v 0.180000 2.121600 0.213333
v 0.180000 2.109600 0.213333
v 0.204000 2.128528 0.213333
v 0.204000 2.116528 0.213333
v 0.228000 2.114672 0.213333
v 0.228000 2.102672 0.213333
v 0.252000 2.121600 0.213333
v 0.252000 2.109600 0.213333
v 0.276000 2.128528 0.213333
v 0.276000 2.116528 0.213333
v 0.300000 2.114672 0.213333
v 0.300000 2.102672 0.213333
v 0.324000 2.121600 0.213333
v 0.324000 2.109600 0.213333
v 0.348000 2.128528 0.213333
v 0.348000 2.116528 0.213333
v 0.372000 2.114672 0.213333
v 0.372000 2.102672 0.213333
v 0.396000 2.121600 0.213333
v 0.396000 2.109600 0.213333
v 0.420000 2.128528 0.213333
v 0.420000 2.116528 0.213333
v 0.444000 2.114672 0.213333
v 0.444000 2.102672 0.213333
v 0.468000 2.121600 0.213333
v 0.468000 2.109600 0.213333
v 0.492000 2.128528 0.213333
v 0.492000 2.116528 0.213333
v 0.516000 2.114672 0.213333
v 0.516000 2.102672 0.213333
v 0.540000 2.121600 0.213333
v 0.540000 2.109600 0.213333
v 0.564000 2.128528 0.213333
v 0.564000 2.116528 0.213333
v 0.588000 2.114672 0.213333
v 0.588000 2.102672 0.213333
v 0.612000 2.121600 0.213333
v 0.612000 2.109600 0.213333
v 0.636000 2.128528 0.213333
v 0.636000 2.116528 0.213333
v 0.660000 2.114672 0.213333
v 0.660000 2.102672 0.213333
v 0.684000 2.121600 0.213333
v 0.684000 2.109600 0.213333
v 0.708000 2.128528 0.213333
v 0.708000 2.116528 0.213333
v 0.732000 2.114672 0.213333
v 0.732000 2.102672 0.213333
v 0.756000 2.121600 0.213333
v 0.756000 2.109600 0.213333
v 0.780000 2.128528 0.213333
v 0.780000 2.116528 0.213333
v 0.804000 2.114672 0.213333
v 0.804000 2.102672 0.213333
v 0.828000 2.121600 0.213333
v 0.828000 2.109600 0.213333
v 0.852000 2.128528 0.213333
v 0.852000 2.116528 0.213333
v 0.876000 2.114672 0.213333
v 0.876000 2.102672 0.213333
v 0.900000 2.121600 0.213333
v 0.900000 2.109600 0.213333
v -0.900000 2.112800 0.240000
v -0.900000 2.100800 0.240000
v -0.876000 2.119728 0.240000
v -0.876000 2.107728 0.240000
v -0.852000 2.105872 0.240000
v -0.852000 2.093872 0.240000
v -0.828000 2.112800 0.240000
v -0.828000 2.100800 0.240000
v -0.804000 2.119728 0.240000
v -0.804000 2.107728 0.240000
v -0.780000 2.105872 0.240000
v -0.780000 2.093872 0.240000
v -0.756000 2.112800 0.240000
v -0.756000 2.100800 0.240000
v -0.732000 2.119728 0.240000
v -0.732000 2.107728 0.240000
v -0.708000 2.105872 0.240000
v -0.708000 2.093872 0.240000
v -0.684000 2.112800 0.240000
v -0.684000 2.100800 0.240000
v -0.660000 2.119728 0.240000
v -0.660000 2.107728 0.240000
v -0.636000 2.105872 0.240000
v -0.636000 2.093872 0.240000
v -0.612000 2.112800 0.240000
v -0.612000 2.100800 0.240000
v -0.588000 2.119728 0.240000
v -0.588000 2.107728 0.240000
v -0.564000 2.105872 0.240000
v -0.564000 2.093872 0.240000
v -0.540000 2.112800 0.240000
v -0.540000 2.100800 0.240000
v -0.516000 2.119728 0.240000
v -0.516000 2.107728 0.240000
v -0.492000 2.105872 0.240000
v -0.492000 2.093872 0.240000
v -0.468000 2.112800 0.240000
v -0.468000 2.100800 0.240000
v -0.444000 2.119728 0.240000
v -0.444000 2.107728 0.240000
v -0.420000 2.105872 0.240000
v -0.420000 2.093872 0.240000
v -0.396000 2.112800 0.240000
v -0.396000 2.100800 0.240000
v -0.372000 2.119728 0.240000
v -0.372000 2.107728 0.240000
v -0.348000 2.105872 0.240000
v -0.348000 2.093872 0.240000
v -0.324000 2.112800 0.240000
v -0.324000 2.100800 0.240000
v -0.300000 2.119728 0.240000
v -0.300000 2.107728 0.240000
v -0.276000 2.105872 0.240000
v -0.276000 2.093872 0.240000
v -0.252000 2.112800 0.240000
v -0.252000 2.100800 0.240000
v -0.228000 2.119728 0.240000
v -0.228000 2.107728 0.240000
v -0.204000 2.105872 0.240000
v -0.204000 2.093872 0.240000
v -0.180000 2.112800 0.240000
v -0.180000 2.100800 0.240000
v -0.156000 2.119728 0.240000
v -0.156000 2.107728 0.240000
v -0.132000 2.105872 0.240000
v -0.132000 2.093872 0.240000
v -0.108000 2.112800 0.240000
v -0.108000 2.100800 0.240000
v -0.084000 2.119728 0.240000
v -0.084000 2.107728 0.240000
v -0.060000 2.105872 0.240000
v -0.060000 2.093872 0.240000
v -0.036000 2.112800 0.240000
v -0.036000 2.100800 0.240000
v -0.012000 2.119728 0.240000
v -0.012000 2.107728 0.240000
v 0.012000 2.105872 0.240000
v 0.012000 2.093872 0.240000
v 0.036000 2.112800 0.240000
v 0.036000 2.100800 0.240000
v 0.060000 2.119728 0.240000
v 0.060000 2.107728 0.240000
v 0.084000 2.105872 0.240000
v 0.084000 2.093872 0.240000
v 0.108000 2.112800 0.240000
v 0.108000 2.100800 0.240000
v 0.132000 2.119728 0.240000
v 0.132000 2.107728 0.240000
v 0.156000 2.105872 0.240000
v 0.156000 2.093872 0.240000
v 0.180000 2.112800 0.240000
v 0.180000 2.100800 0.240000
v 0.204000 2.119728 0.240000
v 0.204000 2.107728 0.240000
v 0.228000 2.105872 0.240000
v 0.228000 2.093872 0.240000
v 0.252000 2.112800 0.240000
v 0.252000 2.100800 0.240000
v 0.276000 2.119728 0.240000
v 0.276000 2.107728 0.240000
v 0.300000 2.105872 0.240000
v 0.300000 2.093872 0.240000
v 0.324000 2.112800 0.240000
v 0.324000 2.100800 0.240000
v 0.348000 2.119728 0.240000
v 0.348000 2.107728 0.240000
v 0.372000 2.105872 0.240000
v 0.372000 2.093872 0.240000
v 0.396000 2.112800 0.240000
v 0.396000 2.100800 0.240000
v 0.420000 2.119728 0.240000
v 0.420000 2.107728 0.240000
v 0.444000 2.105872 0.240000
v 0.444000 2.093872 0.240000
v 0.468000 2.112800 0.240000
v 0.468000 2.100800 0.240000
v 0.492000 2.119728 0.240000
v 0.492000 2.107728 0.240000
v 0.516000 2.105872 0.240000
v 0.516000 2.093872 0.240000
v 0.540000 2.112800 0.240000
v 0.540000 2.100800 0.240000
v 0.564000 2.119728 0.240000
v 0.564000 2.107728 0.240000
v 0.588000 2.105872 0.240000
v 0.588000 2.093872 0.240000
v 0.612000 2.112800 0.240000
v 0.612000 2.100800 0.240000
v 0.636000 2.119728 0.240000
v 0.636000 2.107728 0.240000
v 0.660000 2.105872 0.240000
v 0.660000 2.093872 0.240000
v 0.684000 2.112800 0.240000
v 0.684000 2.100800 0.240000
v 0.708000 2.119728 0.240000
v 0.708000 2.107728 0.240000
v 0.732000 2.105872 0.240000
v 0.732000 2.093872 0.240000
v 0.756000 2.112800 0.240000
v 0.756000 2.100800 0.240000
v 0.780000 2.119728 0.240000
v 0.780000 2.107728 0.240000
v 0.804000 2.105872 0.240000
v 0.804000 2.093872 0.240000
v 0.828000 2.112800 0.240000
v 0.828000 2.100800 0.240000
v 0.852000 2.119728 0.240000
v 0.852000 2.107728 0.240000
v 0.876000 2.105872 0.240000
v 0.876000 2.093872 0.240000
v 0.900000 2.112800 0.240000
v 0.900000 2.100800 0.240000
v -0.900000 2.104000 0.266667
v -0.900000 2.092000 0.266667
v -0.876000 2.110928 0.266667
v -0.876000 2.098928 0.266667
v -0.852000 2.097072 0.266667
v -0.852000 2.085072 0.266667
v -0.828000 2.104000 0.266667
v -0.828000 2.092000 0.266667
v -0.804000 2.110928 0.266667
v -0.804000 2.098928 0.266667
v -0.780000 2.097072 0.266667
v -0.780000 2.085072 0.266667
v -0.756000 2.104000 0.266667
v -0.756000 2.092000 0.266667
v -0.732000 2.110928 0.266667
v -0.732000 2.098928 0.266667
v -0.708000 2.097072 0.266667
v -0.708000 2.085072 0.266667
v -0.684000 2.104000 0.266667
v -0.684000 2.092000 0.266667
v -0.660000 2.110928 0.266667
v -0.660000 2.098928 0.266667
v -0.636000 2.097072 0.266667
v -0.636000 2.085072 0.266667
v -0.612000 2.104000 0.266667
v -0.612000 2.092000 0.266667
v -0.588000 2.110928 0.266667
v -0.588000 2.098928 0.266667
v -0.564000 2.097072 0.266667
v -0.564000 2.085072 0.266667
v -0.540000 2.104000 0.266667
v -0.540000 2.092000 0.266667
v -0.516000 2.110928 0.266667
v -0.516000 2.098928 0.266667
v -0.492000 2.097072 0.266667
v -0.492000 2.085072 0.266667
v -0.468000 2.104000 0.266667
v -0.468000 2.092000 0.266667
v -0.444000 2.110928 0.266667
v -0.444000 2.098928 0.266667
v -0.420000 2.097072 0.266667
v -0.420000 2.085072 0.266667
v -0.396000 2.104000 0.266667
v -0.396000 2.092000 0.266667
v -0.372000 2.110928 0.266667
v -0.372000 2.098928 0.266667
v -0.348000 2.097072 0.266667
v -0.348000 2.085072 0.266667
v -0.324000 2.104000 0.266667
v -0.324000 2.092000 0.266667
v -0.300000 2.110928 0.266667
v -0.300000 2.098928 0.266667
v -0.276000 2.097072 0.266667
v -0.276000 2.085072 0.266667
v -0.252000 2.104000 0.266667
v -0.252000 2.092000 0.266667
v -0.228000 2.110928 0.266667
v -0.228000 2.098928 0.266667
v -0.204000 2.097072 0.266667
v -0.204000 2.085072 0.266667
v -0.180000 2.104000 0.266667
v -0.180000 2.092000 0.266667
v -0.156000 2.110928 0.266667
v -0.156000 2.098928 0.266667
v -0.132000 2.097072 0.266667
v -0.132000 2.085072 0.266667
v -0.108000 2.104000 0.266667
v -0.108000 2.092000 0.266667
v -0.084000 2.110928 0.266667
v -0.084000 2.098928 0.266667
v -0.060000 2.097072 0.266667
v -0.060000 2.085072 0.266667
v -0.036000 2.104000 0.266667
v -0.036000 2.092000 0.266667
v -0.012000 2.110928 0.266667
v -0.012000 2.098928 0.266667
v 0.012000 2.097072 0.266667
v 0.012000 2.085072 0.266667
v 0.036000 2.104000 0.266667
v 0.036000 2.092000 0.266667
v 0.060000 2.110928 0.266667
v 0.060000 2.098928 0.266667
v 0.084000 2.097072 0.266667
v 0.084000 2.085072 0.266667
v 0.108000 2.104000 0.266667
v 0.108000 2.092000 0.266667
v 0.132000 2.110928 0.266667
v 0.132000 2.098928 0.266667
v 0.156000 2.097072 0.266667
v 0.156000 2.085072 0.266667
v 0.180000 2.104000 0.266667
v 0.180000 2.092000 0.266667
v 0.204000 2.110928 0.266667
v 0.204000 2.098928 0.266667
v 0.228000 2.097072 0.266667
v 0.228000 2.085072 0.266667
v 0.252000 2.104000 0.266667
v 0.252000 2.092000 0.266667
v 0.276000 2.110928 0.266667
v 0.276000 2.098928 0.266667
v 0.300000 2.097072 0.266667
v 0.300000 2.085072 0.266667
v 0.324000 2.104000 0.266667
v 0.324000 2.092000 0.266667
v 0.348000 2.110928 0.266667
v 0.348000 2.098928 0.266667
v 0.372000 2.097072 0.266667
v 0.372000 2.085072 0.266667
v 0.396000 2.104000 0.266667
v 0.396000 2.092000 0.266667
v 0.420000 2.110928 0.266667
v 0.420000 2.098928 0.266667
v 0.444000 2.097072 0.266667
v 0.444000 2.085072 0.266667
v 0.468000 2.104000 0.266667
v 0.468000 2.092000 0.266667
v 0.492000 2.110928 0.266667
v 0.492000 2.098928 0.266667
v 0.516000 2.097072 0.266667
v 0.516000 2.085072 0.266667
v 0.540000 2.104000 0.266667
v 0.540000 2.092000 0.266667
v 0.564000 2.110928 0.266667
v 0.564000 2.098928 0.266667
v 0.588000 2.097072 0.266667
v 0.588000 2.085072 0.266667
v 0.612000 2.104000 0.266667
v 0.612000 2.092000 0.266667
v 0.636000 2.110928 0.266667
v 0.636000 2.098928 0.266667
v 0.660000 2.097072 0.266667
v 0.660000 2.085072 0.266667
v 0.684000 2.104000 0.266667
v 0.684000 2.092000 0.266667
v 0.708000 2.110928 0.266667
v 0.708000 2.098928 0.266667
v 0.732000 2.097072 0.266667
v 0.732000 2.085072 0.266667
v 0.756000 2.104000 0.266667
v 0.756000 2.092000 0.266667
v 0.780000 2.110928 0.266667
v 0.780000 2.098928 0.266667
v 0.804000 2.097072 0.266667
v 0.804000 2.085072 0.266667
v 0.828000 2.104000 0.266667
v 0.828000 2.092000 0.266667
v 0.852000 2.110928 0.266667
v 0.852000 2.098928 0.266667
v 0.876000 2.097072 0.266667
v 0.876000 2.085072 0.266667
v 0.900000 2.104000 0.266667
v 0.900000 2.092000 0.266667
v -0.900000 2.095200 0.293333
v -0.900000 2.083200 0.293333
v -0.876000 2.102128 0.293333
v -0.876000 2.090128 0.293333
v -0.852000 2.088272 0.293333
v -0.852000 2.076272 0.293333
v -0.828000 2.095200 0.293333
v -0.828000 2.083200 0.293333
v -0.804000 2.102128 0.293333
v -0.804000 2.090128 0.293333
v -0.780000 2.088272 0.293333
v -0.780000 2.076272 0.293333
v -0.756000 2.095200 0.293333
v -0.756000 2.083200 0.293333
v -0.732000 2.102128 0.293333
v -0.732000 2.090128 0.293333
v -0.708000 2.088272 0.293333
v -0.708000 2.076272 0.293333
v -0.684000 2.095200 0.293333
v -0.684000 2.083200 0.293333
v -0.660000 2.102128 0.293333
v -0.660000 2.090128 0.293333
v -0.636000 2.088272 0.293333
v -0.636000 2.076272 0.293333
v -0.612000 2.095200 0.293333
v -0.612000 2.083200 0.293333
v -0.588000 2.102128 0.293333
v -0.588000 2.090128 0.293333
v -0.564000 2.088272 0.293333
v -0.564000 2.076272 0.293333
v -0.540000 2.095200 0.293333
v -0.540000 2.083200 0.293333
v -0.516000 2.102128 0.293333
v -0.516000 2.090128 0.293333
v -0.492000 2.088272 0.293333
v -0.492000 2.076272 0.293333
v -0.468000 2.095200 0.293333
v -0.468000 2.083200 0.293333
v -0.444000 2.102128 0.293333
v -0.444000 2.090128 0.293333
v -0.420000 2.088272 0.293333
v -0.420000 2.076272 0.293333
v -0.396000 2.095200 0.293333
v -0.396000 2.083200 0.293333
v -0.372000 2.102128 0.293333
v -0.372000 2.090128 0.293333
v -0.348000 2.088272 0.293333
v -0.348000 2.076272 0.293333
v -0.324000 2.095200 0.293333
v -0.324000 2.083200 0.293333
v -0.300000 2.102128 0.293333
v -0.300000 2.090128 0.293333
v -0.276000 2.088272 0.293333
v -0.276000 2.076272 0.293333
v -0.252000 2.095200 0.293333
v -0.252000 2.083200 0.293333
v -0.228000 2.102128 0.293333
v -0.228000 2.090128 0.293333
v -0.204000 2.088272 0.293333
v -0.204000 2.076272 0.293333
v -0.180000 2.095200 0.293333
v -0.180000 2.083200 0.293333
v -0.156000 2.102128 0.293333
v -0.156000 2.090128 0.293333
v -0.132000 2.088272 0.293333
v -0.132000 2.076272 0.293333
v -0.108000 2.095200 0.293333
v -0.108000 2.083200 0.293333
v -0.084000 2.102128 0.293333
v -0.084000 2.090128 0.293333
v -0.060000 2.088272 0.293333
v -0.060000 2.076272 0.293333
v -0.036000 2.095200 0.293333
v -0.036000 2.083200 0.293333
v -0.012000 2.102128 0.293333
v -0.012000 2.090128 0.293333
v 0.012000 2.088272 0.293333
v 0.012000 2.076272 0.293333
v 0.036000 2.095200 0.293333
v 0.036000 2.083200 0.293333
v 0.060000 2.102128 0.293333
v 0.060000 2.090128 0.293333
v 0.084000 2.088272 0.293333
v 0.084000 2.076272 0.293333
v 0.108000 2.095200 0.293333
v 0.108000 2.083200 0.293333
v 0.132000 2.102128 0.293333
v 0.132000 2.090128 0.293333
v 0.156000 2.088272 0.293333
v 0.156000 2.076272 0.293333
v 0.180000 2.095200 0.293333
v 0.180000 2.083200 0.293333
v 0.204000 2.102128 0.293333
v 0.204000 2.090128 0.293333
v 0.228000 2.088272 0.293333
v 0.228000 2.076272 0.293333
v 0.252000 2.095200 0.293333
v 0.252000 2.083200 0.293333
v 0.276000 2.102128 0.293333
v 0.276000 2.090128 0.293333
v 0.300000 2.088272 0.293333
v 0.300000 2.076272 0.293333
v 0.324000 2.095200 0.293333
v 0.324000 2.083200 0.293333
v 0.348000 2.102128 0.293333
v 0.348000 2.090128 0.293333
v 0.372000 2.088272 0.293333
v 0.372000 2.076272 0.293333
v 0.396000 2.095200 0.293333
v 0.396000 2.083200 0.293333
v 0.420000 2.102128 0.293333
v 0.420000 2.090128 0.293333
v 0.444000 2.088272 0.293333
v 0.444000 2.076272 0.293333
v 0.468000 2.095200 0.293333
v 0.468000 2.083200 0.293333
v 0.492000 2.102128 0.293333
v 0.492000 2.090128 0.293333
v 0.516000 2.088272 0.293333
v 0.516000 2.076272 0.293333
v 0.540000 2.095200 0.293333
v 0.540000 2.083200 0.293333
v 0.564000 2.102128 0.293333
v 0.564000 2.090128 0.293333
v 0.588000 2.088272 0.293333
v 0.588000 2.076272 0.293333
v 0.612000 2.095200 0.293333
v 0.612000 2.083200 0.293333
v 0.636000 2.102128 0.293333
v 0.636000 2.090128 0.293333
v 0.660000 2.088272 0.293333
v 0.660000 2.076272 0.293333
v 0.684000 2.095200 0.293333
v 0.684000 2.083200 0.293333
v 0.708000 2.102128 0.293333
v 0.708000 2.090128 0.293333
v 0.732000 2.088272 0.293333
v 0.732000 2.076272 0.293333
v 0.756000 2.095200 0.293333
v 0.756000 2.083200 0.293333
v 0.780000 2.102128 0.293333
v 0.780000 2.090128 0.293333
v 0.804000 2.088272 0.293333
v 0.804000 2.076272 0.293333
v 0.828000 2.095200 0.293333
v 0.828000 2.083200 0.293333
v 0.852000 2.102128 0.293333
v 0.852000 2.090128 0.293333
v 0.876000 2.088272 0.293333
v 0.876000 2.076272 0.293333
v 0.900000 2.095200 0.293333
v 0.900000 2.083200 0.293333
v -0.900000 2.086400 0.320000
v -0.900000 2.074400 0.320000
v -0.876000 2.093328 0.320000
v -0.876000 2.081328 0.320000
v -0.852000 2.079472 0.320000
v -0.852000 2.067472 0.320000
v -0.828000 2.086400 0.320000
v -0.828000 2.074400 0.320000
v -0.804000 2.093328 0.320000
v -0.804000 2.081328 0.320000
v -0.780000 2.079472 0.320000
v -0.780000 2.067472 0.320000
v -0.756000 2.086400 0.320000
v -0.756000 2.074400 0.320000
v -0.732000 2.093328 0.320000
v -0.732000 2.081328 0.320000
v -0.708000 2.079472 0.320000
v -0.708000 2.067472 0.320000
v -0.684000 2.086400 0.320000
v -0.684000 2.074400 0.320000
v -0.660000 2.093328 0.320000
v -0.660000 2.081328 0.320000
v -0.636000 2.079472 0.320000
v -0.636000 2.067472 0.320000
v -0.612000 2.086400 0.320000
v -0.612000 2.074400 0.320000
v -0.588000 2.093328 0.320000
v -0.588000 2.081328 0.320000
v -0.564000 2.079472 0.320000
v -0.564000 2.067472 0.320000
v -0.540000 2.086400 0.320000
v -0.540000 2.074400 0.320000
v -0.516000 2.093328 0.320000
v -0.516000 2.081328 0.320000
v -0.492000 2.079472 0.320000
v -0.492000 2.067472 0.320000
v -0.468000 2.086400 0.320000
v -0.468000 2.074400 0.320000
v -0.444000 2.093328 0.320000
v -0.444000 2.081328 0.320000
v -0.420000 2.079472 0.320000
v -0.420000 2.067472 0.320000
v -0.396000 2.086400 0.320000
v -0.396000 2.074400 0.320000
v -0.372000 2.093328 0.320000
v -0.372000 2.081328 0.320000
v -0.348000 2.079472 0.320000
v -0.348000 2.067472 0.320000
v -0.324000 2.086400 0.320000
v -0.324000 2.074400 0.320000
v -0.300000 2.093328 0.320000
v -0.300000 2.081328 0.320000
v -0.276000 2.079472 0.320000
v -0.276000 2.067472 0.320000
v -0.252000 2.086400 0.320000
v -0.252000 2.074400 0.320000
v -0.228000 2.093328 0.320000
v -0.228000 2.081328 0.320000
v -0.204000 2.079472 0.320000
v -0.204000 2.067472 0.320000
v -0.180000 2.086400 0.320000
v -0.180000 2.074400 0.320000
v -0.156000 2.093328 0.320000
v -0.156000 2.081328 0.320000
v -0.132000 2.079472 0.320000
v -0.132000 2.067472 0.320000
v -0.108000 2.086400 0.320000
v -0.108000 2.074400 0.320000
v -0.084000 2.093328 0.320000
v -0.084000 2.081328 0.320000
v -0.060000 2.079472 0.320000
v -0.060000 2.067472 0.320000
v -0.036000 2.086400 0.320000
v -0.036000 2.074400 0.320000
v -0.012000 2.093328 0.320000
v -0.012000 2.081328 0.320000
v 0.012000 2.079472 0.320000
v 0.012000 2.067472 0.320000
v 0.036000 2.086400 0.320000
v 0.036000 2.074400 0.320000
v 0.060000 2.093328 0.320000
v 0.060000 2.081328 0.320000
v 0.084000 2.079472 0.320000
v 0.084000 2.067472 0.320000
v 0.108000 2.086400 0.320000
v 0.108000 2.074400 0.320000
v 0.132000 2.093328 0.320000
v 0.132000 2.081328 0.320000
v 0.156000 2.079472 0.320000
v 0.156000 2.067472 0.320000
v 0.180000 2.086400 0.320000
v 0.180000 2.074400 0.320000
v 0.204000 2.093328 0.320000
v 0.204000 2.081328 0.320000
v 0.228000 2.079472 0.320000
v 0.228000 2.067472 0.320000
v 0.252000 2.086400 0.320000
v 0.252000 2.074400 0.320000
v 0.276000 2.093328 0.320000
v 0.276000 2.081328 0.320000
v 0.300000 2.079472 0.320000
v 0.300000 2.067472 0.320000
v 0.324000 2.086400 0.320000
v 0.324000 2.074400 0.320000
v 0.348000 2.093328 0.320000
v 0.348000 2.081328 0.320000
v 0.372000 2.079472 0.320000
v 0.372000 2.067472 0.320000
v 0.396000 2.086400 0.320000
v 0.396000 2.074400 0.320000
v 0.420000 2.093328 0.320000
v 0.420000 2.081328 0.320000
v 0.444000 2.079472 0.320000
v 0.444000 2.067472 0.320000
v 0.468000 2.086400 0.320000
v 0.468000 2.074400 0.320000
v 0.492000 2.093328 0.320000
v 0.492000 2.081328 0.320000
v 0.516000 2.079472 0.320000
v 0.516000 2.067472 0.320000
v 0.540000 2.086400 0.320000
v 0.540000 2.074400 0.320000
v 0.564000 2.093328 0.320000
v 0.564000 2.081328 0.320000
v 0.588000 2.079472 0.320000
v 0.588000 2.067472 0.320000
v 0.612000 2.086400 0.320000
v 0.612000 2.074400 0.320000
v 0.636000 2.093328 0.320000
v 0.636000 2.081328 0.320000
v 0.660000 2.079472 0.320000
v 0.660000 2.067472 0.320000
v 0.684000 2.086400 0.320000
v 0.684000 2.074400 0.320000
v 0.708000 2.093328 0.320000
v 0.708000 2.081328 0.320000
v 0.732000 2.079472 0.320000
v 0.732000 2.067472 0.320000
v 0.756000 2.086400 0.320000
v 0.756000 2.074400 0.320000
v 0.780000 2.093328 0.320000
v 0.780000 2.081328 0.320000
v 0.804000 2.079472 0.320000
v 0.804000 2.067472 0.320000
v 0.828000 2.086400 0.320000
v 0.828000 2.074400 0.320000
v 0.852000 2.093328 0.320000
v 0.852000 2.081328 0.320000
v 0.876000 2.079472 0.320000
v 0.876000 2.067472 0.320000
v 0.900000 2.086400 0.320000
v 0.900000 2.074400 0.320000
v -0.900000 2.077600 0.346667
v -0.900000 2.065600 0.346667
v -0.876000 2.084528 0.346667
v -0.876000 2.072528 0.346667
v -0.852000 2.070672 0.346667
v -0.852000 2.058672 0.346667
v -0.828000 2.077600 0.346667
v -0.828000 2.065600 0.346667
v -0.804000 2.084528 0.346667
v -0.804000 2.072528 0.346667
v -0.780000 2.070672 0.346667
v -0.780000 2.058672 0.346667
v -0.756000 2.077600 0.346667
v -0.756000 2.065600 0.346667
v -0.732000 2.084528 0.346667
v -0.732000 2.072528 0.346667
v -0.708000 2.070672 0.346667
v -0.708000 2.058672 0.346667
v -0.684000 2.077600 0.346667
v -0.684000 2.065600 0.346667
v -0.660000 2.084528 0.346667
v -0.660000 2.072528 0.346667
v -0.636000 2.070672 0.346667
v -0.636000 2.058672 0.346667
v -0.612000 2.077600 0.346667
v -0.612000 2.065600 0.346667
v -0.588000 2.084528 0.346667
v -0.588000 2.072528 0.346667
v -0.564000 2.070672 0.346667
v -0.564000 2.058672 0.346667
v -0.540000 2.077600 0.346667
v -0.540000 2.065600 0.346667
v -0.516000 2.084528 0.346667
v -0.516000 2.072528 0.346667
v -0.492000 2.070672 0.346667
v -0.492000 2.058672 0.346667
v -0.468000 2.077600 0.346667
v -0.468000 2.065600 0.346667
v -0.444000 2.084528 0.346667
v -0.444000 2.072528 0.346667
v -0.420000 2.070672 0.346667
v -0.420000 2.058672 0.346667
v -0.396000 2.077600 0.346667
v -0.396000 2.065600 0.346667
v -0.372000 2.084528 0.346667
v -0.372000 2.072528 0.346667
v -0.348000 2.070672 0.346667
v -0.348000 2.058672 0.346667
v -0.324000 2.077600 0.346667
v -0.324000 2.065600 0.346667
v -0.300000 2.084528 0.346667
v -0.300000 2.072528 0.346667
v -0.276000 2.070672 0.346667
v -0.276000 2.058672 0.346667
v -0.252000 2.077600 0.346667
v -0.252000 2.065600 0.346667
v -0.228000 2.084528 0.346667
v -0.228000 2.072528 0.346667
v -0.204000 2.070672 0.346667
v -0.204000 2.058672 0.346667
v -0.180000 2.077600 0.346667
v -0.180000 2.065600 0.346667
v -0.156000 2.084528 0.346667
v -0.156000 2.072528 0.346667
v -0.132000 2.070672 0.346667
v -0.132000 2.058672 0.346667
v -0.108000 2.077600 0.346667
v -0.108000 2.065600 0.346667
v -0.084000 2.084528 0.346667
v -0.084000 2.072528 0.346667
v -0.060000 2.070672 0.346667
v -0.060000 2.058672 0.346667
v -0.036000 2.077600 0.346667
v -0.036000 2.065600 0.346667
v -0.012000 2.084528 0.346667
v -0.012000 2.072528 0.346667
v 0.012000 2.070672 0.346667
v 0.012000 2.058672 0.346667
v 0.036000 2.077600 0.346667
v 0.036000 2.065600 0.346667
v 0.060000 2.084528 0.346667
v 0.060000 2.072528 0.346667
v 0.084000 2.070672 0.346667
v 0.084000 2.058672 0.346667
v 0.108000 2.077600 0.346667
v 0.108000 2.065600 0.346667
v 0.132000 2.084528 0.346667
v 0.132000 2.072528 0.346667
v 0.156000 2.070672 0.346667
v 0.156000 2.058672 0.346667
v 0.180000 2.077600 0.346667
v 0.180000 2.065600 0.346667
v 0.204000 2.084528 0.346667
v 0.204000 2.072528 0.346667
v 0.228000 2.070672 0.346667
v 0.228000 2.058672 0.346667
v 0.252000 2.077600 0.346667
v 0.252000 2.065600 0.346667
v 0.276000 2.084528 0.346667
v 0.276000 2.072528 0.346667
v 0.300000 2.070672 0.346667
v 0.300000 2.058672 0.346667
v 0.324000 2.077600 0.346667
v 0.324000 2.065600 0.346667
v 0.348000 2.084528 0.346667
v 0.348000 2.072528 0.346667
v 0.372000 2.070672 0.346667
v 0.372000 2.058672 0.346667
v 0.396000 2.077600 0.346667
v 0.396000 2.065600 0.346667
v 0.420000 2.084528 0.346667
v 0.420000 2.072528 0.346667
v 0.444000 2.070672 0.346667
v 0.444000 2.058672 0.346667
v 0.468000 2.077600 0.346667
v 0.468000 2.065600 0.346667
v 0.492000 2.084528 0.346667
v 0.492000 2.072528 0.346667
v 0.516000 2.070672 0.346667
v 0.516000 2.058672 0.346667
v 0.540000 2.077600 0.346667
v 0.540000 2.065600 0.346667
v 0.564000 2.084528 0.346667
v 0.564000 2.072528 0.346667
v 0.588000 2.070672 0.346667
v 0.588000 2.058672 0.346667
v 0.612000 2.077600 0.346667
v 0.612000 2.065600 0.346667
v 0.636000 2.084528 0.346667
v 0.636000 2.072528 0.346667
v 0.660000 2.070672 0.346667
v 0.660000 2.058672 0.346667
v 0.684000 2.077600 0.346667
v 0.684000 2.065600 0.346667
v 0.708000 2.084528 0.346667
v 0.708000 2.072528 0.346667
v 0.732000 2.070672 0.346667
v 0.732000 2.058672 0.346667
v 0.756000 2.077600 0.346667
v 0.756000 2.065600 0.346667
v 0.780000 2.084528 0.346667
v 0.780000 2.072528 0.346667
v 0.804000 2.070672 0.346667
v 0.804000 2.058672 0.346667
v 0.828000 2.077600 0.346667
v 0.828000 2.065600 0.346667
v 0.852000 2.084528 0.346667
v 0.852000 2.072528 0.346667
v 0.876000 2.070672 0.346667
v 0.876000 2.058672 0.346667
v 0.900000 2.077600 0.346667
v 0.900000 2.065600 0.346667
v -0.900000 2.068800 0.373333
v -0.900000 2.056800 0.373333
v -0.876000 2.075728 0.373333
v -0.876000 2.063728 0.373333
v -0.852000 2.061872 0.373333
v -0.852000 2.049872 0.373333
v -0.828000 2.068800 0.373333
v -0.828000 2.056800 0.373333
v -0.804000 2.075728 0.373333
v -0.804000 2.063728 0.373333
v -0.780000 2.061872 0.373333
v -0.780000 2.049872 0.373333
v -0.756000 2.068800 0.373333
v -0.756000 2.056800 0.373333
v -0.732000 2.075728 0.373333
v -0.732000 2.063728 0.373333
v -0.708000 2.061872 0.373333
v -0.708000 2.049872 0.373333
v -0.684000 2.068800 0.373333
v -0.684000 2.056800 0.373333
v -0.660000 2.075728 0.373333
v -0.660000 2.063728 0.373333
v -0.636000 2.061872 0.373333
v -0.636000 2.049872 0.373333
v -0.612000 2.068800 0.373333
v -0.612000 2.056800 0.373333
v -0.588000 2.075728 0.373333
v -0.588000 2.063728 0.373333
v -0.564000 2.061872 0.373333
v -0.564000 2.049872 0.373333
v -0.540000 2.068800 0.373333
v -0.540000 2.056800 0.373333
v -0.516000 2.075728 0.373333
v -0.516000 2.063728 0.373333
v -0.492000 2.061872 0.373333
v -0.492000 2.049872 0.373333
v -0.468000 2.068800 0.373333
v -0.468000 2.056800 0.373333
v -0.444000 2.075728 0.373333
v -0.444000 2.063728 0.373333
v -0.420000 2.061872 0.373333
v -0.420000 2.049872 0.373333
v -0.396000 2.068800 0.373333
v -0.396000 2.056800 0.373333
v -0.372000 2.075728 0.373333
v -0.372000 2.063728 0.373333
v -0.348000 2.061872 0.373333
v -0.348000 2.049872 0.373333
v -0.324000 2.068800 0.373333
v -0.324000 2.056800 0.373333
v -0.300000 2.075728 0.373333
v -0.300000 2.063728 0.373333
v -0.276000 2.061872 0.373333
v -0.276000 2.049872 0.373333
v -0.252000 2.068800 0.373333
v -0.252000 2.056800 0.373333
v -0.228000 2.075728 0.373333
v -0.228000 2.063728 0.373333
v -0.204000 2.061872 0.373333
v -0.204000 2.049872 0.373333
v -0.180000 2.068800 0.373333
v -0.180000 2.056800 0.373333
v -0.156000 2.075728 0.373333
v -0.156000 2.063728 0.373333
v -0.132000 2.061872 0.373333
v -0.132000 2.049872 0.373333
v -0.108000 2.068800 0.373333
v -0.108000 2.056800 0.373333
v -0.084000 2.075728 0.373333
v -0.084000 2.063728 0.373333
v -0.060000 2.061872 0.373333
v -0.060000 2.049872 0.373333
v -0.036000 2.068800 0.373333
v -0.036000 2.056800 0.373333
v -0.012000 2.075728 0.373333
v -0.012000 2.063728 0.373333
v 0.012000 2.061872 0.373333
v 0.012000 2.049872 0.373333
v 0.036000 2.068800 0.373333
v 0.036000 2.056800 0.373333
v 0.060000 2.075728 0.373333
v 0.060000 2.063728 0.373333
v 0.084000 2.061872 0.373333
v 0.084000 2.049872 0.373333
v 0.108000 2.068800 0.373333
v 0.108000 2.056800 0.373333
v 0.132000 2.075728 0.373333
v 0.132000 2.063728 0.373333
v 0.156000 2.061872 0.373333
v 0.156000 2.049872 0.373333
v 0.180000 2.068800 0.373333
v 0.180000 2.056800 0.373333
v 0.204000 2.075728 0.373333
v 0.204000 2.063728 0.373333
v 0.228000 2.061872 0.373333
v 0.228000 2.049872 0.373333
v 0.252000 2.068800 0.373333
v 0.252000 2.056800 0.373333
v 0.276000 2.075728 0.373333
v 0.276000 2.063728 0.373333
v 0.300000 2.061872 0.373333
v 0.300000 2.049872 0.373333
v 0.324000 2.068800 0.373333
v 0.324000 2.056800 0.373333
v 0.348000 2.075728 0.373333
v 0.348000 2.063728 0.373333
v 0.372000 2.061872 0.373333
v 0.372000 2.049872 0.373333
v 0.396000 2.068800 0.373333
v 0.396000 2.056800 0.373333
v 0.420000 2.075728 0.373333
v 0.420000 2.063728 0.373333
v 0.444000 2.061872 0.373333
v 0.444000 2.049872 0.373333
v 0.468000 2.068800 0.373333
v 0.468000 2.056800 0.373333
v 0.492000 2.075728 0.373333
v 0.492000 2.063728 0.373333
v 0.516000 2.061872 0.373333
v 0.516000 2.049872 0.373333
v 0.540000 2.068800 0.373333
v 0.540000 2.056800 0.373333
v 0.564000 2.075728 0.373333
v 0.564000 2.063728 0.373333
v 0.588000 2.061872 0.373333
v 0.588000 2.049872 0.373333
v 0.612000 2.068800 0.373333
v 0.612000 2.056800 0.373333
v 0.636000 2.075728 0.373333
v 0.636000 2.063728 0.373333
v 0.660000 2.061872 0.373333
v 0.660000 2.049872 0.373333
v 0.684000 2.068800 0.373333
v 0.684000 2.056800 0.373333
v 0.708000 2.075728 0.373333
v 0.708000 2.063728 0.373333
v 0.732000 2.061872 0.373333
v 0.732000 2.049872 0.373333
v 0.756000 2.068800 0.373333
v 0.756000 2.056800 0.373333
v 0.780000 2.075728 0.373333
v 0.780000 2.063728 0.373333
v 0.804000 2.061872 0.373333
v 0.804000 2.049872 0.373333
v 0.828000 2.068800 0.373333
v 0.828000 2.056800 0.373333
v 0.852000 2.075728 0.373333
v 0.852000 2.063728 0.373333
v 0.876000 2.061872 0.373333
v 0.876000 2.049872 0.373333
v 0.900000 2.068800 0.373333
v 0.900000 2.056800 0.373333
v -0.900000 2.060000 0.400000
v -0.900000 2.048000 0.400000
v -0.876000 2.066928 0.400000
v -0.876000 2.054928 0.400000
v -0.852000 2.053072 0.400000
v -0.852000 2.041072 0.400000
v -0.828000 2.060000 0.400000
v -0.828000 2.048000 0.400000
v -0.804000 2.066928 0.400000
v -0.804000 2.054928 0.400000
v -0.780000 2.053072 0.400000
v -0.780000 2.041072 0.400000
v -0.756000 2.060000 0.400000
v -0.756000 2.048000 0.400000
v -0.732000 2.066928 0.400000
v -0.732000 2.054928 0.400000
v -0.708000 2.053072 0.400000
v -0.708000 2.041072 0.400000
v -0.684000 2.060000 0.400000
v -0.684000 2.048000 0.400000
v -0.660000 2.066928 0.400000
v -0.660000 2.054928 0.400000
v -0.636000 2.053072 0.400000
v -0.636000 2.041072 0.400000
v -0.612000 2.060000 0.400000
v -0.612000 2.048000 0.400000
v -0.588000 2.066928 0.400000
v -0.588000 2.054928 0.400000
v -0.564000 2.053072 0.400000
v -0.564000 2.041072 0.400000
v -0.540000 2.060000 0.400000
v -0.540000 2.048000 0.400000
v -0.516000 2.066928 0.400000
v -0.516000 2.054928 0.400000
v -0.492000 2.053072 0.400000
v -0.492000 2.041072 0.400000
v -0.468000 2.060000 0.400000
v -0.468000 2.048000 0.400000
v -0.444000 2.066928 0.400000
v -0.444000 2.054928 0.400000
v -0.420000 2.053072 0.400000
v -0.420000 2.041072 0.400000
v -0.396000 2.060000 0.400000
v -0.396000 2.048000 0.400000
v -0.372000 2.066928 0.400000
v -0.372000 2.054928 0.400000
v -0.348000 2.053072 0.400000
v -0.348000 2.041072 0.400000
v -0.324000 2.060000 0.400000
v -0.324000 2.048000 0.400000
v -0.300000 2.066928 0.400000
v -0.300000 2.054928 0.400000
v -0.276000 2.053072 0.400000
v -0.276000 2.041072 0.400000
v -0.252000 2.060000 0.400000
v -0.252000 2.048000 0.400000
v -0.228000 2.066928 0.400000
v -0.228000 2.054928 0.400000
v -0.204000 2.053072 0.400000
v -0.204000 2.041072 0.400000
v -0.180000 2.060000 0.400000
v -0.180000 2.048000 0.400000
v -0.156000 2.066928 0.400000
v -0.156000 2.054928 0.400000
v -0.132000 2.053072 0.400000
v -0.132000 2.041072 0.400000
v -0.108000 2.060000 0.400000
v -0.108000 2.048000 0.400000
v -0.084000 2.066928 0.400000
v -0.084000 2.054928 0.400000
v -0.060000 2.053072 0.400000
v -0.060000 2.041072 0.400000
v -0.036000 2.060000 0.400000
v -0.036000 2.048000 0.400000
v -0.012000 2.066928 0.400000
v -0.012000 2.054928 0.400000
v 0.012000 2.053072 0.400000
v 0.012000 2.041072 0.400000
v 0.036000 2.060000 0.400000
v 0.036000 2.048000 0.400000
v 0.060000 2.066928 0.400000
v 0.060000 2.054928 0.400000
v 0.084000 2.053072 0.400000
v 0.084000 2.041072 0.400000
v 0.108000 2.060000 0.400000
v 0.108000 2.048000 0.400000
v 0.132000 2.066928 0.400000
v 0.132000 2.054928 0.400000
v 0.156000 2.053072 0.400000
v 0.156000 2.041072 0.400000
v 0.180000 2.060000 0.400000
v 0.180000 2.048000 0.400000
v 0.204000 2.066928 0.400000
v 0.204000 2.054928 0.400000
v 0.228000 2.053072 0.400000
v 0.228000 2.041072 0.400000
v 0.252000 2.060000 0.400000
v 0.252000 2.048000 0.400000
v 0.276000 2.066928 0.400000
v 0.276000 2.054928 0.400000
v 0.300000 2.053072 0.400000
v 0.300000 2.041072 0.400000
v 0.324000 2.060000 0.400000
v 0.324000 2.048000 0.400000
v 0.348000 2.066928 0.400000
v 0.348000 2.054928 0.400000
v 0.372000 2.053072 0.400000
v 0.372000 2.041072 0.400000
v 0.396000 2.060000 0.400000
v 0.396000 2.048000 0.400000
v 0.420000 2.066928 0.400000
v 0.420000 2.054928 0.400000
v 0.444000 2.053072 0.400000
v 0.444000 2.041072 0.400000
v 0.468000 2.060000 0.400000
v 0.468000 2.048000 0.400000
v 0.492000 2.066928 0.400000
v 0.492000 2.054928 0.400000
v 0.516000 2.053072 0.400000
v 0.516000 2.041072 0.400000
v 0.540000 2.060000 0.400000
v 0.540000 2.048000 0.400000
v 0.564000 2.066928 0.400000
v 0.564000 2.054928 0.400000
v 0.588000 2.053072 0.400000
v 0.588000 2.041072 0.400000
v 0.612000 2.060000 0.400000
v 0.612000 2.048000 0.400000
v 0.636000 2.066928 0.400000
v 0.636000 2.054928 0.400000
v 0.660000 2.053072 0.400000
v 0.660000 2.041072 0.400000
v 0.684000 2.060000 0.400000
v 0.684000 2.048000 0.400000
v 0.708000 2.066928 0.400000
v 0.708000 2.054928 0.400000
v 0.732000 2.053072 0.400000
v 0.732000 2.041072 0.400000
v 0.756000 2.060000 0.400000
v 0.756000 2.048000 0.400000
v 0.780000 2.066928 0.400000
v 0.780000 2.054928 0.400000
v 0.804000 2.053072 0.400000
v 0.804000 2.041072 0.400000
v 0.828000 2.060000 0.400000
v 0.828000 2.048000 0.400000
v 0.852000 2.066928 0.400000
v 0.852000 2.054928 0.400000
v 0.876000 2.053072 0.400000
v 0.876000 2.041072 0.400000
v 0.900000 2.060000 0.400000
v 0.900000 2.048000 0.400000
v -0.900000 2.192000 0.000000
v -0.900000 2.180000 0.000000
v -0.876000 2.198928 0.000000
v -0.876000 2.186928 0.000000
v -0.852000 2.185072 0.000000
v -0.852000 2.173072 0.000000
v -0.828000 2.192000 0.000000
v -0.828000 2.180000 0.000000
v -0.804000 2.198928 0.000000
v -0.804000 2.186928 0.000000
v -0.780000 2.185072 0.000000
v -0.780000 2.173072 0.000000
v -0.756000 2.192000 0.000000
v -0.756000 2.180000 0.000000
v -0.732000 2.198928 0.000000
v -0.732000 2.186928 0.000000
v -0.708000 2.185072 0.000000
v -0.708000 2.173072 0.000000
v -0.684000 2.192000 0.000000
v -0.684000 2.180000 0.000000
v -0.660000 2.198928 0.000000
v -0.660000 2.186928 0.000000
v -0.636000 2.185072 0.000000
v -0.636000 2.173072 0.000000
v -0.612000 2.192000 0.000000
v -0.612000 2.180000 0.000000
v -0.588000 2.198928 0.000000
v -0.588000 2.186928 0.000000
v -0.564000 2.185072 0.000000
v -0.564000 2.173072 0.000000
v -0.540000 2.192000 0.000000
v -0.540000 2.180000 0.000000
v -0.516000 2.198928 0.000000
v -0.516000 2.186928 0.000000
v -0.492000 2.185072 0.000000
v -0.492000 2.173072 0.000000
v -0.468000 2.192000 0.000000
v -0.468000 2.180000 0.000000
v -0.444000 2.198928 0.000000
v -0.444000 2.186928 0.000000
v -0.420000 2.185072 0.000000
v -0.420000 2.173072 0.000000
v -0.396000 2.192000 0.000000
v -0.396000 2.180000 0.000000
v -0.372000 2.198928 0.000000
v -0.372000 2.186928 0.000000
v -0.348000 2.185072 0.000000
v -0.348000 2.173072 0.000000
v -0.324000 2.192000 0.000000
v -0.324000 2.180000 0.000000
v -0.300000 2.198928 0.000000
v -0.300000 2.186928 0.000000
v -0.276000 2.185072 0.000000
v -0.276000 2.173072 0.000000
v -0.252000 2.192000 0.000000
v -0.252000 2.180000 0.000000
v -0.228000 2.198928 0.000000
v -0.228000 2.186928 0.000000
v -0.204000 2.185072 0.000000
v -0.204000 2.173072 0.000000
v -0.180000 2.192000 0.000000
v -0.180000 2.180000 0.000000
v -0.156000 2.198928 0.000000
v -0.156000 2.186928 0.000000
v -0.132000 2.185072 0.000000
v -0.132000 2.173072 0.000000
v -0.108000 2.192000 0.000000
v -0.108000 2.180000 0.000000
v -0.084000 2.198928 0.000000
v -0.084000 2.186928 0.000000
v -0.060000 2.185072 0.000000
v -0.060000 2.173072 0.000000
v -0.036000 2.192000 0.000000
v -0.036000 2.180000 0.000000
v -0.012000 2.198928 0.000000
v -0.012000 2.186928 0.000000
v 0.012000 2.185072 0.000000
v 0.012000 2.173072 0.000000
v 0.036000 2.192000 0.000000
v 0.036000 2.180000 0.000000
v 0.060000 2.198928 0.000000
v 0.060000 2.186928 0.000000
v 0.084000 2.185072 0.000000
v 0.084000 2.173072 0.000000
v 0.108000 2.192000 0.000000
v 0.108000 2.180000 0.000000
v 0.132000 2.198928 0.000000
v 0.132000 2.186928 0.000000
v 0.156000 2.185072 0.000000
v 0.156000 2.173072 0.000000
v 0.180000 2.192000 0.000000
v 0.180000 2.180000 0.000000
v 0.204000 2.198928 0.000000
v 0.204000 2.186928 0.000000
v 0.228000 2.185072 0.000000
v 0.228000 2.173072 0.000000
v 0.252000 2.192000 0.000000
v 0.252000 2.180000 0.000000
v 0.276000 2.198928 0.000000
v 0.276000 2.186928 0.000000
v 0.300000 2.185072 0.000000
v 0.300000 2.173072 0.000000
v 0.324000 2.192000 0.000000
v 0.324000 2.180000 0.000000
v 0.348000 2.198928 0.000000
v 0.348000 2.186928 0.000000
v 0.372000 2.185072 0.000000
v 0.372000 2.173072 0.000000
v 0.396000 2.192000 0.000000
v 0.396000 2.180000 0.000000
v 0.420000 2.198928 0.000000
v 0.420000 2.186928 0.000000
v 0.444000 2.185072 0.000000
v 0.444000 2.173072 0.000000
v 0.468000 2.192000 0.000000
v 0.468000 2.180000 0.000000
v 0.492000 2.198928 0.000000
v 0.492000 2.186928 0.000000
v 0.516000 2.185072 0.000000
v 0.516000 2.173072 0.000000
v 0.540000 2.192000 0.000000
v 0.540000 2.180000 0.000000
v 0.564000 2.198928 0.000000
v 0.564000 2.186928 0.000000
v 0.588000 2.185072 0.000000
v 0.588000 2.173072 0.000000
v 0.612000 2.192000 0.000000
v 0.612000 2.180000 0.000000
v 0.636000 2.198928 0.000000
v 0.636000 2.186928 0.000000
v 0.660000 2.185072 0.000000
v 0.660000 2.173072 0.000000
v 0.684000 2.192000 0.000000
v 0.684000 2.180000 0.000000
v 0.708000 2.198928 0.000000
v 0.708000 2.186928 0.000000
v 0.732000 2.185072 0.000000
v 0.732000 2.173072 0.000000
v 0.756000 2.192000 0.000000
v 0.756000 2.180000 0.000000
v 0.780000 2.198928 0.000000
v 0.780000 2.186928 0.000000
v 0.804000 2.185072 0.000000
v 0.804000 2.173072 0.000000
v 0.828000 2.192000 0.000000
v 0.828000 2.180000 0.000000
v 0.852000 2.198928 0.000000
v 0.852000 2.186928 0.000000
v 0.876000 2.185072 0.000000
v 0.876000 2.173072 0.000000
v 0.900000 2.192000 0.000000
v 0.900000 2.180000 0.000000
v -0.900000 2.183200 -0.026667
v -0.900000 2.171200 -0.026667
v -0.876000 2.190128 -0.026667
v -0.876000 2.178128 -0.026667
v -0.852000 2.176272 -0.026667
v -0.852000 2.164272 -0.026667
v -0.828000 2.183200 -0.026667
v -0.828000 2.171200 -0.026667
v -0.804000 2.190128 -0.026667
v -0.804000 2.178128 -0.026667
v -0.780000 2.176272 -0.026667
v -0.780000 2.164272 -0.026667
v -0.756000 2.183200 -0.026667
v -0.756000 2.171200 -0.026667
v -0.732000 2.190128 -0.026667
v -0.732000 2.178128 -0.026667
v -0.708000 2.176272 -0.026667
v -0.708000 2.164272 -0.026667
v -0.684000 2.183200 -0.026667
v -0.684000 2.171200 -0.026667
v -0.660000 2.190128 -0.026667
v -0.660000 2.178128 -0.026667
v -0.636000 2.176272 -0.026667
v -0.636000 2.164272 -0.026667
v -0.612000 2.183200 -0.026667
v -0.612000 2.171200 -0.026667
v -0.588000 2.190128 -0.026667
v -0.588000 2.178128 -0.026667
v -0.564000 2.176272 -0.026667
v -0.564000 2.164272 -0.026667
v -0.540000 2.183200 -0.026667
v -0.540000 2.171200 -0.026667
v -0.516000 2.190128 -0.026667
v -0.516000 2.178128 -0.026667
v -0.492000 2.176272 -0.026667
v -0.492000 2.164272 -0.026667
v -0.468000 2.183200 -0.026667
v -0.468000 2.171200 -0.026667
v -0.444000 2.190128 -0.026667
v -0.444000 2.178128 -0.026667
v -0.420000 2.176272 -0.026667
v -0.420000 2.164272 -0.026667
v -0.396000 2.183200 -0.026667
v -0.396000 2.171200 -0.026667
v -0.372000 2.190128 -0.026667
v -0.372000 2.178128 -0.026667
v -0.348000 2.176272 -0.026667
v -0.348000 2.164272 -0.026667
v -0.324000 2.183200 -0.026667
v -0.324000 2.171200 -0.026667
v -0.300000 2.190128 -0.026667
v -0.300000 2.178128 -0.026667
v -0.276000 2.176272 -0.026667
v -0.276000 2.164272 -0.026667
v -0.252000 2.183200 -0.026667
v -0.252000 2.171200 -0.026667
v -0.228000 2.190128 -0.026667
v -0.228000 2.178128 -0.026667
v -0.204000 2.176272 -0.026667
v -0.204000 2.164272 -0.026667
v -0.180000 2.183200 -0.026667
v -0.180000 2.171200 -0.026667
v -0.156000 2.190128 -0.026667
v -0.156000 2.178128 -0.026667
v -0.132000 2.176272 -0.026667
v -0.132000 2.164272 -0.026667
v -0.108000 2.183200 -0.026667
v -0.108000 2.171200 -0.026667
v -0.084000 2.190128 -0.026667
v -0.084000 2.178128 -0.026667
v -0.060000 2.176272 -0.026667
v -0.060000 2.164272 -0.026667
v -0.036000 2.183200 -0.026667
v -0.036000 2.171200 -0.026667
v -0.012000 2.190128 -0.026667
v -0.012000 2.178128 -0.026667
v 0.012000 2.176272 -0.026667
v 0.012000 2.164272 -0.026667
v 0.036000 2.183200 -0.026667
v 0.036000 2.171200 -0.026667
v 0.060000 2.190128 -0.026667
v 0.060000 2.178128 -0.026667
v 0.084000 2.176272 -0.026667
v 0.084000 2.164272 -0.026667
v 0.108000 2.183200 -0.026667
v 0.108000 2.171200 -0.026667
v 0.132000 2.190128 -0.026667
v 0.132000 2.178128 -0.026667
v 0.156000 2.176272 -0.026667
v 0.156000 2.164272 -0.026667
v 0.180000 2.183200 -0.026667
v 0.180000 2.171200 -0.026667
v 0.204000 2.190128 -0.026667
v 0.204000 2.178128 -0.026667
v 0.228000 2.176272 -0.026667
v 0.228000 2.164272 -0.026667
v 0.252000 2.183200 -0.026667
v 0.252000 2.171200 -0.026667
v 0.276000 2.190128 -0.026667
v 0.276000 2.178128 -0.026667
v 0.300000 2.176272 -0.026667
v 0.300000 2.164272 -0.026667
v 0.324000 2.183200 -0.026667
v 0.324000 2.171200 -0.026667
v 0.348000 2.190128 -0.026667
v 0.348000 2.178128 -0.026667
v 0.372000 2.176272 -0.026667
v 0.372000 2.164272 -0.026667
v 0.396000 2.183200 -0.026667
v 0.396000 2.171200 -0.026667
v 0.420000 2.190128 -0.026667
v 0.420000 2.178128 -0.026667
v 0.444000 2.176272 -0.026667
v 0.444000 2.164272 -0.026667
v 0.468000 2.183200 -0.026667
v 0.468000 2.171200 -0.026667
v 0.492000 2.190128 -0.026667
v 0.492000 2.178128 -0.026667
v 0.516000 2.176272 -0.026667
v 0.516000 2.164272 -0.026667
v 0.540000 2.183200 -0.026667
v 0.540000 2.171200 -0.026667
v 0.564000 2.190128 -0.026667
v 0.564000 2.178128 -0.026667
v 0.588000 2.176272 -0.026667
v 0.588000 2.164272 -0.026667
v 0.612000 2.183200 -0.026667
v 0.612000 2.171200 -0.026667
v 0.636000 2.190128 -0.026667
v 0.636000 2.178128 -0.026667
v 0.660000 2.176272 -0.026667
v 0.660000 2.164272 -0.026667
v 0.684000 2.183200 -0.026667
v 0.684000 2.171200 -0.026667
v 0.708000 2.190128 -0.026667
v 0.708000 2.178128 -0.026667
v 0.732000 2.176272 -0.026667
v 0.732000 2.164272 -0.026667
v 0.756000 2.183200 -0.026667
v 0.756000 2.171200 -0.026667
v 0.780000 2.190128 -0.026667
v 0.780000 2.178128 -0.026667
v 0.804000 2.176272 -0.026667
v 0.804000 2.164272 -0.026667
v 0.828000 2.183200 -0.026667
v 0.828000 2.171200 -0.026667
v 0.852000 2.190128 -0.026667
v 0.852000 2.178128 -0.026667
v 0.876000 2.176272 -0.026667
v 0.876000 2.164272 -0.026667
v 0.900000 2.183200 -0.026667
v 0.900000 2.171200 -0.026667
v -0.900000 2.174400 -0.053333
v -0.900000 2.162400 -0.053333
v -0.876000 2.181328 -0.053333
v -0.876000 2.169328 -0.053333
v -0.852000 2.167472 -0.053333
v -0.852000 2.155472 -0.053333
v -0.828000 2.174400 -0.053333
v -0.828000 2.162400 -0.053333
v -0.804000 2.181328 -0.053333
v -0.804000 2.169328 -0.053333
v -0.780000 2.167472 -0.053333
v -0.780000 2.155472 -0.053333
v -0.756000 2.174400 -0.053333
v -0.756000 2.162400 -0.053333
v -0.732000 2.181328 -0.053333
v -0.732000 2.169328 -0.053333
v -0.708000 2.167472 -0.053333
v -0.708000 2.155472 -0.053333
v -0.684000 2.174400 -0.053333
v -0.684000 2.162400 -0.053333
v -0.660000 2.181328 -0.053333
v -0.660000 2.169328 -0.053333
v -0.636000 2.167472 -0.053333
v -0.636000 2.155472 -0.053333
v -0.612000 2.174400 -0.053333
v -0.612000 2.162400 -0.053333
v -0.588000 2.181328 -0.053333
v -0.588000 2.169328 -0.053333
v -0.564000 2.167472 -0.053333
v -0.564000 2.155472 -0.053333
v -0.540000 2.174400 -0.053333
v -0.540000 2.162400 -0.053333
v -0.516000 2.181328 -0.053333
v -0.516000 2.169328 -0.053333
v -0.492000 2.167472 -0.053333
v -0.492000 2.155472 -0.053333
v -0.468000 2.174400 -0.053333
v -0.468000 2.162400 -0.053333
v -0.444000 2.181328 -0.053333
v -0.444000 2.169328 -0.053333
v -0.420000 2.167472 -0.053333
v -0.420000 2.155472 -0.053333
v -0.396000 2.174400 -0.053333
v -0.396000 2.162400 -0.053333
v -0.372000 2.181328 -0.053333
v -0.372000 2.169328 -0.053333
v -0.348000 2.167472 -0.053333
v -0.348000 2.155472 -0.053333
v -0.324000 2.174400 -0.053333
v -0.324000 2.162400 -0.053333
v -0.300000 2.181328 -0.053333
v -0.300000 2.169328 -0.053333
v -0.276000 2.167472 -0.053333
v -0.276000 2.155472 -0.053333
v -0.252000 2.174400 -0.053333
v -0.252000 2.162400 -0.053333
v -0.228000 2.181328 -0.053333
v -0.228000 2.169328 -0.053333
v -0.204000 2.167472 -0.053333
v -0.204000 2.155472 -0.053333
v -0.180000 2.174400 -0.053333
v -0.180000 2.162400 -0.053333
v -0.156000 2.181328 -0.053333
v -0.156000 2.169328 -0.053333
v -0.132000 2.167472 -0.053333
v -0.132000 2.155472 -0.053333
v -0.108000 2.174400 -0.053333
v -0.108000 2.162400 -0.053333
v -0.084000 2.181328 -0.053333
v -0.084000 2.169328 -0.053333
v -0.060000 2.167472 -0.053333
v -0.060000 2.155472 -0.053333
v -0.036000 2.174400 -0.053333
v -0.036000 2.162400 -0.053333
v -0.012000 2.181328 -0.053333
v -0.012000 2.169328 -0.053333
v 0.012000 2.167472 -0.053333
v 0.012000 2.155472 -0.053333
v 0.036000 2.174400 -0.053333
v 0.036000 2.162400 -0.053333
v 0.060000 2.181328 -0.053333
v 0.060000 2.169328 -0.053333
v 0.084000 2.167472 -0.053333
v 0.084000 2.155472 -0.053333
v 0.108000 2.174400 -0.053333
v 0.108000 2.162400 -0.053333
v 0.132000 2.181328 -0.053333
v 0.132000 2.169328 -0.053333
v 0.156000 2.167472 -0.053333
v 0.156000 2.155472 -0.053333
v 0.180000 2.174400 -0.053333
v 0.180000 2.162400 -0.053333
v 0.204000 2.181328 -0.053333
v 0.204000 2.169328 -0.053333
v 0.228000 2.167472 -0.053333
v 0.228000 2.155472 -0.053333
v 0.252000 2.174400 -0.053333
v 0.252000 2.162400 -0.053333
v 0.276000 2.181328 -0.053333
v 0.276000 2.169328 -0.053333
v 0.300000 2.167472 -0.053333
v 0.300000 2.155472 -0.053333
v 0.324000 2.174400 -0.053333
v 0.324000 2.162400 -0.053333
v 0.348000 2.181328 -0.053333
v 0.348000 2.169328 -0.053333
v 0.372000 2.167472 -0.053333
v 0.372000 2.155472 -0.053333
v 0.396000 2.174400 -0.053333
v 0.396000 2.162400 -0.053333
v 0.420000 2.181328 -0.053333
v 0.420000 2.169328 -0.053333
v 0.444000 2.167472 -0.053333
v 0.444000 2.155472 -0.053333
v 0.468000 2.174400 -0.053333
v 0.468000 2.162400 -0.053333
v 0.492000 2.181328 -0.053333
v 0.492000 2.169328 -0.053333
v 0.516000 2.167472 -0.053333
v 0.516000 2.155472 -0.053333
v 0.540000 2.174400 -0.053333
v 0.540000 2.162400 -0.053333
v 0.564000 2.181328 -0.053333
v 0.564000 2.169328 -0.053333
v 0.588000 2.167472 -0.053333
v 0.588000 2.155472 -0.053333
v 0.612000 2.174400 -0.053333
v 0.612000 2.162400 -0.053333
v 0.636000 2.181328 -0.053333
v 0.636000 2.169328 -0.053333
v 0.660000 2.167472 -0.053333
v 0.660000 2.155472 -0.053333
v 0.684000 2.174400 -0.053333
v 0.684000 2.162400 -0.053333
v 0.708000 2.181328 -0.053333
v 0.708000 2.169328 -0.053333
v 0.732000 2.167472 -0.053333
v 0.732000 2.155472 -0.053333
v 0.756000 2.174400 -0.053333
v 0.756000 2.162400 -0.053333
v 0.780000 2.181328 -0.053333
v 0.780000 2.169328 -0.053333
v 0.804000 2.167472 -0.053333
v 0.804000 2.155472 -0.053333
v 0.828000 2.174400 -0.053333
v 0.828000 2.162400 -0.053333
v 0.852000 2.181328 -0.053333
v 0.852000 2.169328 -0.053333
v 0.876000 2.167472 -0.053333
v 0.876000 2.155472 -0.053333
v 0.900000 2.174400 -0.053333
v 0.900000 2.162400 -0.053333
v -0.900000 2.165600 -0.080000
v -0.900000 2.153600 -0.080000
v -0.876000 2.172528 -0.080000
v -0.876000 2.160528 -0.080000
v -0.852000 2.158672 -0.080000
v -0.852000 2.146672 -0.080000
v -0.828000 2.165600 -0.080000
v -0.828000 2.153600 -0.080000
v -0.804000 2.172528 -0.080000
v -0.804000 2.160528 -0.080000
v -0.780000 2.158672 -0.080000
v -0.780000 2.146672 -0.080000
v -0.756000 2.165600 -0.080000
v -0.756000 2.153600 -0.080000
v -0.732000 2.172528 -0.080000
v -0.732000 2.160528 -0.080000
v -0.708000 2.158672 -0.080000
v -0.708000 2.146672 -0.080000
v -0.684000 2.165600 -0.080000
v -0.684000 2.153600 -0.080000
v -0.660000 2.172528 -0.080000
v -0.660000 2.160528 -0.080000
v -0.636000 2.158672 -0.080000
v -0.636000 2.146672 -0.080000
v -0.612000 2.165600 -0.080000
v -0.612000 2.153600 -0.080000
v -0.588000 2.172528 -0.080000
v -0.588000 2.160528 -0.080000
v -0.564000 2.158672 -0.080000
v -0.564000 2.146672 -0.080000
v -0.540000 2.165600 -0.080000
v -0.540000 2.153600 -0.080000
v -0.516000 2.172528 -0.080000
v -0.516000 2.160528 -0.080000
v -0.492000 2.158672 -0.080000
v -0.492000 2.146672 -0.080000
v -0.468000 2.165600 -0.080000
v -0.468000 2.153600 -0.080000
v -0.444000 2.172528 -0.080000
v -0.444000 2.160528 -0.080000
v -0.420000 2.158672 -0.080000
v -0.420000 2.146672 -0.080000
v -0.396000 2.165600 -0.080000
v -0.396000 2.153600 -0.080000
v -0.372000 2.172528 -0.080000
v -0.372000 2.160528 -0.080000
v -0.348000 2.158672 -0.080000
v -0.348000 2.146672 -0.080000
v -0.324000 2.165600 -0.080000
v -0.324000 2.153600 -0.080000
v -0.300000 2.172528 -0.080000
v -0.300000 2.160528 -0.080000
v -0.276000 2.158672 -0.080000
v -0.276000 2.146672 -0.080000
v -0.252000 2.165600 -0.080000
v -0.252000 2.153600 -0.080000
v -0.228000 2.172528 -0.080000
v -0.228000 2.160528 -0.080000
v -0.204000 2.158672 -0.080000
v -0.204000 2.146672 -0.080000
v -0.180000 2.165600 -0.080000
v -0.180000 2.153600 -0.080000
v -0.156000 2.172528 -0.080000
v -0.156000 2.160528 -0.080000
v -0.132000 2.158672 -0.080000
v -0.132000 2.146672 -0.080000
v -0.108000 2.165600 -0.080000
v -0.108000 2.153600 -0.080000
v -0.084000 2.172528 -0.080000
v -0.084000 2.160528 -0.080000
v -0.060000 2.158672 -0.080000
v -0.060000 2.146672 -0.080000
v -0.036000 2.165600 -0.080000
v -0.036000 2.153600 -0.080000
v -0.012000 2.172528 -0.080000
v -0.012000 2.160528 -0.080000
v 0.012000 2.158672 -0.080000
v 0.012000 2.146672 -0.080000
v 0.036000 2.165600 -0.080000
v 0.036000 2.153600 -0.080000
v 0.060000 2.172528 -0.080000
v 0.060000 2.160528 -0.080000
v 0.084000 2.158672 -0.080000
v 0.084000 2.146672 -0.080000
v 0.108000 2.165600 -0.080000
v 0.108000 2.153600 -0.080000
v 0.132000 2.172528 -0.080000
v 0.132000 2.160528 -0.080000
v 0.156000 2.158672 -0.080000
v 0.156000 2.146672 -0.080000
v 0.180000 2.165600 -0.080000
v 0.180000 2.153600 -0.080000
v 0.204000 2.172528 -0.080000
v 0.204000 2.160528 -0.080000
v 0.228000 2.158672 -0.080000
v 0.228000 2.146672 -0.080000
v 0.252000 2.165600 -0.080000
v 0.252000 2.153600 -0.080000
v 0.276000 2.172528 -0.080000
v 0.276000 2.160528 -0.080000
v 0.300000 2.158672 -0.080000
v 0.300000 2.146672 -0.080000
v 0.324000 2.165600 -0.080000
v 0.324000 2.153600 -0.080000
v 0.348000 2.172528 -0.080000
v 0.348000 2.160528 -0.080000
v 0.372000 2.158672 -0.080000
v 0.372000 2.146672 -0.080000
v 0.396000 2.165600 -0.080000
v 0.396000 2.153600 -0.080000
v 0.420000 2.172528 -0.080000
v 0.420000 2.160528 -0.080000
v 0.444000 2.158672 -0.080000
v 0.444000 2.146672 -0.080000
v 0.468000 2.165600 -0.080000
v 0.468000 2.153600 -0.080000
v 0.492000 2.172528 -0.080000
v 0.492000 2.160528 -0.080000
v 0.516000 2.158672 -0.080000
v 0.516000 2.146672 -0.080000
v 0.540000 2.165600 -0.080000
v 0.540000 2.153600 -0.080000
v 0.564000 2.172528 -0.080000
v 0.564000 2.160528 -0.080000
v 0.588000 2.158672 -0.080000
v 0.588000 2.146672 -0.080000
v 0.612000 2.165600 -0.080000
v 0.612000 2.153600 -0.080000
v 0.636000 2.172528 -0.080000
v 0.636000 2.160528 -0.080000
v 0.660000 2.158672 -0.080000
v 0.660000 2.146672 -0.080000
v 0.684000 2.165600 -0.080000
v 0.684000 2.153600 -0.080000
v 0.708000 2.172528 -0.080000
v 0.708000 2.160528 -0.080000
v 0.732000 2.158672 -0.080000
v 0.732000 2.146672 -0.080000
v 0.756000 2.165600 -0.080000
v 0.756000 2.153600 -0.080000
v 0.780000 2.172528 -0.080000
v 0.780000 2.160528 -0.080000
v 0.804000 2.158672 -0.080000
v 0.804000 2.146672 -0.080000
v 0.828000 2.165600 -0.080000
v 0.828000 2.153600 -0.080000
v 0.852000 2.172528 -0.080000
v 0.852000 2.160528 -0.080000
v 0.876000 2.158672 -0.080000
v 0.876000 2.146672 -0.080000
v 0.900000 2.165600 -0.080000
v 0.900000 2.153600 -0.080000
v -0.900000 2.156800 -0.106667
v -0.900000 2.144800 -0.106667
v -0.876000 2.163728 -0.106667
v -0.876000 2.151728 -0.106667
v -0.852000 2.149872 -0.106667
v -0.852000 2.137872 -0.106667
v -0.828000 2.156800 -0.106667
v -0.828000 2.144800 -0.106667
v -0.804000 2.163728 -0.106667
v -0.804000 2.151728 -0.106667
v -0.780000 2.149872 -0.106667
v -0.780000 2.137872 -0.106667
v -0.756000 2.156800 -0.106667
v -0.756000 2.144800 -0.106667
v -0.732000 2.163728 -0.106667
v -0.732000 2.151728 -0.106667
v -0.708000 2.149872 -0.106667
v -0.708000 2.137872 -0.106667
v -0.684000 2.156800 -0.106667
v -0.684000 2.144800 -0.106667
v -0.660000 2.163728 -0.106667
v -0.660000 2.151728 -0.106667
v -0.636000 2.149872 -0.106667
v -0.636000 2.137872 -0.106667
v -0.612000 2.156800 -0.106667
v -0.612000 2.144800 -0.106667
v -0.588000 2.163728 -0.106667
v -0.588000 2.151728 -0.106667
v -0.564000 2.149872 -0.106667
v -0.564000 2.137872 -0.106667
v -0.540000 2.156800 -0.106667
v -0.540000 2.144800 -0.106667
v -0.516000 2.163728 -0.106667
v -0.516000 2.151728 -0.106667
v -0.492000 2.149872 -0.106667
v -0.492000 2.137872 -0.106667
v -0.468000 2.156800 -0.106667
v -0.468000 2.144800 -0.106667
v -0.444000 2.163728 -0.106667
v -0.444000 2.151728 -0.106667
v -0.420000 2.149872 -0.106667
v -0.420000 2.137872 -0.106667
v -0.396000 2.156800 -0.106667
v -0.396000 2.144800 -0.106667
v -0.372000 2.163728 -0.106667
v -0.372000 2.151728 -0.106667
v -0.348000 2.149872 -0.106667
v -0.348000 2.137872 -0.106667
v -0.324000 2.156800 -0.106667
v -0.324000 2.144800 -0.106667
v -0.300000 2.163728 -0.106667
v -0.300000 2.151728 -0.106667
v -0.276000 2.149872 -0.106667
v -0.276000 2.137872 -0.106667
v -0.252000 2.156800 -0.106667
v -0.252000 2.144800 -0.106667
v -0.228000 2.163728 -0.106667
v -0.228000 2.151728 -0.106667
v -0.204000 2.149872 -0.106667
v -0.204000 2.137872 -0.106667
v -0.180000 2.156800 -0.106667
v -0.180000 2.144800 -0.106667
v -0.156000 2.163728 -0.106667
v -0.156000 2.151728 -0.106667
v -0.132000 2.149872 -0.106667
v -0.132000 2.137872 -0.106667
v -0.108000 2.156800 -0.106667
v -0.108000 2.144800 -0.106667
v -0.084000 2.163728 -0.106667
v -0.084000 2.151728 -0.106667
v -0.060000 2.149872 -0.106667
v -0.060000 2.137872 -0.106667
v -0.036000 2.156800 -0.106667
v -0.036000 2.144800 -0.106667
v -0.012000 2.163728 -0.106667
v -0.012000 2.151728 -0.106667
v 0.012000 2.149872 -0.106667
v 0.012000 2.137872 -0.106667
v 0.036000 2.156800 -0.106667
v 0.036000 2.144800 -0.106667
v 0.060000 2.163728 -0.106667
v 0.060000 2.151728 -0.106667
v 0.084000 2.149872 -0.106667
v 0.084000 2.137872 -0.106667
v 0.108000 2.156800 -0.106667
v 0.108000 2.144800 -0.106667
v 0.132000 2.163728 -0.106667
v 0.132000 2.151728 -0.106667
v 0.156000 2.149872 -0.106667
v 0.156000 2.137872 -0.106667
v 0.180000 2.156800 -0.106667
v 0.180000 2.144800 -0.106667
v 0.204000 2.163728 -0.106667
v 0.204000 2.151728 -0.106667
v 0.228000 2.149872 -0.106667
v 0.228000 2.137872 -0.106667
v 0.252000 2.156800 -0.106667
v 0.252000 2.144800 -0.106667
v 0.276000 2.163728 -0.106667
v 0.276000 2.151728 -0.106667
v 0.300000 2.149872 -0.106667
v 0.300000 2.137872 -0.106667
v 0.324000 2.156800 -0.106667
v 0.324000 2.144800 -0.106667
v 0.348000 2.163728 -0.106667
v 0.348000 2.151728 -0.106667
v 0.372000 2.149872 -0.106667
v 0.372000 2.137872 -0.106667
v 0.396000 2.156800 -0.106667
v 0.396000 2.144800 -0.106667
v 0.420000 2.163728 -0.106667
v 0.420000 2.151728 -0.106667
v 0.444000 2.149872 -0.106667
v 0.444000 2.137872 -0.106667
v 0.468000 2.156800 -0.106667
v 0.468000 2.144800 -0.106667
v 0.492000 2.163728 -0.106667
v 0.492000 2.151728 -0.106667
v 0.516000 2.149872 -0.106667
v 0.516000 2.137872 -0.106667
v 0.540000 2.156800 -0.106667
v 0.540000 2.144800 -0.106667
v 0.564000 2.163728 -0.106667
v 0.564000 2.151728 -0.106667
v 0.588000 2.149872 -0.106667
v 0.588000 2.137872 -0.106667
v 0.612000 2.156800 -0.106667
v 0.612000 2.144800 -0.106667
v 0.636000 2.163728 -0.106667
v 0.636000 2.151728 -0.106667
v 0.660000 2.149872 -0.106667
v 0.660000 2.137872 -0.106667
v 0.684000 2.156800 -0.106667
v 0.684000 2.144800 -0.106667
v 0.708000 2.163728 -0.106667
v 0.708000 2.151728 -0.106667
v 0.732000 2.149872 -0.106667
v 0.732000 2.137872 -0.106667
v 0.756000 2.156800 -0.106667
v 0.756000 2.144800 -0.106667
v 0.780000 2.163728 -0.106667
v 0.780000 2.151728 -0.106667
v 0.804000 2.149872 -0.106667
v 0.804000 2.137872 -0.106667
v 0.828000 2.156800 -0.106667
v 0.828000 2.144800 -0.106667
v 0.852000 2.163728 -0.106667
v 0.852000 2.151728 -0.106667
v 0.876000 2.149872 -0.106667
v 0.876000 2.137872 -0.106667
v 0.900000 2.156800 -0.106667
v 0.900000 2.144800 -0.106667
v -0.900000 2.148000 -0.133333
v -0.900000 2.136000 -0.133333
v -0.876000 2.154928 -0.133333
v -0.876000 2.142928 -0.133333
v -0.852000 2.141072 -0.133333
v -0.852000 2.129072 -0.133333
v -0.828000 2.148000 -0.133333
v -0.828000 2.136000 -0.133333
v -0.804000 2.154928 -0.133333
v -0.804000 2.142928 -0.133333
v -0.780000 2.141072 -0.133333
v -0.780000 2.129072 -0.133333
v -0.756000 2.148000 -0.133333
v -0.756000 2.136000 -0.133333
v -0.732000 2.154928 -0.133333
v -0.732000 2.142928 -0.133333
v -0.708000 2.141072 -0.133333
v -0.708000 2.129072 -0.133333
v -0.684000 2.148000 -0.133333
v -0.684000 2.136000 -0.133333
v -0.660000 2.154928 -0.133333
v -0.660000 2.142928 -0.133333
v -0.636000 2.141072 -0.133333
v -0.636000 2.129072 -0.133333
v -0.612000 2.148000 -0.133333
v -0.612000 2.136000 -0.133333
v -0.588000 2.154928 -0.133333
v -0.588000 2.142928 -0.133333
v -0.564000 2.141072 -0.133333
v -0.564000 2.129072 -0.133333
v -0.540000 2.148000 -0.133333
v -0.540000 2.136000 -0.133333
v -0.516000 2.154928 -0.133333
v -0.516000 2.142928 -0.133333
v -0.492000 2.141072 -0.133333
v -0.492000 2.129072 -0.133333
v -0.468000 2.148000 -0.133333
v -0.468000 2.136000 -0.133333
v -0.444000 2.154928 -0.133333
v -0.444000 2.142928 -0.133333
v -0.420000 2.141072 -0.133333
v -0.420000 2.129072 -0.133333
v -0.396000 2.148000 -0.133333
v -0.396000 2.136000 -0.133333
v -0.372000 2.154928 -0.133333
v -0.372000 2.142928 -0.133333
v -0.348000 2.141072 -0.133333
v -0.348000 2.129072 -0.133333
v -0.324000 2.148000 -0.133333
v -0.324000 2.136000 -0.133333
v -0.300000 2.154928 -0.133333
v -0.300000 2.142928 -0.133333
v -0.276000 2.141072 -0.133333
v -0.276000 2.129072 -0.133333
v -0.252000 2.148000 -0.133333
v -0.252000 2.136000 -0.133333
v -0.228000 2.154928 -0.133333
v -0.228000 2.142928 -0.133333
v -0.204000 2.141072 -0.133333
v -0.204000 2.129072 -0.133333
v -0.180000 2.148000 -0.133333
v -0.180000 2.136000 -0.133333
v -0.156000 2.154928 -0.133333
v -0.156000 2.142928 -0.133333
v -0.132000 2.141072 -0.133333
v -0.132000 2.129072 -0.133333
v -0.108000 2.148000 -0.133333
v -0.108000 2.136000 -0.133333
v -0.084000 2.154928 -0.133333
v -0.084000 2.142928 -0.133333
v -0.060000 2.141072 -0.133333
v -0.060000 2.129072 -0.133333
v -0.036000 2.148000 -0.133333
v -0.036000 2.136000 -0.133333
v -0.012000 2.154928 -0.133333
v -0.012000 2.142928 -0.133333
v 0.012000 2.141072 -0.133333
v 0.012000 2.129072 -0.133333
v 0.036000 2.148000 -0.133333
v 0.036000 2.136000 -0.133333
v 0.060000 2.154928 -0.133333
v 0.060000 2.142928 -0.133333
v 0.084000 2.141072 -0.133333
v 0.084000 2.129072 -0.133333
v 0.108000 2.148000 -0.133333
v 0.108000 2.136000 -0.133333
v 0.132000 2.154928 -0.133333
v 0.132000 2.142928 -0.133333
v 0.156000 2.141072 -0.133333
v 0.156000 2.129072 -0.133333
v 0.180000 2.148000 -0.133333
v 0.180000 2.136000 -0.133333
v 0.204000 2.154928 -0.133333
v 0.204000 2.142928 -0.133333
v 0.228000 2.141072 -0.133333
v 0.228000 2.129072 -0.133333
v 0.252000 2.148000 -0.133333
v 0.252000 2.136000 -0.133333
v 0.276000 2.154928 -0.133333
v 0.276000 2.142928 -0.133333
v 0.300000 2.141072 -0.133333
v 0.300000 2.129072 -0.133333
v 0.324000 2.148000 -0.133333
v 0.324000 2.136000 -0.133333
v 0.348000 2.154928 -0.133333
v 0.348000 2.142928 -0.133333
v 0.372000 2.141072 -0.133333
v 0.372000 2.129072 -0.133333
v 0.396000 2.148000 -0.133333
v 0.396000 2.136000 -0.133333
v 0.420000 2.154928 -0.133333
v 0.420000 2.142928 -0.133333
v 0.444000 2.141072 -0.133333
v 0.444000 2.129072 -0.133333
v 0.468000 2.148000 -0.133333
v 0.468000 2.136000 -0.133333
v 0.492000 2.154928 -0.133333
v 0.492000 2.142928 -0.133333
v 0.516000 2.141072 -0.133333
v 0.516000 2.129072 -0.133333
v 0.540000 2.148000 -0.133333
v 0.540000 2.136000 -0.133333
v 0.564000 2.154928 -0.133333
v 0.564000 2.142928 -0.133333
v 0.588000 2.141072 -0.133333
v 0.588000 2.129072 -0.133333
v 0.612000 2.148000 -0.133333
v 0.612000 2.136000 -0.133333
v 0.636000 2.154928 -0.133333
v 0.636000 2.142928 -0.133333
v 0.660000 2.141072 -0.133333
v 0.660000 2.129072 -0.133333
v 0.684000 2.148000 -0.133333
v 0.684000 2.136000 -0.133333
v 0.708000 2.154928 -0.133333
v 0.708000 2.142928 -0.133333
v 0.732000 2.141072 -0.133333
v 0.732000 2.129072 -0.133333
v 0.756000 2.148000 -0.133333
v 0.756000 2.136000 -0.133333
v 0.780000 2.154928 -0.133333
v 0.780000 2.142928 -0.133333
v 0.804000 2.141072 -0.133333
v 0.804000 2.129072 -0.133333
v 0.828000 2.148000 -0.133333
v 0.828000 2.136000 -0.133333
v 0.852000 2.154928 -0.133333
v 0.852000 2.142928 -0.133333
v 0.876000 2.141072 -0.133333
v 0.876000 2.129072 -0.133333
v 0.900000 2.148000 -0.133333
v 0.900000 2.136000 -0.133333
v -0.900000 2.139200 -0.160000
v -0.900000 2.127200 -0.160000
v -0.876000 2.146128 -0.160000
v -0.876000 2.134128 -0.160000
v -0.852000 2.132272 -0.160000
v -0.852000 2.120272 -0.160000
v -0.828000 2.139200 -0.160000
v -0.828000 2.127200 -0.160000
v -0.804000 2.146128 -0.160000
v -0.804000 2.134128 -0.160000
v -0.780000 2.132272 -0.160000
v -0.780000 2.120272 -0.160000
v -0.756000 2.139200 -0.160000
v -0.756000 2.127200 -0.160000
v -0.732000 2.146128 -0.160000
v -0.732000 2.134128 -0.160000
v -0.708000 2.132272 -0.160000
v -0.708000 2.120272 -0.160000
v -0.684000 2.139200 -0.160000
v -0.684000 2.127200 -0.160000
v -0.660000 2.146128 -0.160000
v -0.660000 2.134128 -0.160000
v -0.636000 2.132272 -0.160000
v -0.636000 2.120272 -0.160000
v -0.612000 2.139200 -0.160000
v -0.612000 2.127200 -0.160000
v -0.588000 2.146128 -0.160000
v -0.588000 2.134128 -0.160000
v -0.564000 2.132272 -0.160000
v -0.564000 2.120272 -0.160000
v -0.540000 2.139200 -0.160000
v -0.540000 2.127200 -0.160000
v -0.516000 2.146128 -0.160000
v -0.516000 2.134128 -0.160000
v -0.492000 2.132272 -0.160000
v -0.492000 2.120272 -0.160000
v -0.468000 2.139200 -0.160000
v -0.468000 2.127200 -0.160000
v -0.444000 2.146128 -0.160000
v -0.444000 2.134128 -0.160000
v -0.420000 2.132272 -0.160000
v -0.420000 2.120272 -0.160000
v -0.396000 2.139200 -0.160000
v -0.396000 2.127200 -0.160000
v -0.372000 2.146128 -0.160000
v -0.372000 2.134128 -0.160000
v -0.348000 2.132272 -0.160000
v -0.348000 2.120272 -0.160000
v -0.324000 2.139200 -0.160000
v -0.324000 2.127200 -0.160000
v -0.300000 2.146128 -0.160000
v -0.300000 2.134128 -0.160000
v -0.276000 2.132272 -0.160000
v -0.276000 2.120272 -0.160000
v -0.252000 2.139200 -0.160000
v -0.252000 2.127200 -0.160000
v -0.228000 2.146128 -0.160000
v -0.228000 2.134128 -0.160000
v -0.204000 2.132272 -0.160000
v -0.204000 2.120272 -0.160000
v -0.180000 2.139200 -0.160000
v -0.180000 2.127200 -0.160000
v -0.156000 2.146128 -0.160000
v -0.156000 2.134128 -0.160000
v -0.132000 2.132272 -0.160000
v -0.132000 2.120272 -0.160000
v -0.108000 2.139200 -0.160000
v -0.108000 2.127200 -0.160000
v -0.084000 2.146128 -0.160000
v -0.084000 2.134128 -0.160000
v -0.060000 2.132272 -0.160000
v -0.060000 2.120272 -0.160000
v -0.036000 2.139200 -0.160000
v -0.036000 2.127200 -0.160000
v -0.012000 2.146128 -0.160000
v -0.012000 2.134128 -0.160000
v 0.012000 2.132272 -0.160000
v 0.012000 2.120272 -0.160000
v 0.036000 2.139200 -0.160000
v 0.036000 2.127200 -0.160000
v 0.060000 2.146128 -0.160000
v 0.060000 2.134128 -0.160000
v 0.084000 2.132272 -0.160000
v 0.084000 2.120272 -0.160000
v 0.108000 2.139200 -0.160000
v 0.108000 2.127200 -0.160000
v 0.132000 2.146128 -0.160000
v 0.132000 2.134128 -0.160000
v 0.156000 2.132272 -0.160000
v 0.156000 2.120272 -0.160000
v 0.180000 2.139200 -0.160000
v 0.180000 2.127200 -0.160000
v 0.204000 2.146128 -0.160000
v 0.204000 2.134128 -0.160000
v 0.228000 2.132272 -0.160000
v 0.228000 2.120272 -0.160000
v 0.252000 2.139200 -0.160000
v 0.252000 2.127200 -0.160000
v 0.276000 2.146128 -0.160000
v 0.276000 2.134128 -0.160000
v 0.300000 2.132272 -0.160000
v 0.300000 2.120272 -0.160000
v 0.324000 2.139200 -0.160000
v 0.324000 2.127200 -0.160000
v 0.348000 2.146128 -0.160000
v 0.348000 2.134128 -0.160000
v 0.372000 2.132272 -0.160000
v 0.372000 2.120272 -0.160000
v 0.396000 2.139200 -0.160000
v 0.396000 2.127200 -0.160000
v 0.420000 2.146128 -0.160000
v 0.420000 2.134128 -0.160000
v 0.444000 2.132272 -0.160000
v 0.444000 2.120272 -0.160000
v 0.468000 2.139200 -0.160000
v 0.468000 2.127200 -0.160000
v 0.492000 2.146128 -0.160000
v 0.492000 2.134128 -0.160000
v 0.516000 2.132272 -0.160000
v 0.516000 2.120272 -0.160000
v 0.540000 2.139200 -0.160000
v 0.540000 2.127200 -0.160000
v 0.564000 2.146128 -0.160000
v 0.564000 2.134128 -0.160000
v 0.588000 2.132272 -0.160000
v 0.588000 2.120272 -0.160000
v 0.612000 2.139200 -0.160000
v 0.612000 2.127200 -0.160000
v 0.636000 2.146128 -0.160000
v 0.636000 2.134128 -0.160000
v 0.660000 2.132272 -0.160000
v 0.660000 2.120272 -0.160000
v 0.684000 2.139200 -0.160000
v 0.684000 2.127200 -0.160000
v 0.708000 2.146128 -0.160000
v 0.708000 2.134128 -0.160000
v 0.732000 2.132272 -0.160000
v 0.732000 2.120272 -0.160000
v 0.756000 2.139200 -0.160000
v 0.756000 2.127200 -0.160000
v 0.780000 2.146128 -0.160000
v 0.780000 2.134128 -0.160000
v 0.804000 2.132272 -0.160000
v 0.804000 2.120272 -0.160000
v 0.828000 2.139200 -0.160000
v 0.828000 2.127200 -0.160000
v 0.852000 2.146128 -0.160000
v 0.852000 2.134128 -0.160000
v 0.876000 2.132272 -0.160000
v 0.876000 2.120272 -0.160000
v 0.900000 2.139200 -0.160000
v 0.900000 2.127200 -0.160000
v -0.900000 2.130400 -0.186667
v -0.900000 2.118400 -0.186667
v -0.876000 2.137328 -0.186667
v -0.876000 2.125328 -0.186667
v -0.852000 2.123472 -0.186667
v -0.852000 2.111472 -0.186667
v -0.828000 2.130400 -0.186667
v -0.828000 2.118400 -0.186667
v -0.804000 2.137328 -0.186667
v -0.804000 2.125328 -0.186667
v -0.780000 2.123472 -0.186667
v -0.780000 2.111472 -0.186667
v -0.756000 2.130400 -0.186667
v -0.756000 2.118400 -0.186667
v -0.732000 2.137328 -0.186667
v -0.732000 2.125328 -0.186667
v -0.708000 2.123472 -0.186667
v -0.708000 2.111472 -0.186667
v -0.684000 2.130400 -0.186667
v -0.684000 2.118400 -0.186667
v -0.660000 2.137328 -0.186667
v -0.660000 2.125328 -0.186667
v -0.636000 2.123472 -0.186667
v -0.636000 2.111472 -0.186667
v -0.612000 2.130400 -0.186667
v -0.612000 2.118400 -0.186667
v -0.588000 2.137328 -0.186667
v -0.588000 2.125328 -0.186667
v -0.564000 2.123472 -0.186667
v -0.564000 2.111472 -0.186667
v -0.540000 2.130400 -0.186667
v -0.540000 2.118400 -0.186667
v -0.516000 2.137328 -0.186667
v -0.516000 2.125328 -0.186667
v -0.492000 2.123472 -0.186667
v -0.492000 2.111472 -0.186667
v -0.468000 2.130400 -0.186667
v -0.468000 2.118400 -0.186667
v -0.444000 2.137328 -0.186667
v -0.444000 2.125328 -0.186667
v -0.420000 2.123472 -0.186667
v -0.420000 2.111472 -0.186667
v -0.396000 2.130400 -0.186667
v -0.396000 2.118400 -0.186667
v -0.372000 2.137328 -0.186667
v -0.372000 2.125328 -0.186667
v -0.348000 2.123472 -0.186667
v -0.348000 2.111472 -0.186667
v -0.324000 2.130400 -0.186667
v -0.324000 2.118400 -0.186667
v -0.300000 2.137328 -0.186667
v -0.300000 2.125328 -0.186667
v -0.276000 2.123472 -0.186667
v -0.276000 2.111472 -0.186667
v -0.252000 2.130400 -0.186667
v -0.252000 2.118400 -0.186667
v -0.228000 2.137328 -0.186667
v -0.228000 2.125328 -0.186667
v -0.204000 2.123472 -0.186667
v -0.204000 2.111472 -0.186667
v -0.180000 2.130400 -0.186667
v -0.180000 2.118400 -0.186667
v -0.156000 2.137328 -0.186667
v -0.156000 2.125328 -0.186667
v -0.132000 2.123472 -0.186667
v -0.132000 2.111472 -0.186667
v -0.108000 2.130400 -0.186667
v -0.108000 2.118400 -0.186667
v -0.084000 2.137328 -0.186667
v -0.084000 2.125328 -0.186667
v -0.060000 2.123472 -0.186667
v -0.060000 2.111472 -0.186667
v -0.036000 2.130400 -0.186667
v -0.036000 2.118400 -0.186667
v -0.012000 2.137328 -0.186667
v -0.012000 2.125328 -0.186667
v 0.012000 2.123472 -0.186667
v 0.012000 2.111472 -0.186667
v 0.036000 2.130400 -0.186667
v 0.036000 2.118400 -0.186667
v 0.060000 2.137328 -0.186667
v 0.060000 2.125328 -0.186667
v 0.084000 2.123472 -0.186667
v 0.084000 2.111472 -0.186667
v 0.108000 2.130400 -0.186667
v 0.108000 2.118400 -0.186667
v 0.132000 2.137328 -0.186667
v 0.132000 2.125328 -0.186667
v 0.156000 2.123472 -0.186667
v 0.156000 2.111472 -0.186667
v 0.180000 2.130400 -0.186667
v 0.180000 2.118400 -0.186667
v 0.204000 2.137328 -0.186667
v 0.204000 2.125328 -0.186667
v 0.228000 2.123472 -0.186667
v 0.228000 2.111472 -0.186667
v 0.252000 2.130400 -0.186667
v 0.252000 2.118400 -0.186667
v 0.276000 2.137328 -0.186667
v 0.276000 2.125328 -0.186667
v 0.300000 2.123472 -0.186667
v 0.300000 2.111472 -0.186667
v 0.324000 2.130400 -0.186667
v 0.324000 2.118400 -0.186667
v 0.348000 2.137328 -0.186667
v 0.348000 2.125328 -0.186667
v 0.372000 2.123472 -0.186667
v 0.372000 2.111472 -0.186667
v 0.396000 2.130400 -0.186667
v 0.396000 2.118400 -0.186667
v 0.420000 2.137328 -0.186667
v 0.420000 2.125328 -0.186667
v 0.444000 2.123472 -0.186667
v 0.444000 2.111472 -0.186667
v 0.468000 2.130400 -0.186667
v 0.468000 2.118400 -0.186667
v 0.492000 2.137328 -0.186667
v 0.492000 2.125328 -0.186667
v 0.516000 2.123472 -0.186667
v 0.516000 2.111472 -0.186667
v 0.540000 2.130400 -0.186667
v 0.540000 2.118400 -0.186667
v 0.564000 2.137328 -0.186667
v 0.564000 2.125328 -0.186667
v 0.588000 2.123472 -0.186667
v 0.588000 2.111472 -0.186667
v 0.612000 2.130400 -0.186667
v 0.612000 2.118400 -0.186667
v 0.636000 2.137328 -0.186667
v 0.636000 2.125328 -0.186667
v 0.660000 2.123472 -0.186667
v 0.660000 2.111472 -0.186667
v 0.684000 2.130400 -0.186667
v 0.684000 2.118400 -0.186667
v 0.708000 2.137328 -0.186667
v 0.708000 2.125328 -0.186667
v 0.732000 2.123472 -0.186667
v 0.732000 2.111472 -0.186667
v 0.756000 2.130400 -0.186667
v 0.756000 2.118400 -0.186667
v 0.780000 2.137328 -0.186667
v 0.780000 2.125328 -0.186667
v 0.804000 2.123472 -0.186667
v 0.804000 2.111472 -0.186667
v 0.828000 2.130400 -0.186667
v 0.828000 2.118400 -0.186667
v 0.852000 2.137328 -0.186667
v 0.852000 2.125328 -0.186667
v 0.876000 2.123472 -0.186667
v 0.876000 2.111472 -0.186667
v 0.900000 2.130400 -0.186667
v 0.900000 2.118400 -0.186667
v -0.900000 2.121600 -0.213333
v -0.900000 2.109600 -0.213333
v -0.876000 2.128528 -0.213333
v -0.876000 2.116528 -0.213333
v -0.852000 2.114672 -0.213333
v -0.852000 2.102672 -0.213333
v -0.828000 2.121600 -0.213333
v -0.828000 2.109600 -0.213333
v -0.804000 2.128528 -0.213333
v -0.804000 2.116528 -0.213333
v -0.780000 2.114672 -0.213333
v -0.780000 2.102672 -0.213333
v -0.756000 2.121600 -0.213333
v -0.756000 2.109600 -0.213333
v -0.732000 2.128528 -0.213333
v -0.732000 2.116528 -0.213333
v -0.708000 2.114672 -0.213333
v -0.708000 2.102672 -0.213333
v -0.684000 2.121600 -0.213333
v -0.684000 2.109600 -0.213333
v -0.660000 2.128528 -0.213333
v -0.660000 2.116528 -0.213333
v -0.636000 2.114672 -0.213333
v -0.636000 2.102672 -0.213333
v -0.612000 2.121600 -0.213333
v -0.612000 2.109600 -0.213333
v -0.588000 2.128528 -0.213333
v -0.588000 2.116528 -0.213333
v -0.564000 2.114672 -0.213333
v -0.564000 2.102672 -0.213333
v -0.540000 2.121600 -0.213333
v -0.540000 2.109600 -0.213333
v -0.516000 2.128528 -0.213333
v -0.516000 2.116528 -0.213333
v -0.492000 2.114672 -0.213333
v -0.492000 2.102672 -0.213333
v -0.468000 2.121600 -0.213333
v -0.468000 2.109600 -0.213333
v -0.444000 2.128528 -0.213333
v -0.444000 2.116528 -0.213333
v -0.420000 2.114672 -0.213333
v -0.420000 2.102672 -0.213333
v -0.396000 2.121600 -0.213333
v -0.396000 2.109600 -0.213333
v -0.372000 2.128528 -0.213333
v -0.372000 2.116528 -0.213333
v -0.348000 2.114672 -0.213333
v -0.348000 2.102672 -0.213333
v -0.324000 2.121600 -0.213333
v -0.324000 2.109600 -0.213333
v -0.300000 2.128528 -0.213333
v -0.300000 2.116528 -0.213333
v -0.276000 2.114672 -0.213333
v -0.276000 2.102672 -0.213333
v -0.252000 2.121600 -0.213333
v -0.252000 2.109600 -0.213333
v -0.228000 2.128528 -0.213333
v -0.228000 2.116528 -0.213333
v -0.204000 2.114672 -0.213333
v -0.204000 2.102672 -0.213333
v -0.180000 2.121600 -0.213333
v -0.180000 2.109600 -0.213333
v -0.156000 2.128528 -0.213333
v -0.156000 2.116528 -0.213333
v -0.132000 2.114672 -0.213333
v -0.132000 2.102672 -0.213333
v -0.108000 2.121600 -0.213333
v -0.108000 2.109600 -0.213333
v -0.084000 2.128528 -0.213333
v -0.084000 2.116528 -0.213333
v -0.060000 2.114672 -0.213333
v -0.060000 2.102672 -0.213333
v -0.036000 2.121600 -0.213333
v -0.036000 2.109600 -0.213333
v -0.012000 2.128528 -0.213333
v -0.012000 2.116528 -0.213333
v 0.012000 2.114672 -0.213333
v 0.012000 2.102672 -0.213333
v 0.036000 2.121600 -0.213333
v 0.036000 2.109600 -0.213333
v 0.060000 2.128528 -0.213333
v 0.060000 2.116528 -0.213333
v 0.084000 2.114672 -0.213333
v 0.084000 2.102672 -0.213333
v 0.108000 2.121600 -0.213333
v 0.108000 2.109600 -0.213333
v 0.132000 2.128528 -0.213333
v 0.132000 2.116528 -0.213333
v 0.156000 2.114672 -0.213333
v 0.156000 2.102672 -0.213333
v 0.180000 2.121600 -0.213333
v 0.180000 2.109600 -0.213333
v 0.204000 2.128528 -0.213333
v 0.204000 2.116528 -0.213333
v 0.228000 2.114672 -0.213333
v 0.228000 2.102672 -0.213333
v 0.252000 2.121600 -0.213333
v 0.252000 2.109600 -0.213333
v 0.276000 2.128528 -0.213333
v 0.276000 2.116528 -0.213333
v 0.300000 2.114672 -0.213333
v 0.300000 2.102672 -0.213333
v 0.324000 2.121600 -0.213333
v 0.324000 2.109600 -0.213333
v 0.348000 2.128528 -0.213333
v 0.348000 2.116528 -0.213333
v 0.372000 2.114672 -0.213333
v 0.372000 2.102672 -0.213333
v 0.396000 2.121600 -0.213333
v 0.396000 2.109600 -0.213333
v 0.420000 2.128528 -0.213333
v 0.420000 2.116528 -0.213333
v 0.444000 2.114672 -0.213333
v 0.444000 2.102672 -0.213333
v 0.468000 2.121600 -0.213333
v 0.468000 2.109600 -0.213333
v 0.492000 2.128528 -0.213333
v 0.492000 2.116528 -0.213333
v 0.516000 2.114672 -0.213333
v 0.516000 2.102672 -0.213333
v 0.540000 2.121600 -0.213333
v 0.540000 2.109600 -0.213333
v 0.564000 2.128528 -0.213333
v 0.564000 2.116528 -0.213333
v 0.588000 2.114672 -0.213333
v 0.588000 2.102672 -0.213333
v 0.612000 2.121600 -0.213333
v 0.612000 2.109600 -0.213333
v 0.636000 2.128528 -0.213333
v 0.636000 2.116528 -0.213333
v 0.660000 2.114672 -0.213333
v 0.660000 2.102672 -0.213333
v 0.684000 2.121600 -0.213333
v 0.684000 2.109600 -0.213333
v 0.708000 2.128528 -0.213333
v 0.708000 2.116528 -0.213333
v 0.732000 2.114672 -0.213333
v 0.732000 2.102672 -0.213333
v 0.756000 2.121600 -0.213333
v 0.756000 2.109600 -0.213333
v 0.780000 2.128528 -0.213333
v 0.780000 2.116528 -0.213333
v 0.804000 2.114672 -0.213333
v 0.804000 2.102672 -0.213333
v 0.828000 2.121600 -0.213333
v 0.828000 2.109600 -0.213333
v 0.852000 2.128528 -0.213333
v 0.852000 2.116528 -0.213333
v 0.876000 2.114672 -0.213333
v 0.876000 2.102672 -0.213333
v 0.900000 2.121600 -0.213333
v 0.900000 2.109600 -0.213333
v -0.900000 2.112800 -0.240000
v -0.900000 2.100800 -0.240000
v -0.876000 2.119728 -0.240000
v -0.876000 2.107728 -0.240000
v -0.852000 2.105872 -0.240000
v -0.852000 2.093872 -0.240000
v -0.828000 2.112800 -0.240000
v -0.828000 2.100800 -0.240000
v -0.804000 2.119728 -0.240000
v -0.804000 2.107728 -0.240000
v -0.780000 2.105872 -0.240000
v -0.780000 2.093872 -0.240000
v -0.756000 2.112800 -0.240000
v -0.756000 2.100800 -0.240000
v -0.732000 2.119728 -0.240000
v -0.732000 2.107728 -0.240000
v -0.708000 2.105872 -0.240000
v -0.708000 2.093872 -0.240000
v -0.684000 2.112800 -0.240000
v -0.684000 2.100800 -0.240000
v -0.660000 2.119728 -0.240000
v -0.660000 2.107728 -0.240000
v -0.636000 2.105872 -0.240000
v -0.636000 2.093872 -0.240000
v -0.612000 2.112800 -0.240000
v -0.612000 2.100800 -0.240000
v -0.588000 2.119728 -0.240000
v -0.588000 2.107728 -0.240000
v -0.564000 2.105872 -0.240000
v -0.564000 2.093872 -0.240000
v -0.540000 2.112800 -0.240000
v -0.540000 2.100800 -0.240000
v -0.516000 2.119728 -0.240000
v -0.516000 2.107728 -0.240000
v -0.492000 2.105872 -0.240000
v -0.492000 2.093872 -0.240000
v -0.468000 2.112800 -0.240000
v -0.468000 2.100800 -0.240000
v -0.444000 2.119728 -0.240000
v -0.444000 2.107728 -0.240000
v -0.420000 2.105872 -0.240000
v -0.420000 2.093872 -0.240000
v -0.396000 2.112800 -0.240000
v -0.396000 2.100800 -0.240000
v -0.372000 2.119728 -0.240000
v -0.372000 2.107728 -0.240000
v -0.348000 2.105872 -0.240000
v -0.348000 2.093872 -0.240000
v -0.324000 2.112800 -0.240000
v -0.324000 2.100800 -0.240000
v -0.300000 2.119728 -0.240000
v -0.300000 2.107728 -0.240000
v -0.276000 2.105872 -0.240000
v -0.276000 2.093872 -0.240000
v -0.252000 2.112800 -0.240000
v -0.252000 2.100800 -0.240000
v -0.228000 2.119728 -0.240000
v -0.228000 2.107728 -0.240000
v -0.204000 2.105872 -0.240000
v -0.204000 2.093872 -0.240000
v -0.180000 2.112800 -0.240000
v -0.180000 2.100800 -0.240000
v -0.156000 2.119728 -0.240000
v -0.156000 2.107728 -0.240000
v -0.132000 2.105872 -0.240000
v -0.132000 2.093872 -0.240000
v -0.108000 2.112800 -0.240000
v -0.108000 2.100800 -0.240000
v -0.084000 2.119728 -0.240000
v -0.084000 2.107728 -0.240000
v -0.060000 2.105872 -0.240000
v -0.060000 2.093872 -0.240000
v -0.036000 2.112800 -0.240000
v -0.036000 2.100800 -0.240000
v -0.012000 2.119728 -0.240000
v -0.012000 2.107728 -0.240000
v 0.012000 2.105872 -0.240000
v 0.012000 2.093872 -0.240000
v 0.036000 2.112800 -0.240000
v 0.036000 2.100800 -0.240000
v 0.060000 2.119728 -0.240000
v 0.060000 2.107728 -0.240000
v 0.084000 2.105872 -0.240000
v 0.084000 2.093872 -0.240000
v 0.108000 2.112800 -0.240000
v 0.108000 2.100800 -0.240000
v 0.132000 2.119728 -0.240000
v 0.132000 2.107728 -0.240000
v 0.156000 2.105872 -0.240000
v 0.156000 2.093872 -0.240000
v 0.180000 2.112800 -0.240000
v 0.180000 2.100800 -0.240000
v 0.204000 2.119728 -0.240000
v 0.204000 2.107728 -0.240000
v 0.228000 2.105872 -0.240000
v 0.228000 2.093872 -0.240000
v 0.252000 2.112800 -0.240000
v 0.252000 2.100800 -0.240000
v 0.276000 2.119728 -0.240000
v 0.276000 2.107728 -0.240000
v 0.300000 2.105872 -0.240000
v 0.300000 2.093872 -0.240000
v 0.324000 2.112800 -0.240000
v 0.324000 2.100800 -0.240000
v 0.348000 2.119728 -0.240000
v 0.348000 2.107728 -0.240000
v 0.372000 2.105872 -0.240000
v 0.372000 2.093872 -0.240000
v 0.396000 2.112800 -0.240000
v 0.396000 2.100800 -0.240000
v 0.420000 2.119728 -0.240000
v 0.420000 2.107728 -0.240000
v 0.444000 2.105872 -0.240000
v 0.444000 2.093872 -0.240000
v 0.468000 2.112800 -0.240000
v 0.468000 2.100800 -0.240000
v 0.492000 2.119728 -0.240000
v 0.492000 2.107728 -0.240000
v 0.516000 2.105872 -0.240000
v 0.516000 2.093872 -0.240000
v 0.540000 2.112800 -0.240000
v 0.540000 2.100800 -0.240000
v 0.564000 2.119728 -0.240000
v 0.564000 2.107728 -0.240000
v 0.588000 2.105872 -0.240000
v 0.588000 2.093872 -0.240000
v 0.612000 2.112800 -0.240000
v 0.612000 2.100800 -0.240000
v 0.636000 2.119728 -0.240000
v 0.636000 2.107728 -0.240000
v 0.660000 2.105872 -0.240000
v 0.660000 2.093872 -0.240000
v 0.684000 2.112800 -0.240000
v 0.684000 2.100800 -0.240000
v 0.708000 2.119728 -0.240000
v 0.708000 2.107728 -0.240000
v 0.732000 2.105872 -0.240000
v 0.732000 2.093872 -0.240000
v 0.756000 2.112800 -0.240000
v 0.756000 2.100800 -0.240000
v 0.780000 2.119728 -0.240000
v 0.780000 2.107728 -0.240000
v 0.804000 2.105872 -0.240000
v 0.804000 2.093872 -0.240000
v 0.828000 2.112800 -0.240000
v 0.828000 2.100800 -0.240000
v 0.852000 2.119728 -0.240000
v 0.852000 2.107728 -0.240000
v 0.876000 2.105872 -0.240000
v 0.876000 2.093872 -0.240000
v 0.900000 2.112800 -0.240000
v 0.900000 2.100800 -0.240000
v -0.900000 2.104000 -0.266667
v -0.900000 2.092000 -0.266667
v -0.876000 2.110928 -0.266667
v -0.876000 2.098928 -0.266667
v -0.852000 2.097072 -0.266667
v -0.852000 2.085072 -0.266667
v -0.828000 2.104000 -0.266667
v -0.828000 2.092000 -0.266667
v -0.804000 2.110928 -0.266667
v -0.804000 2.098928 -0.266667
v -0.780000 2.097072 -0.266667
v -0.780000 2.085072 -0.266667
v -0.756000 2.104000 -0.266667
v -0.756000 2.092000 -0.266667
v -0.732000 2.110928 -0.266667
v -0.732000 2.098928 -0.266667
v -0.708000 2.097072 -0.266667
v -0.708000 2.085072 -0.266667
v -0.684000 2.104000 -0.266667
v -0.684000 2.092000 -0.266667
v -0.660000 2.110928 -0.266667
v -0.660000 2.098928 -0.266667
v -0.636000 2.097072 -0.266667
v -0.636000 2.085072 -0.266667
v -0.612000 2.104000 -0.266667
v -0.612000 2.092000 -0.266667
v -0.588000 2.110928 -0.266667
v -0.588000 2.098928 -0.266667
v -0.564000 2.097072 -0.266667
v -0.564000 2.085072 -0.266667
v -0.540000 2.104000 -0.266667
v -0.540000 2.092000 -0.266667
v -0.516000 2.110928 -0.266667
v -0.516000 2.098928 -0.266667
v -0.492000 2.097072 -0.266667
v -0.492000 2.085072 -0.266667
v -0.468000 2.104000 -0.266667
v -0.468000 2.092000 -0.266667
v -0.444000 2.110928 -0.266667
v -0.444000 2.098928 -0.266667
v -0.420000 2.097072 -0.266667
v -0.420000 2.085072 -0.266667
v -0.396000 2.104000 -0.266667
v -0.396000 2.092000 -0.266667
v -0.372000 2.110928 -0.266667
v -0.372000 2.098928 -0.266667
v -0.348000 2.097072 -0.266667
v -0.348000 2.085072 -0.266667
v -0.324000 2.104000 -0.266667
v -0.324000 2.092000 -0.266667
v -0.300000 2.110928 -0.266667
v -0.300000 2.098928 -0.266667
v -0.276000 2.097072 -0.266667
v -0.276000 2.085072 -0.266667
v -0.252000 2.104000 -0.266667
v -0.252000 2.092000 -0.266667
v -0.228000 2.110928 -0.266667
v -0.228000 2.098928 -0.266667
v -0.204000 2.097072 -0.266667
v -0.204000 2.085072 -0.266667
v -0.180000 2.104000 -0.266667
v -0.180000 2.092000 -0.266667
v -0.156000 2.110928 -0.266667
v -0.156000 2.098928 -0.266667
v -0.132000 2.097072 -0.266667
v -0.132000 2.085072 -0.266667
v -0.108000 2.104000 -0.266667
v -0.108000 2.092000 -0.266667
v -0.084000 2.110928 -0.266667
v -0.084000 2.098928 -0.266667
v -0.060000 2.097072 -0.266667
v -0.060000 2.085072 -0.266667
v -0.036000 2.104000 -0.266667
v -0.036000 2.092000 -0.266667
v -0.012000 2.110928 -0.266667
v -0.012000 2.098928 -0.266667
v 0.012000 2.097072 -0.266667
v 0.012000 2.085072 -0.266667
v 0.036000 2.104000 -0.266667
v 0.036000 2.092000 -0.266667
v 0.060000 2.110928 -0.266667
v 0.060000 2.098928 -0.266667
v 0.084000 2.097072 -0.266667
v 0.084000 2.085072 -0.266667
v 0.108000 2.104000 -0.266667
v 0.108000 2.092000 -0.266667
v 0.132000 2.110928 -0.266667
v 0.132000 2.098928 -0.266667
v 0.156000 2.097072 -0.266667
v 0.156000 2.085072 -0.266667
v 0.180000 2.104000 -0.266667
v 0.180000 2.092000 -0.266667
v 0.204000 2.110928 -0.266667
v 0.204000 2.098928 -0.266667
v 0.228000 2.097072 -0.266667
v 0.228000 2.085072 -0.266667
v 0.252000 2.104000 -0.266667
v 0.252000 2.092000 -0.266667
v 0.276000 2.110928 -0.266667
v 0.276000 2.098928 -0.266667
v 0.300000 2.097072 -0.266667
v 0.300000 2.085072 -0.266667
v 0.324000 2.104000 -0.266667
v 0.324000 2.092000 -0.266667
v 0.348000 2.110928 -0.266667
v 0.348000 2.098928 -0.266667
v 0.372000 2.097072 -0.266667
v 0.372000 2.085072 -0.266667
v 0.396000 2.104000 -0.266667
v 0.396000 2.092000 -0.266667
v 0.420000 2.110928 -0.266667
v 0.420000 2.098928 -0.266667
v 0.444000 2.097072 -0.266667
v 0.444000 2.085072 -0.266667
v 0.468000 2.104000 -0.266667
v 0.468000 2.092000 -0.266667
v 0.492000 2.110928 -0.266667
v 0.492000 2.098928 -0.266667
v 0.516000 2.097072 -0.266667
v 0.516000 2.085072 -0.266667
v 0.540000 2.104000 -0.266667
v 0.540000 2.092000 -0.266667
v 0.564000 2.110928 -0.266667
v 0.564000 2.098928 -0.266667
v 0.588000 2.097072 -0.266667
v 0.588000 2.085072 -0.266667
v 0.612000 2.104000 -0.266667
v 0.612000 2.092000 -0.266667
v 0.636000 2.110928 -0.266667
v 0.636000 2.098928 -0.266667
v 0.660000 2.097072 -0.266667
v 0.660000 2.085072 -0.266667
v 0.684000 2.104000 -0.266667
v 0.684000 2.092000 -0.266667
v 0.708000 2.110928 -0.266667
v 0.708000 2.098928 -0.266667
v 0.732000 2.097072 -0.266667
v 0.732000 2.085072 -0.266667
v 0.756000 2.104000 -0.266667
v 0.756000 2.092000 -0.266667
v 0.780000 2.110928 -0.266667
v 0.780000 2.098928 -0.266667
v 0.804000 2.097072 -0.266667
v 0.804000 2.085072 -0.266667
v 0.828000 2.104000 -0.266667
v 0.828000 2.092000 -0.266667
v 0.852000 2.110928 -0.266667
v 0.852000 2.098928 -0.266667
v 0.876000 2.097072 -0.266667
v 0.876000 2.085072 -0.266667
v 0.900000 2.104000 -0.266667
v 0.900000 2.092000 -0.266667
v -0.900000 2.095200 -0.293333
v -0.900000 2.083200 -0.293333
v -0.876000 2.102128 -0.293333
v -0.876000 2.090128 -0.293333
v -0.852000 2.088272 -0.293333
v -0.852000 2.076272 -0.293333
v -0.828000 2.095200 -0.293333
v -0.828000 2.083200 -0.293333
v -0.804000 2.102128 -0.293333
v -0.804000 2.090128 -0.293333
v -0.780000 2.088272 -0.293333
v -0.780000 2.076272 -0.293333
v -0.756000 2.095200 -0.293333
v -0.756000 2.083200 -0.293333
v -0.732000 2.102128 -0.293333
v -0.732000 2.090128 -0.293333
v -0.708000 2.088272 -0.293333
v -0.708000 2.076272 -0.293333
v -0.684000 2.095200 -0.293333
v -0.684000 2.083200 -0.293333
v -0.660000 2.102128 -0.293333
v -0.660000 2.090128 -0.293333
v -0.636000 2.088272 -0.293333
v -0.636000 2.076272 -0.293333
v -0.612000 2.095200 -0.293333
v -0.612000 2.083200 -0.293333
v -0.588000 2.102128 -0.293333
v -0.588000 2.090128 -0.293333
v -0.564000 2.088272 -0.293333
v -0.564000 2.076272 -0.293333
v -0.540000 2.095200 -0.293333
v -0.540000 2.083200 -0.293333
v -0.516000 2.102128 -0.293333
v -0.516000 2.090128 -0.293333
v -0.492000 2.088272 -0.293333
v -0.492000 2.076272 -0.293333
v -0.468000 2.095200 -0.293333
v -0.468000 2.083200 -0.293333
v -0.444000 2.102128 -0.293333
v -0.444000 2.090128 -0.293333
v -0.420000 2.088272 -0.293333
v -0.420000 2.076272 -0.293333
v -0.396000 2.095200 -0.293333
v -0.396000 2.083200 -0.293333
v -0.372000 2.102128 -0.293333
v -0.372000 2.090128 -0.293333
v -0.348000 2.088272 -0.293333
v -0.348000 2.076272 -0.293333
v -0.324000 2.095200 -0.293333
v -0.324000 2.083200 -0.293333
v -0.300000 2.102128 -0.293333
v -0.300000 2.090128 -0.293333
v -0.276000 2.088272 -0.293333
v -0.276000 2.076272 -0.293333
v -0.252000 2.095200 -0.293333
v -0.252000 2.083200 -0.293333
v -0.228000 2.102128 -0.293333
v -0.228000 2.090128 -0.293333
v -0.204000 2.088272 -0.293333
v -0.204000 2.076272 -0.293333
v -0.180000 2.095200 -0.293333
v -0.180000 2.083200 -0.293333
v -0.156000 2.102128 -0.293333
v -0.156000 2.090128 -0.293333
v -0.132000 2.088272 -0.293333
v -0.132000 2.076272 -0.293333
v -0.108000 2.095200 -0.293333
v -0.108000 2.083200 -0.293333
v -0.084000 2.102128 -0.293333
v -0.084000 2.090128 -0.293333
v -0.060000 2.088272 -0.293333
v -0.060000 2.076272 -0.293333
v -0.036000 2.095200 -0.293333
v -0.036000 2.083200 -0.293333
v -0.012000 2.102128 -0.293333
v -0.012000 2.090128 -0.293333
v 0.012000 2.088272 -0.293333
v 0.012000 2.076272 -0.293333
v 0.036000 2.095200 -0.293333
v 0.036000 2.083200 -0.293333
v 0.060000 2.102128 -0.293333
v 0.060000 2.090128 -0.293333
v 0.084000 2.088272 -0.293333
v 0.084000 2.076272 -0.293333
v 0.108000 2.095200 -0.293333
v 0.108000 2.083200 -0.293333
v 0.132000 2.102128 -0.293333
v 0.132000 2.090128 -0.293333
v 0.156000 2.088272 -0.293333
v 0.156000 2.076272 -0.293333
v 0.180000 2.095200 -0.293333
v 0.180000 2.083200 -0.293333
v 0.204000 2.102128 -0.293333
v 0.204000 2.090128 -0.293333
v 0.228000 2.088272 -0.293333
v 0.228000 2.076272 -0.293333
v 0.252000 2.095200 -0.293333
v 0.252000 2.083200 -0.293333
v 0.276000 2.102128 -0.293333
v 0.276000 2.090128 -0.293333
v 0.300000 2.088272 -0.293333
v 0.300000 2.076272 -0.293333
v 0.324000 2.095200 -0.293333
v 0.324000 2.083200 -0.293333
v 0.348000 2.102128 -0.293333
v 0.348000 2.090128 -0.293333
v 0.372000 2.088272 -0.293333
v 0.372000 2.076272 -0.293333
v 0.396000 2.095200 -0.293333
v 0.396000 2.083200 -0.293333
v 0.420000 2.102128 -0.293333
v 0.420000 2.090128 -0.293333
v 0.444000 2.088272 -0.293333
v 0.444000 2.076272 -0.293333
v 0.468000 2.095200 -0.293333
v 0.468000 2.083200 -0.293333
v 0.492000 2.102128 -0.293333
v 0.492000 2.090128 -0.293333
v 0.516000 2.088272 -0.293333
v 0.516000 2.076272 -0.293333
v 0.540000 2.095200 -0.293333
v 0.540000 2.083200 -0.293333
v 0.564000 2.102128 -0.293333
v 0.564000 2.090128 -0.293333
v 0.588000 2.088272 -0.293333
v 0.588000 2.076272 -0.293333
v 0.612000 2.095200 -0.293333
v 0.612000 2.083200 -0.293333
v 0.636000 2.102128 -0.293333
v 0.636000 2.090128 -0.293333
v 0.660000 2.088272 -0.293333
v 0.660000 2.076272 -0.293333
v 0.684000 2.095200 -0.293333
v 0.684000 2.083200 -0.293333
v 0.708000 2.102128 -0.293333
v 0.708000 2.090128 -0.293333
v 0.732000 2.088272 -0.293333
v 0.732000 2.076272 -0.293333
v 0.756000 2.095200 -0.293333
v 0.756000 2.083200 -0.293333
v 0.780000 2.102128 -0.293333
v 0.780000 2.090128 -0.293333
v 0.804000 2.088272 -0.293333
v 0.804000 2.076272 -0.293333
v 0.828000 2.095200 -0.293333
v 0.828000 2.083200 -0.293333
v 0.852000 2.102128 -0.293333
v 0.852000 2.090128 -0.293333
v 0.876000 2.088272 -0.293333
v 0.876000 2.076272 -0.293333
v 0.900000 2.095200 -0.293333
v 0.900000 2.083200 -0.293333
v -0.900000 2.086400 -0.320000
v -0.900000 2.074400 -0.320000
v -0.876000 2.093328 -0.320000
v -0.876000 2.081328 -0.320000
v -0.852000 2.079472 -0.320000
v -0.852000 2.067472 -0.320000
v -0.828000 2.086400 -0.320000
v -0.828000 2.074400 -0.320000
v -0.804000 2.093328 -0.320000
v -0.804000 2.081328 -0.320000
v -0.780000 2.079472 -0.320000
v -0.780000 2.067472 -0.320000
v -0.756000 2.086400 -0.320000
v -0.756000 2.074400 -0.320000
v -0.732000 2.093328 -0.320000
v -0.732000 2.081328 -0.320000
v -0.708000 2.079472 -0.320000
v -0.708000 2.067472 -0.320000
v -0.684000 2.086400 -0.320000
v -0.684000 2.074400 -0.320000
v -0.660000 2.093328 -0.320000
v -0.660000 2.081328 -0.320000
v -0.636000 2.079472 -0.320000
v -0.636000 2.067472 -0.320000
v -0.612000 2.086400 -0.320000
v -0.612000 2.074400 -0.320000
v -0.588000 2.093328 -0.320000
v -0.588000 2.081328 -0.320000
v -0.564000 2.079472 -0.320000
v -0.564000 2.067472 -0.320000
v -0.540000 2.086400 -0.320000
v -0.540000 2.074400 -0.320000
v -0.516000 2.093328 -0.320000
v -0.516000 2.081328 -0.320000
v -0.492000 2.079472 -0.320000
v -0.492000 2.067472 -0.320000
v -0.468000 2.086400 -0.320000
v -0.468000 2.074400 -0.320000
v -0.444000 2.093328 -0.320000
v -0.444000 2.081328 -0.320000
v -0.420000 2.079472 -0.320000
v -0.420000 2.067472 -0.320000
v -0.396000 2.086400 -0.320000
v -0.396000 2.074400 -0.320000
v -0.372000 2.093328 -0.320000
v -0.372000 2.081328 -0.320000
v -0.348000 2.079472 -0.320000
v -0.348000 2.067472 -0.320000
v -0.324000 2.086400 -0.320000
v -0.324000 2.074400 -0.320000
v -0.300000 2.093328 -0.320000
v -0.300000 2.081328 -0.320000
v -0.276000 2.079472 -0.320000
v -0.276000 2.067472 -0.320000
v -0.252000 2.086400 -0.320000
v -0.252000 2.074400 -0.320000
v -0.228000 2.093328 -0.320000
v -0.228000 2.081328 -0.320000
v -0.204000 2.079472 -0.320000
v -0.204000 2.067472 -0.320000
v -0.180000 2.086400 -0.320000
v -0.180000 2.074400 -0.320000
v -0.156000 2.093328 -0.320000
v -0.156000 2.081328 -0.320000
v -0.132000 2.079472 -0.320000
v -0.132000 2.067472 -0.320000
v -0.108000 2.086400 -0.320000
v -0.108000 2.074400 -0.320000
v -0.084000 2.093328 -0.320000
v -0.084000 2.081328 -0.320000
v -0.060000 2.079472 -0.320000
v -0.060000 2.067472 -0.320000
v -0.036000 2.086400 -0.320000
v -0.036000 2.074400 -0.320000
v -0.012000 2.093328 -0.320000
v -0.012000 2.081328 -0.320000
v 0.012000 2.079472 -0.320000
v 0.012000 2.067472 -0.320000
v 0.036000 2.086400 -0.320000
v 0.036000 2.074400 -0.320000
v 0.060000 2.093328 -0.320000
v 0.060000 2.081328 -0.320000
v 0.084000 2.079472 -0.320000
v 0.084000 2.067472 -0.320000
v 0.108000 2.086400 -0.320000
v 0.108000 2.074400 -0.320000
v 0.132000 2.093328 -0.320000
v 0.132000 2.081328 -0.320000
v 0.156000 2.079472 -0.320000
v 0.156000 2.067472 -0.320000
v 0.180000 2.086400 -0.320000
v 0.180000 2.074400 -0.320000
v 0.204000 2.093328 -0.320000
v 0.204000 2.081328 -0.320000
v 0.228000 2.079472 -0.320000
v 0.228000 2.067472 -0.320000
v 0.252000 2.086400 -0.320000
v 0.252000 2.074400 -0.320000
v 0.276000 2.093328 -0.320000
v 0.276000 2.081328 -0.320000
v 0.300000 2.079472 -0.320000
v 0.300000 2.067472 -0.320000
v 0.324000 2.086400 -0.320000
v 0.324000 2.074400 -0.320000
v 0.348000 2.093328 -0.320000
v 0.348000 2.081328 -0.320000
v 0.372000 2.079472 -0.320000
v 0.372000 2.067472 -0.320000
v 0.396000 2.086400 -0.320000
v 0.396000 2.074400 -0.320000
v 0.420000 2.093328 -0.320000
v 0.420000 2.081328 -0.320000
v 0.444000 2.079472 -0.320000
v 0.444000 2.067472 -0.320000
v 0.468000 2.086400 -0.320000
v 0.468000 2.074400 -0.320000
v 0.492000 2.093328 -0.320000
v 0.492000 2.081328 -0.320000
v 0.516000 2.079472 -0.320000
v 0.516000 2.067472 -0.320000
v 0.540000 2.086400 -0.320000
v 0.540000 2.074400 -0.320000
v 0.564000 2.093328 -0.320000
v 0.564000 2.081328 -0.320000
v 0.588000 2.079472 -0.320000
v 0.588000 2.067472 -0.320000
v 0.612000 2.086400 -0.320000
v 0.612000 2.074400 -0.320000
v 0.636000 2.093328 -0.320000
v 0.636000 2.081328 -0.320000
v 0.660000 2.079472 -0.320000
v 0.660000 2.067472 -0.320000
v 0.684000 2.086400 -0.320000
v 0.684000 2.074400 -0.320000
v 0.708000 2.093328 -0.320000
v 0.708000 2.081328 -0.320000
v 0.732000 2.079472 -0.320000
v 0.732000 2.067472 -0.320000
v 0.756000 2.086400 -0.320000
v 0.756000 2.074400 -0.320000
v 0.780000 2.093328 -0.320000
v 0.780000 2.081328 -0.320000
v 0.804000 2.079472 -0.320000
v 0.804000 2.067472 -0.320000
v 0.828000 2.086400 -0.320000
v 0.828000 2.074400 -0.320000
v 0.852000 2.093328 -0.320000
v 0.852000 2.081328 -0.320000
v 0.876000 2.079472 -0.320000
v 0.876000 2.067472 -0.320000
v 0.900000 2.086400 -0.320000
v 0.900000 2.074400 -0.320000
v -0.900000 2.077600 -0.346667
v -0.900000 2.065600 -0.346667
v -0.876000 2.084528 -0.346667
v -0.876000 2.072528 -0.346667
v -0.852000 2.070672 -0.346667
v -0.852000 2.058672 -0.346667
v -0.828000 2.077600 -0.346667
v -0.828000 2.065600 -0.346667
v -0.804000 2.084528 -0.346667
v -0.804000 2.072528 -0.346667
v -0.780000 2.070672 -0.346667
v -0.780000 2.058672 -0.346667
v -0.756000 2.077600 -0.346667
v -0.756000 2.065600 -0.346667
v -0.732000 2.084528 -0.346667
v -0.732000 2.072528 -0.346667
v -0.708000 2.070672 -0.346667
v -0.708000 2.058672 -0.346667
v -0.684000 2.077600 -0.346667
v -0.684000 2.065600 -0.346667
v -0.660000 2.084528 -0.346667
v -0.660000 2.072528 -0.346667
v -0.636000 2.070672 -0.346667
v -0.636000 2.058672 -0.346667
v -0.612000 2.077600 -0.346667
v -0.612000 2.065600 -0.346667
v -0.588000 2.084528 -0.346667
v -0.588000 2.072528 -0.346667
v -0.564000 2.070672 -0.346667
v -0.564000 2.058672 -0.346667
v -0.540000 2.077600 -0.346667
v -0.540000 2.065600 -0.346667
v -0.516000 2.084528 -0.346667
v -0.516000 2.072528 -0.346667
v -0.492000 2.070672 -0.346667
v -0.492000 2.058672 -0.346667
v -0.468000 2.077600 -0.346667
v -0.468000 2.065600 -0.346667
v -0.444000 2.084528 -0.346667
v -0.444000 2.072528 -0.346667
v -0.420000 2.070672 -0.346667
v -0.420000 2.058672 -0.346667
v -0.396000 2.077600 -0.346667
v -0.396000 2.065600 -0.346667
v -0.372000 2.084528 -0.346667
v -0.372000 2.072528 -0.346667
v -0.348000 2.070672 -0.346667
v -0.348000 2.058672 -0.346667
v -0.324000 2.077600 -0.346667
v -0.324000 2.065600 -0.346667
v -0.300000 2.084528 -0.346667
v -0.300000 2.072528 -0.346667
v -0.276000 2.070672 -0.346667
v -0.276000 2.058672 -0.346667
v -0.252000 2.077600 -0.346667
v -0.252000 2.065600 -0.346667
v -0.228000 2.084528 -0.346667
v -0.228000 2.072528 -0.346667
v -0.204000 2.070672 -0.346667
v -0.204000 2.058672 -0.346667
v -0.180000 2.077600 -0.346667
v -0.180000 2.065600 -0.346667
v -0.156000 2.084528 -0.346667
v -0.156000 2.072528 -0.346667
v -0.132000 2.070672 -0.346667
v -0.132000 2.058672 -0.346667
v -0.108000 2.077600 -0.346667
v -0.108000 2.065600 -0.346667
v -0.084000 2.084528 -0.346667
v -0.084000 2.072528 -0.346667
v -0.060000 2.070672 -0.346667
v -0.060000 2.058672 -0.346667
v -0.036000 2.077600 -0.346667
v -0.036000 2.065600 -0.346667
v -0.012000 2.084528 -0.346667
v -0.012000 2.072528 -0.346667
v 0.012000 2.070672 -0.346667
v 0.012000 2.058672 -0.346667
v 0.036000 2.077600 -0.346667
v 0.036000 2.065600 -0.346667
v 0.060000 2.084528 -0.346667
v 0.060000 2.072528 -0.346667
v 0.084000 2.070672 -0.346667
v 0.084000 2.058672 -0.346667
v 0.108000 2.077600 -0.346667
v 0.108000 2.065600 -0.346667
v 0.132000 2.084528 -0.346667
v 0.132000 2.072528 -0.346667
v 0.156000 2.070672 -0.346667
v 0.156000 2.058672 -0.346667
v 0.180000 2.077600 -0.346667
v 0.180000 2.065600 -0.346667
v 0.204000 2.084528 -0.346667
v 0.204000 2.072528 -0.346667
v 0.228000 2.070672 -0.346667
v 0.228000 2.058672 -0.346667
v 0.252000 2.077600 -0.346667
v 0.252000 2.065600 -0.346667
v 0.276000 2.084528 -0.346667
v 0.276000 2.072528 -0.346667
v 0.300000 2.070672 -0.346667
v 0.300000 2.058672 -0.346667
v 0.324000 2.077600 -0.346667
v 0.324000 2.065600 -0.346667
v 0.348000 2.084528 -0.346667
v 0.348000 2.072528 -0.346667
v 0.372000 2.070672 -0.346667
v 0.372000 2.058672 -0.346667
v 0.396000 2.077600 -0.346667
v 0.396000 2.065600 -0.346667
v 0.420000 2.084528 -0.346667
v 0.420000 2.072528 -0.346667
v 0.444000 2.070672 -0.346667
v 0.444000 2.058672 -0.346667
v 0.468000 2.077600 -0.346667
v 0.468000 2.065600 -0.346667
v 0.492000 2.084528 -0.346667
v 0.492000 2.072528 -0.346667
v 0.516000 2.070672 -0.346667
v 0.516000 2.058672 -0.346667
v 0.540000 2.077600 -0.346667
v 0.540000 2.065600 -0.346667
v 0.564000 2.084528 -0.346667
v 0.564000 2.072528 -0.346667
v 0.588000 2.070672 -0.346667
v 0.588000 2.058672 -0.346667
v 0.612000 2.077600 -0.346667
v 0.612000 2.065600 -0.346667
v 0.636000 2.084528 -0.346667
v 0.636000 2.072528 -0.346667
v 0.660000 2.070672 -0.346667
v 0.660000 2.058672 -0.346667
v 0.684000 2.077600 -0.346667
v 0.684000 2.065600 -0.346667
v 0.708000 2.084528 -0.346667
v 0.708000 2.072528 -0.346667
v 0.732000 2.070672 -0.346667
v 0.732000 2.058672 -0.346667
v 0.756000 2.077600 -0.346667
v 0.756000 2.065600 -0.346667
v 0.780000 2.084528 -0.346667
v 0.780000 2.072528 -0.346667
v 0.804000 2.070672 -0.346667
v 0.804000 2.058672 -0.346667
v 0.828000 2.077600 -0.346667
v 0.828000 2.065600 -0.346667
v 0.852000 2.084528 -0.346667
v 0.852000 2.072528 -0.346667
v 0.876000 2.070672 -0.346667
v 0.876000 2.058672 -0.346667
v 0.900000 2.077600 -0.346667
v 0.900000 2.065600 -0.346667
v -0.900000 2.068800 -0.373333
v -0.900000 2.056800 -0.373333
v -0.876000 2.075728 -0.373333
v -0.876000 2.063728 -0.373333
v -0.852000 2.061872 -0.373333
v -0.852000 2.049872 -0.373333
v -0.828000 2.068800 -0.373333
v -0.828000 2.056800 -0.373333
v -0.804000 2.075728 -0.373333
v -0.804000 2.063728 -0.373333
v -0.780000 2.061872 -0.373333
v -0.780000 2.049872 -0.373333
v -0.756000 2.068800 -0.373333
v -0.756000 2.056800 -0.373333
v -0.732000 2.075728 -0.373333
v -0.732000 2.063728 -0.373333
v -0.708000 2.061872 -0.373333
v -0.708000 2.049872 -0.373333
v -0.684000 2.068800 -0.373333
v -0.684000 2.056800 -0.373333
v -0.660000 2.075728 -0.373333
v -0.660000 2.063728 -0.373333
v -0.636000 2.061872 -0.373333
v -0.636000 2.049872 -0.373333
v -0.612000 2.068800 -0.373333
v -0.612000 2.056800 -0.373333
v -0.588000 2.075728 -0.373333
v -0.588000 2.063728 -0.373333
v -0.564000 2.061872 -0.373333
v -0.564000 2.049872 -0.373333
v -0.540000 2.068800 -0.373333
v -0.540000 2.056800 -0.373333
v -0.516000 2.075728 -0.373333
v -0.516000 2.063728 -0.373333
v -0.492000 2.061872 -0.373333
v -0.492000 2.049872 -0.373333
v -0.468000 2.068800 -0.373333
v -0.468000 2.056800 -0.373333
v -0.444000 2.075728 -0.373333
v -0.444000 2.063728 -0.373333
v -0.420000 2.061872 -0.373333
v -0.420000 2.049872 -0.373333
v -0.396000 2.068800 -0.373333
v -0.396000 2.056800 -0.373333
v -0.372000 2.075728 -0.373333
v -0.372000 2.063728 -0.373333
v -0.348000 2.061872 -0.373333
v -0.348000 2.049872 -0.373333
v -0.324000 2.068800 -0.373333
v -0.324000 2.056800 -0.373333
v -0.300000 2.075728 -0.373333
v -0.300000 2.063728 -0.373333
v -0.276000 2.061872 -0.373333
v -0.276000 2.049872 -0.373333
v -0.252000 2.068800 -0.373333
v -0.252000 2.056800 -0.373333
v -0.228000 2.075728 -0.373333
v -0.228000 2.063728 -0.373333
v -0.204000 2.061872 -0.373333
v -0.204000 2.049872 -0.373333
v -0.180000 2.068800 -0.373333
v -0.180000 2.056800 -0.373333
v -0.156000 2.075728 -0.373333
v -0.156000 2.063728 -0.373333
v -0.132000 2.061872 -0.373333
v -0.132000 2.049872 -0.373333
v -0.108000 2.068800 -0.373333
v -0.108000 2.056800 -0.373333
v -0.084000 2.075728 -0.373333
v -0.084000 2.063728 -0.373333
v -0.060000 2.061872 -0.373333
v -0.060000 2.049872 -0.373333
v -0.036000 2.068800 -0.373333
v -0.036000 2.056800 -0.373333
v -0.012000 2.075728 -0.373333
v -0.012000 2.063728 -0.373333
v 0.012000 2.061872 -0.373333
v 0.012000 2.049872 -0.373333
v 0.036000 2.068800 -0.373333
v 0.036000 2.056800 -0.373333
v 0.060000 2.075728 -0.373333
v 0.060000 2.063728 -0.373333
v 0.084000 2.061872 -0.373333
v 0.084000 2.049872 -0.373333
v 0.108000 2.068800 -0.373333
v 0.108000 2.056800 -0.373333
v 0.132000 2.075728 -0.373333
v 0.132000 2.063728 -0.373333
v 0.156000 2.061872 -0.373333
v 0.156000 2.049872 -0.373333
v 0.180000 2.068800 -0.373333
v 0.180000 2.056800 -0.373333
v 0.204000 2.075728 -0.373333
v 0.204000 2.063728 -0.373333
v 0.228000 2.061872 -0.373333
v 0.228000 2.049872 -0.373333
v 0.252000 2.068800 -0.373333
v 0.252000 2.056800 -0.373333
v 0.276000 2.075728 -0.373333
v 0.276000 2.063728 -0.373333
v 0.300000 2.061872 -0.373333
v 0.300000 2.049872 -0.373333
v 0.324000 2.068800 -0.373333
v 0.324000 2.056800 -0.373333
v 0.348000 2.075728 -0.373333
v 0.348000 2.063728 -0.373333
v 0.372000 2.061872 -0.373333
v 0.372000 2.049872 -0.373333
v 0.396000 2.068800 -0.373333
v 0.396000 2.056800 -0.373333
v 0.420000 2.075728 -0.373333
v 0.420000 2.063728 -0.373333
v 0.444000 2.061872 -0.373333
v 0.444000 2.049872 -0.373333
v 0.468000 2.068800 -0.373333
v 0.468000 2.056800 -0.373333
v 0.492000 2.075728 -0.373333
v 0.492000 2.063728 -0.373333
v 0.516000 2.061872 -0.373333
v 0.516000 2.049872 -0.373333
v 0.540000 2.068800 -0.373333
v 0.540000 2.056800 -0.373333
v 0.564000 2.075728 -0.373333
v 0.564000 2.063728 -0.373333
v 0.588000 2.061872 -0.373333
v 0.588000 2.049872 -0.373333
v 0.612000 2.068800 -0.373333
v 0.612000 2.056800 -0.373333
v 0.636000 2.075728 -0.373333
v 0.636000 2.063728 -0.373333
v 0.660000 2.061872 -0.373333
v 0.660000 2.049872 -0.373333
v 0.684000 2.068800 -0.373333
v 0.684000 2.056800 -0.373333
v 0.708000 2.075728 -0.373333
v 0.708000 2.063728 -0.373333
v 0.732000 2.061872 -0.373333
v 0.732000 2.049872 -0.373333
v 0.756000 2.068800 -0.373333
v 0.756000 2.056800 -0.373333
v 0.780000 2.075728 -0.373333
v 0.780000 2.063728 -0.373333
v 0.804000 2.061872 -0.373333
v 0.804000 2.049872 -0.373333
v 0.828000 2.068800 -0.373333
v 0.828000 2.056800 -0.373333
v 0.852000 2.075728 -0.373333
v 0.852000 2.063728 -0.373333
v 0.876000 2.061872 -0.373333
v 0.876000 2.049872 -0.373333
v 0.900000 2.068800 -0.373333
v 0.900000 2.056800 -0.373333
v -0.900000 2.060000 -0.400000
v -0.900000 2.048000 -0.400000
v -0.876000 2.066928 -0.400000
v -0.876000 2.054928 -0.400000
v -0.852000 2.053072 -0.400000
v -0.852000 2.041072 -0.400000
v -0.828000 2.060000 -0.400000
v -0.828000 2.048000 -0.400000
v -0.804000 2.066928 -0.400000
v -0.804000 2.054928 -0.400000
v -0.780000 2.053072 -0.400000
v -0.780000 2.041072 -0.400000
v -0.756000 2.060000 -0.400000
v -0.756000 2.048000 -0.400000
v -0.732000 2.066928 -0.400000
v -0.732000 2.054928 -0.400000
v -0.708000 2.053072 -0.400000
v -0.708000 2.041072 -0.400000
v -0.684000 2.060000 -0.400000
v -0.684000 2.048000 -0.400000
v -0.660000 2.066928 -0.400000
v -0.660000 2.054928 -0.400000
v -0.636000 2.053072 -0.400000
v -0.636000 2.041072 -0.400000
v -0.612000 2.060000 -0.400000
v -0.612000 2.048000 -0.400000
v -0.588000 2.066928 -0.400000
v -0.588000 2.054928 -0.400000
v -0.564000 2.053072 -0.400000
v -0.564000 2.041072 -0.400000
v -0.540000 2.060000 -0.400000
v -0.540000 2.048000 -0.400000
v -0.516000 2.066928 -0.400000
v -0.516000 2.054928 -0.400000
v -0.492000 2.053072 -0.400000
v -0.492000 2.041072 -0.400000
v -0.468000 2.060000 -0.400000
v -0.468000 2.048000 -0.400000
v -0.444000 2.066928 -0.400000
v -0.444000 2.054928 -0.400000
v -0.420000 2.053072 -0.400000
v -0.420000 2.041072 -0.400000
v -0.396000 2.060000 -0.400000
v -0.396000 2.048000 -0.400000
v -0.372000 2.066928 -0.400000
v -0.372000 2.054928 -0.400000
v -0.348000 2.053072 -0.400000
v -0.348000 2.041072 -0.400000
v -0.324000 2.060000 -0.400000
v -0.324000 2.048000 -0.400000
v -0.300000 2.066928 -0.400000
v -0.300000 2.054928 -0.400000
v -0.276000 2.053072 -0.400000
v -0.276000 2.041072 -0.400000
v -0.252000 2.060000 -0.400000
v -0.252000 2.048000 -0.400000
v -0.228000 2.066928 -0.400000
v -0.228000 2.054928 -0.400000
v -0.204000 2.053072 -0.400000
v -0.204000 2.041072 -0.400000
v -0.180000 2.060000 -0.400000
v -0.180000 2.048000 -0.400000
v -0.156000 2.066928 -0.400000
v -0.156000 2.054928 -0.400000
v -0.132000 2.053072 -0.400000
v -0.132000 2.041072 -0.400000
v -0.108000 2.060000 -0.400000
v -0.108000 2.048000 -0.400000
v -0.084000 2.066928 -0.400000
v -0.084000 2.054928 -0.400000
v -0.060000 2.053072 -0.400000
v -0.060000 2.041072 -0.400000
v -0.036000 2.060000 -0.400000
v -0.036000 2.048000 -0.400000
v -0.012000 2.066928 -0.400000
v -0.012000 2.054928 -0.400000
v 0.012000 2.053072 -0.400000
v 0.012000 2.041072 -0.400000
v 0.036000 2.060000 -0.400000
v 0.036000 2.048000 -0.400000
v 0.060000 2.066928 -0.400000
v 0.060000 2.054928 -0.400000
v 0.084000 2.053072 -0.400000
v 0.084000 2.041072 -0.400000
v 0.108000 2.060000 -0.400000
v 0.108000 2.048000 -0.400000
v 0.132000 2.066928 -0.400000
v 0.132000 2.054928 -0.400000
v 0.156000 2.053072 -0.400000
v 0.156000 2.041072 -0.400000
v 0.180000 2.060000 -0.400000
v 0.180000 2.048000 -0.400000
v 0.204000 2.066928 -0.400000
v 0.204000 2.054928 -0.400000
v 0.228000 2.053072 -0.400000
v 0.228000 2.041072 -0.400000
v 0.252000 2.060000 -0.400000
v 0.252000 2.048000 -0.400000
v 0.276000 2.066928 -0.400000
v 0.276000 2.054928 -0.400000
v 0.300000 2.053072 -0.400000
v 0.300000 2.041072 -0.400000
v 0.324000 2.060000 -0.400000
v 0.324000 2.048000 -0.400000
v 0.348000 2.066928 -0.400000
v 0.348000 2.054928 -0.400000
v 0.372000 2.053072 -0.400000
v 0.372000 2.041072 -0.400000
v 0.396000 2.060000 -0.400000
v 0.396000 2.048000 -0.400000
v 0.420000 2.066928 -0.400000
v 0.420000 2.054928 -0.400000
v 0.444000 2.053072 -0.400000
v 0.444000 2.041072 -0.400000
v 0.468000 2.060000 -0.400000
v 0.468000 2.048000 -0.400000
v 0.492000 2.066928 -0.400000
v 0.492000 2.054928 -0.400000
v 0.516000 2.053072 -0.400000
v 0.516000 2.041072 -0.400000
v 0.540000 2.060000 -0.400000
v 0.540000 2.048000 -0.400000
v 0.564000 2.066928 -0.400000
v 0.564000 2.054928 -0.400000
v 0.588000 2.053072 -0.400000
v 0.588000 2.041072 -0.400000
v 0.612000 2.060000 -0.400000
v 0.612000 2.048000 -0.400000
v 0.636000 2.066928 -0.400000
v 0.636000 2.054928 -0.400000
v 0.660000 2.053072 -0.400000
v 0.660000 2.041072 -0.400000
v 0.684000 2.060000 -0.400000
v 0.684000 2.048000 -0.400000
v 0.708000 2.066928 -0.400000
v 0.708000 2.054928 -0.400000
v 0.732000 2.053072 -0.400000
v 0.732000 2.041072 -0.400000
v 0.756000 2.060000 -0.400000
v 0.756000 2.048000 -0.400000
v 0.780000 2.066928 -0.400000
v 0.780000 2.054928 -0.400000
v 0.804000 2.053072 -0.400000
v 0.804000 2.041072 -0.400000
v 0.828000 2.060000 -0.400000
v 0.828000 2.048000 -0.400000
v 0.852000 2.066928 -0.400000
v 0.852000 2.054928 -0.400000
v 0.876000 2.053072 -0.400000
v 0.876000 2.041072 -0.400000
v 0.900000 2.060000 -0.400000
v 0.900000 2.048000 -0.400000
v -0.900000 2.182000 -0.040000
v -0.900000 2.182000 0.040000
v -0.900000 2.200000 -0.040000
v -0.900000 2.200000 0.040000
v 0.900000 2.182000 -0.040000
v 0.900000 2.182000 0.040000
v 0.900000 2.200000 -0.040000
v 0.900000 2.200000 0.040000
v -0.870000 2.185000 0.000000
v -0.870000 2.065000 0.385000
v -0.874393 2.195126 0.003156
v -0.874393 2.075126 0.388156
v -0.885000 2.199321 0.004464
v -0.885000 2.079321 0.389464
v -0.895607 2.195126 0.003156
v -0.895607 2.075126 0.388156
v -0.900000 2.185000 0.000000
v -0.900000 2.065000 0.385000
v -0.895607 2.174874 -0.003156
v -0.895607 2.054874 0.381844
v -0.885000 2.170679 -0.004464
v -0.885000 2.050679 0.380536
v -0.874393 2.174874 -0.003156
v -0.874393 2.054874 0.381844
v -0.885000 2.185000 0.000000
v -0.885000 2.065000 0.385000
v -0.900000 2.185000 0.000000
v -0.900000 2.065000 -0.385000
v -0.895607 2.195126 -0.003156
v -0.895607 2.075126 -0.388156
v -0.885000 2.199321 -0.004464
v -0.885000 2.079321 -0.389464
v -0.874393 2.195126 -0.003156
v -0.874393 2.075126 -0.388156
v -0.870000 2.185000 -0.000000
v -0.870000 2.065000 -0.385000
v -0.874393 2.174874 0.003156
v -0.874393 2.054874 -0.381844
v -0.885000 2.170679 0.004464
v -0.885000 2.050679 -0.380536
v -0.895607 2.174874 0.003156
v -0.895607 2.054874 -0.381844
v -0.885000 2.185000 0.000000
v -0.885000 2.065000 -0.385000
v 0.900000 2.185000 0.000000
v 0.900000 2.065000 0.385000
v 0.895607 2.195126 0.003156
v 0.895607 2.075126 0.388156
v 0.885000 2.199321 0.004464
v 0.885000 2.079321 0.389464
v 0.874393 2.195126 0.003156
v 0.874393 2.075126 0.388156
v 0.870000 2.185000 0.000000
v 0.870000 2.065000 0.385000
v 0.874393 2.174874 -0.003156
v 0.874393 2.054874 0.381844
v 0.885000 2.170679 -0.004464
v 0.885000 2.050679 0.380536
v 0.895607 2.174874 -0.003156
v 0.895607 2.054874 0.381844
v 0.885000 2.185000 0.000000
v 0.885000 2.065000 0.385000
v 0.870000 2.185000 0.000000
v 0.870000 2.065000 -0.385000
v 0.874393 2.195126 -0.003156
v 0.874393 2.075126 -0.388156
v 0.885000 2.199321 -0.004464
v 0.885000 2.079321 -0.389464
v 0.895607 2.195126 -0.003156
v 0.895607 2.075126 -0.388156
v 0.900000 2.185000 -0.000000
v 0.900000 2.065000 -0.385000
v 0.895607 2.174874 0.003156
v 0.895607 2.054874 -0.381844
v 0.885000 2.170679 0.004464
v 0.885000 2.050679 -0.380536
v 0.874393 2.174874 0.003156
v 0.874393 2.054874 -0.381844
v 0.885000 2.185000 0.000000
v 0.885000 2.065000 -0.385000
vt 0.000000 0.000000
vt 0.013333 0.000000
vt 0.013333 0.066667
vt 0.000000 0.066667
vt 0.013333 0.000000
vt 0.026667 0.000000
vt 0.026667 0.066667
vt 0.013333 0.066667
vt 0.026667 0.000000
vt 0.040000 0.000000
vt 0.040000 0.066667
vt 0.026667 0.066667
vt 0.040000 0.000000
vt 0.053333 0.000000
vt 0.053333 0.066667
vt 0.040000 0.066667
vt 0.053333 0.000000
vt 0.066667 0.000000
vt 0.066667 0.066667
vt 0.053333 0.066667
vt 0.066667 0.000000
vt 0.080000 0.000000
vt 0.080000 0.066667
vt 0.066667 0.066667
vt 0.080000 0.000000
vt 0.093333 0.000000
vt 0.093333 0.066667
vt 0.080000 0.066667
vt 0.093333 0.000000
vt 0.106667 0.000000
vt 0.106667 0.066667
vt 0.093333 0.066667
vt 0.106667 0.000000
vt 0.120000 0.000000
vt 0.120000 0.066667
vt 0.106667 0.066667
vt 0.120000 0.000000
vt 0.133333 0.000000
vt 0.133333 0.066667
vt 0.120000 0.066667
vt 0.133333 0.000000
vt 0.146667 0.000000
vt 0.146667 0.066667
vt 0.133333 0.066667
vt 0.146667 0.000000
vt 0.160000 0.000000
vt 0.160000 0.066667
vt 0.146667 0.066667
vt 0.160000 0.000000
vt 0.173333 0.000000
vt 0.173333 0.066667
vt 0.160000 0.066667
vt 0.173333 0.000000
vt 0.186667 0.000000
vt 0.186667 0.066667
vt 0.173333 0.066667
vt 0.186667 0.000000
vt 0.200000 0.000000
vt 0.200000 0.066667
vt 0.186667 0.066667
vt 0.200000 0.000000
vt 0.213333 0.000000
vt 0.213333 0.066667
vt 0.200000 0.066667
vt 0.213333 0.000000
vt 0.226667 0.000000
vt 0.226667 0.066667
vt 0.213333 0.066667
vt 0.226667 0.000000
vt 0.240000 0.000000
vt 0.240000 0.066667
vt 0.226667 0.066667
vt 0.240000 0.000000
vt 0.253333 0.000000
vt 0.253333 0.066667
vt 0.240000 0.066667
vt 0.253333 0.000000
vt 0.266667 0.000000
vt 0.266667 0.066667
vt 0.253333 0.066667
vt 0.266667 0.000000
vt 0.280000 0.000000
vt 0.280000 0.066667
vt 0.266667 0.066667
vt 0.280000 0.000000
vt 0.293333 0.000000
vt 0.293333 0.066667
vt 0.280000 0.066667
vt 0.293333 0.000000
vt 0.306667 0.000000
vt 0.306667 0.066667
vt 0.293333 0.066667
vt 0.306667 0.000000
vt 0.320000 0.000000
vt 0.320000 0.066667
vt 0.306667 0.066667
vt 0.320000 0.000000
vt 0.333333 0.000000
vt 0.333333 0.066667
vt 0.320000 0.066667
vt 0.333333 0.000000
vt 0.346667 0.000000
vt 0.346667 0.066667
vt 0.333333 0.066667
vt 0.346667 0.000000
vt 0.360000 0.000000
vt 0.360000 0.066667
vt 0.346667 0.066667
vt 0.360000 0.000000
vt 0.373333 0.000000
vt 0.373333 0.066667
vt 0.360000 0.066667
vt 0.373333 0.000000
vt 0.386667 0.000000
vt 0.386667 0.066667
vt 0.373333 0.066667
vt 0.386667 0.000000
vt 0.400000 0.000000
vt 0.400000 0.066667
vt 0.386667 0.066667
vt 0.400000 0.000000
vt 0.413333 0.000000
vt 0.413333 0.066667
vt 0.400000 0.066667
vt 0.413333 0.000000
vt 0.426667 0.000000
vt 0.426667 0.066667
vt 0.413333 0.066667
vt 0.426667 0.000000
vt 0.440000 0.000000
vt 0.440000 0.066667
vt 0.426667 0.066667
vt 0.440000 0.000000
vt 0.453333 0.000000
vt 0.453333 0.066667
vt 0.440000 0.066667
vt 0.453333 0.000000
vt 0.466667 0.000000
vt 0.466667 0.066667
vt 0.453333 0.066667
vt 0.466667 0.000000
vt 0.480000 0.000000
vt 0.480000 0.066667
vt 0.466667 0.066667
vt 0.480000 0.000000
vt 0.493333 0.000000
vt 0.493333 0.066667
vt 0.480000 0.066667
vt 0.493333 0.000000
vt 0.506667 0.000000
vt 0.506667 0.066667
vt 0.493333 0.066667
vt 0.506667 0.000000
vt 0.520000 0.000000
vt 0.520000 0.066667
vt 0.506667 0.066667
vt 0.520000 0.000000
vt 0.533333 0.000000
vt 0.533333 0.066667
vt 0.520000 0.066667
vt 0.533333 0.000000
vt 0.546667 0.000000
vt 0.546667 0.066667
vt 0.533333 0.066667
vt 0.546667 0.000000
vt 0.560000 0.000000
vt 0.560000 0.066667
vt 0.546667 0.066667
vt 0.560000 0.000000
vt 0.573333 0.000000
vt 0.573333 0.066667
vt 0.560000 0.066667
vt 0.573333 0.000000
vt 0.586667 0.000000
vt 0.586667 0.066667
vt 0.573333 0.066667
vt 0.586667 0.000000
vt 0.600000 0.000000
vt 0.600000 0.066667
vt 0.586667 0.066667
vt 0.600000 0.000000
vt 0.613333 0.000000
vt 0.613333 0.066667
vt 0.600000 0.066667
vt 0.613333 0.000000
vt 0.626667 0.000000
vt 0.626667 0.066667
vt 0.613333 0.066667
vt 0.626667 0.000000
vt 0.640000 0.000000
vt 0.640000 0.066667
vt 0.626667 0.066667
vt 0.640000 0.000000
vt 0.653333 0.000000
vt 0.653333 0.066667
vt 0.640000 0.066667
vt 0.653333 0.000000
vt 0.666667 0.000000
vt 0.666667 0.066667
vt 0.653333 0.066667
vt 0.666667 0.000000
vt 0.680000 0.000000
vt 0.680000 0.066667
vt 0.666667 0.066667
vt 0.680000 0.000000
vt 0.693333 0.000000
vt 0.693333 0.066667
vt 0.680000 0.066667
vt 0.693333 0.000000
vt 0.706667 0.000000
vt 0.706667 0.066667
vt 0.693333 0.066667
vt 0.706667 0.000000
vt 0.720000 0.000000
vt 0.720000 0.066667
vt 0.706667 0.066667
vt 0.720000 0.000000
vt 0.733333 0.000000
vt 0.733333 0.066667
vt 0.720000 0.066667
vt 0.733333 0.000000
vt 0.746667 0.000000
vt 0.746667 0.066667
vt 0.733333 0.066667
vt 0.746667 0.000000
vt 0.760000 0.000000
vt 0.760000 0.066667
vt 0.746667 0.066667
vt 0.760000 0.000000
vt 0.773333 0.000000
vt 0.773333 0.066667
vt 0.760000 0.066667
vt 0.773333 0.000000
vt 0.786667 0.000000
vt 0.786667 0.066667
vt 0.773333 0.066667
vt 0.786667 0.000000
vt 0.800000 0.000000
vt 0.800000 0.066667
vt 0.786667 0.066667
vt 0.800000 0.000000
vt 0.813333 0.000000
vt 0.813333 0.066667
vt 0.800000 0.066667
vt 0.813333 0.000000
vt 0.826667 0.000000
vt 0.826667 0.066667
vt 0.813333 0.066667
vt 0.826667 0.000000
vt 0.840000 0.000000
vt 0.840000 0.066667
vt 0.826667 0.066667
vt 0.840000 0.000000
vt 0.853333 0.000000
vt 0.853333 0.066667
vt 0.840000 0.066667
vt 0.853333 0.000000
vt 0.866667 0.000000
vt 0.866667 0.066667
vt 0.853333 0.066667
vt 0.866667 0.000000
vt 0.880000 0.000000
vt 0.880000 0.066667
vt 0.866667 0.066667
vt 0.880000 0.000000
vt 0.893333 0.000000
vt 0.893333 0.066667
vt 0.880000 0.066667
vt 0.893333 0.000000
vt 0.906667 0.000000
vt 0.906667 0.066667
vt 0.893333 0.066667
vt 0.906667 0.000000
vt 0.920000 0.000000
vt 0.920000 0.066667
vt 0.906667 0.066667
vt 0.920000 0.000000
vt 0.933333 0.000000
vt 0.933333 0.066667
vt 0.920000 0.066667
vt 0.933333 0.000000
vt 0.946667 0.000000
vt 0.946667 0.066667
vt 0.933333 0.066667
vt 0.946667 0.000000
vt 0.960000 0.000000
vt 0.960000 0.066667
vt 0.946667 0.066667
vt 0.960000 0.000000
vt 0.973333 0.000000
vt 0.973333 0.066667
vt 0.960000 0.066667
vt 0.973333 0.000000
vt 0.986667 0.000000
vt 0.986667 0.066667
vt 0.973333 0.066667
vt 0.986667 0.000000
vt 1.000000 0.000000
vt 1.000000 0.066667
vt 0.986667 0.066667
vt 0.000000 0.066667
vt 0.013333 0.066667
vt 0.013333 0.133333
vt 0.000000 0.133333
vt 0.013333 0.066667
vt 0.026667 0.066667
vt 0.026667 0.133333
vt 0.013333 0.133333
vt 0.026667 0.066667
vt 0.040000 0.066667
vt 0.040000 0.133333
vt 0.026667 0.133333
vt 0.040000 0.066667
vt 0.053333 0.066667
vt 0.053333 0.133333
vt 0.040000 0.133333
vt 0.053333 0.066667
vt 0.066667 0.066667
vt 0.066667 0.133333
vt 0.053333 0.133333
vt 0.066667 0.066667
vt 0.080000 0.066667
vt 0.080000 0.133333
vt 0.066667 0.133333
vt 0.080000 0.066667
vt 0.093333 0.066667
vt 0.093333 0.133333
vt 0.080000 0.133333
vt 0.093333 0.066667
vt 0.106667 0.066667
vt 0.106667 0.133333
vt 0.093333 0.133333
vt 0.106667 0.066667
vt 0.120000 0.066667
vt 0.120000 0.133333
vt 0.106667 0.133333
vt 0.120000 0.066667
vt 0.133333 0.066667
vt 0.133333 0.133333
vt 0.120000 0.133333
vt 0.133333 0.066667
vt 0.146667 0.066667
vt 0.146667 0.133333
vt 0.133333 0.133333
vt 0.146667 0.066667
vt 0.160000 0.066667
vt 0.160000 0.133333
vt 0.146667 0.133333
vt 0.160000 0.066667
vt 0.173333 0.066667
vt 0.173333 0.133333
vt 0.160000 0.133333
vt 0.173333 0.066667
vt 0.186667 0.066667
vt 0.186667 0.133333
vt 0.173333 0.133333
vt 0.186667 0.066667
vt 0.200000 0.066667
vt 0.200000 0.133333
vt 0.186667 0.133333
vt 0.200000 0.066667
vt 0.213333 0.066667
vt 0.213333 0.133333
vt 0.200000 0.133333
vt 0.213333 0.066667
vt 0.226667 0.066667
vt 0.226667 0.133333
vt 0.213333 0.133333
vt 0.226667 0.066667
vt 0.240000 0.066667
vt 0.240000 0.133333
vt 0.226667 0.133333
vt 0.240000 0.066667
vt 0.253333 0.066667
vt 0.253333 0.133333
vt 0.240000 0.133333
vt 0.253333 0.066667
vt 0.266667 0.066667
vt 0.266667 0.133333
vt 0.253333 0.133333
vt 0.266667 0.066667
vt 0.280000 0.066667
vt 0.280000 0.133333
vt 0.266667 0.133333
vt 0.280000 0.066667
vt 0.293333 0.066667
vt 0.293333 0.133333
vt 0.280000 0.133333
vt 0.293333 0.066667
vt 0.306667 0.066667
vt 0.306667 0.133333
vt 0.293333 0.133333
vt 0.306667 0.066667
vt 0.320000 0.066667
vt 0.320000 0.133333
vt 0.306667 0.133333
vt 0.320000 0.066667
vt 0.333333 0.066667
vt 0.333333 0.133333
vt 0.320000 0.133333
vt 0.333333 0.066667
vt 0.346667 0.066667
vt 0.346667 0.133333
vt 0.333333 0.133333
vt 0.346667 0.066667
vt 0.360000 0.066667
vt 0.360000 0.133333
vt 0.346667 0.133333
vt 0.360000 0.066667
vt 0.373333 0.066667
vt 0.373333 0.133333
vt 0.360000 0.133333
vt 0.373333 0.066667
vt 0.386667 0.066667
vt 0.386667 0.133333
vt 0.373333 0.133333
vt 0.386667 0.066667
vt 0.400000 0.066667
vt 0.400000 0.133333
vt 0.386667 0.133333
vt 0.400000 0.066667
vt 0.413333 0.066667
vt 0.413333 0.133333
vt 0.400000 0.133333
vt 0.413333 0.066667
vt 0.426667 0.066667
vt 0.426667 0.133333
vt 0.413333 0.133333
vt 0.426667 0.066667
vt 0.440000 0.066667
vt 0.440000 0.133333
vt 0.426667 0.133333
vt 0.440000 0.066667
vt 0.453333 0.066667
vt 0.453333 0.133333
vt 0.440000 0.133333
vt 0.453333 0.066667
vt 0.466667 0.066667
vt 0.466667 0.133333
vt 0.453333 0.133333
vt 0.466667 0.066667
vt 0.480000 0.066667
vt 0.480000 0.133333
vt 0.466667 0.133333
vt 0.480000 0.066667
vt 0.493333 0.066667
vt 0.493333 0.133333
vt 0.480000 0.133333
vt 0.493333 0.066667
vt 0.506667 0.066667
vt 0.506667 0.133333
vt 0.493333 0.133333
vt 0.506667 0.066667
vt 0.520000 0.066667
vt 0.520000 0.133333
vt 0.506667 0.133333
vt 0.520000 0.066667
vt 0.533333 0.066667
vt 0.533333 0.133333
vt 0.520000 0.133333
vt 0.533333 0.066667
vt 0.546667 0.066667
vt 0.546667 0.133333
vt 0.533333 0.133333
vt 0.546667 0.066667
vt 0.560000 0.066667
vt 0.560000 0.133333
vt 0.546667 0.133333
vt 0.560000 0.066667
vt 0.573333 0.066667
vt 0.573333 0.133333
vt 0.560000 0.133333
vt 0.573333 0.066667
vt 0.586667 0.066667
vt 0.586667 0.133333
vt 0.573333 0.133333
vt 0.586667 0.066667
vt 0.600000 0.066667
vt 0.600000 0.133333
vt 0.586667 0.133333
vt 0.600000 0.066667
vt 0.613333 0.066667
vt 0.613333 0.133333
vt 0.600000 0.133333
vt 0.613333 0.066667
vt 0.626667 0.066667
vt 0.626667 0.133333
vt 0.613333 0.133333
vt 0.626667 0.066667
vt 0.640000 0.066667
vt 0.640000 0.133333
vt 0.626667 0.133333
vt 0.640000 0.066667
vt 0.653333 0.066667
vt 0.653333 0.133333
vt 0.640000 0.133333
vt 0.653333 0.066667
vt 0.666667 0.066667
vt 0.666667 0.133333
vt 0.653333 0.133333
vt 0.666667 0.066667
vt 0.680000 0.066667
vt 0.680000 0.133333
vt 0.666667 0.133333
vt 0.680000 0.066667
vt 0.693333 0.066667
vt 0.693333 0.133333
vt 0.680000 0.133333
vt 0.693333 0.066667
vt 0.706667 0.066667
vt 0.706667 0.133333
vt 0.693333 0.133333
vt 0.706667 0.066667
vt 0.720000 0.066667
vt 0.720000 0.133333
vt 0.706667 0.133333
vt 0.720000 0.066667
vt 0.733333 0.066667
vt 0.733333 0.133333
vt 0.720000 0.133333
vt 0.733333 0.066667
vt 0.746667 0.066667
vt 0.746667 0.133333
vt 0.733333 0.133333
vt 0.746667 0.066667
vt 0.760000 0.066667
vt 0.760000 0.133333
vt 0.746667 0.133333
vt 0.760000 0.066667
vt 0.773333 0.066667
vt 0.773333 0.133333
vt 0.760000 0.133333
vt 0.773333 0.066667
vt 0.786667 0.066667
vt 0.786667 0.133333
vt 0.773333 0.133333
vt 0.786667 0.066667
vt 0.800000 0.066667
vt 0.800000 0.133333
vt 0.786667 0.133333
vt 0.800000 0.066667
vt 0.813333 0.066667
vt 0.813333 0.133333
vt 0.800000 0.133333
vt 0.813333 0.066667
vt 0.826667 0.066667
vt 0.826667 0.133333
vt 0.813333 0.133333
vt 0.826667 0.066667
vt 0.840000 0.066667
vt 0.840000 0.133333
vt 0.826667 0.133333
vt 0.840000 0.066667
vt 0.853333 0.066667
vt 0.853333 0.133333
vt 0.840000 0.133333
vt 0.853333 0.066667
vt 0.866667 0.066667
vt 0.866667 0.133333
vt 0.853333 0.133333
vt 0.866667 0.066667
vt 0.880000 0.066667
vt 0.880000 0.133333
vt 0.866667 0.133333
vt 0.880000 0.066667
vt 0.893333 0.066667
vt 0.893333 0.133333
vt 0.880000 0.133333
vt 0.893333 0.066667
vt 0.906667 0.066667
vt 0.906667 0.133333
vt 0.893333 0.133333
vt 0.906667 0.066667
vt 0.920000 0.066667
vt 0.920000 0.133333
vt 0.906667 0.133333
vt 0.920000 0.066667
vt 0.933333 0.066667
vt 0.933333 0.133333
vt 0.920000 0.133333
vt 0.933333 0.066667
vt 0.946667 0.066667
vt 0.946667 0.133333
vt 0.933333 0.133333
vt 0.946667 0.066667
vt 0.960000 0.066667
vt 0.960000 0.133333
vt 0.946667 0.133333
vt 0.960000 0.066667
vt 0.973333 0.066667
vt 0.973333 0.133333
vt 0.960000 0.133333
vt 0.973333 0.066667
vt 0.986667 0.066667
vt 0.986667 0.133333
vt 0.973333 0.133333
vt 0.986667 0.066667
vt 1.000000 0.066667
vt 1.000000 0.133333
vt 0.986667 0.133333
vt 0.000000 0.133333
vt 0.013333 0.133333
vt 0.013333 0.200000
vt 0.000000 0.200000
vt 0.013333 0.133333
vt 0.026667 0.133333
vt 0.026667 0.200000
vt 0.013333 0.200000
vt 0.026667 0.133333
vt 0.040000 0.133333
vt 0.040000 0.200000
vt 0.026667 0.200000
vt 0.040000 0.133333
vt 0.053333 0.133333
vt 0.053333 0.200000
vt 0.040000 0.200000
vt 0.053333 0.133333
vt 0.066667 0.133333
vt 0.066667 0.200000
vt 0.053333 0.200000
vt 0.066667 0.133333
vt 0.080000 0.133333
vt 0.080000 0.200000
vt 0.066667 0.200000
vt 0.080000 0.133333
vt 0.093333 0.133333
vt 0.093333 0.200000
vt 0.080000 0.200000
vt 0.093333 0.133333
vt 0.106667 0.133333
vt 0.106667 0.200000
vt 0.093333 0.200000
vt 0.106667 0.133333
vt 0.120000 0.133333
vt 0.120000 0.200000
vt 0.106667 0.200000
vt 0.120000 0.133333
vt 0.133333 0.133333
vt 0.133333 0.200000
vt 0.120000 0.200000
vt 0.133333 0.133333
vt 0.146667 0.133333
vt 0.146667 0.200000
vt 0.133333 0.200000
vt 0.146667 0.133333
vt 0.160000 0.133333
vt 0.160000 0.200000
vt 0.146667 0.200000
vt 0.160000 0.133333
vt 0.173333 0.133333
vt 0.173333 0.200000
vt 0.160000 0.200000
vt 0.173333 0.133333
vt 0.186667 0.133333
vt 0.186667 0.200000
vt 0.173333 0.200000
vt 0.186667 0.133333
vt 0.200000 0.133333
vt 0.200000 0.200000
vt 0.186667 0.200000
vt 0.200000 0.133333
vt 0.213333 0.133333
vt 0.213333 0.200000
vt 0.200000 0.200000
vt 0.213333 0.133333
vt 0.226667 0.133333
vt 0.226667 0.200000
vt 0.213333 0.200000
vt 0.226667 0.133333
vt 0.240000 0.133333
vt 0.240000 0.200000
vt 0.226667 0.200000
vt 0.240000 0.133333
vt 0.253333 0.133333
vt 0.253333 0.200000
vt 0.240000 0.200000
vt 0.253333 0.133333
vt 0.266667 0.133333
vt 0.266667 0.200000
vt 0.253333 0.200000
vt 0.266667 0.133333
vt 0.280000 0.133333
vt 0.280000 0.200000
vt 0.266667 0.200000
vt 0.280000 0.133333
vt 0.293333 0.133333
vt 0.293333 0.200000
vt 0.280000 0.200000
vt 0.293333 0.133333
vt 0.306667 0.133333
vt 0.306667 0.200000
vt 0.293333 0.200000
vt 0.306667 0.133333
vt 0.320000 0.133333
vt 0.320000 0.200000
vt 0.306667 0.200000
vt 0.320000 0.133333
vt 0.333333 0.133333
vt 0.333333 0.200000
vt 0.320000 0.200000
vt 0.333333 0.133333
vt 0.346667 0.133333
vt 0.346667 0.200000
vt 0.333333 0.200000
vt 0.346667 0.133333
vt 0.360000 0.133333
vt 0.360000 0.200000
vt 0.346667 0.200000
vt 0.360000 0.133333
vt 0.373333 0.133333
vt 0.373333 0.200000
vt 0.360000 0.200000
vt 0.373333 0.133333
vt 0.386667 0.133333
vt 0.386667 0.200000
vt 0.373333 0.200000
vt 0.386667 0.133333
vt 0.400000 0.133333
vt 0.400000 0.200000
vt 0.386667 0.200000
vt 0.400000 0.133333
vt 0.413333 0.133333
vt 0.413333 0.200000
vt 0.400000 0.200000
vt 0.413333 0.133333
vt 0.426667 0.133333
vt 0.426667 0.200000
vt 0.413333 0.200000
vt 0.426667 0.133333
vt 0.440000 0.133333
vt 0.440000 0.200000
vt 0.426667 0.200000
vt 0.440000 0.133333
vt 0.453333 0.133333
vt 0.453333 0.200000
vt 0.440000 0.200000
vt 0.453333 0.133333
vt 0.466667 0.133333
vt 0.466667 0.200000
vt 0.453333 0.200000
vt 0.466667 0.133333
vt 0.480000 0.133333
vt 0.480000 0.200000
vt 0.466667 0.200000
vt 0.480000 0.133333
vt 0.493333 0.133333
vt 0.493333 0.200000
vt 0.480000 0.200000
vt 0.493333 0.133333
vt 0.506667 0.133333
vt 0.506667 0.200000
vt 0.493333 0.200000
vt 0.506667 0.133333
vt 0.520000 0.133333
vt 0.520000 0.200000
vt 0.506667 0.200000
vt 0.520000 0.133333
vt 0.533333 0.133333
vt 0.533333 0.200000
vt 0.520000 0.200000
vt 0.533333 0.133333
vt 0.546667 0.133333
vt 0.546667 0.200000
vt 0.533333 0.200000
vt 0.546667 0.133333
vt 0.560000 0.133333
vt 0.560000 0.200000
vt 0.546667 0.200000
vt 0.560000 0.133333
vt 0.573333 0.133333
vt 0.573333 0.200000
vt 0.560000 0.200000
vt 0.573333 0.133333
vt 0.586667 0.133333
vt 0.586667 0.200000
vt 0.573333 0.200000
vt 0.586667 0.133333
vt 0.600000 0.133333
vt 0.600000 0.200000
vt 0.586667 0.200000
vt 0.600000 0.133333
vt 0.613333 0.133333
vt 0.613333 0.200000
vt 0.600000 0.200000
vt 0.613333 0.133333
vt 0.626667 0.133333
vt 0.626667 0.200000
vt 0.613333 0.200000
vt 0.626667 0.133333
vt 0.640000 0.133333
vt 0.640000 0.200000
vt 0.626667 0.200000
vt 0.640000 0.133333
vt 0.653333 0.133333
vt 0.653333 0.200000
vt 0.640000 0.200000
vt 0.653333 0.133333
vt 0.666667 0.133333
vt 0.666667 0.200000
vt 0.653333 0.200000
vt 0.666667 0.133333
vt 0.680000 0.133333
vt 0.680000 0.200000
vt 0.666667 0.200000
vt 0.680000 0.133333
vt 0.693333 0.133333
vt 0.693333 0.200000
vt 0.680000 0.200000
vt 0.693333 0.133333
vt 0.706667 0.133333
vt 0.706667 0.200000
vt 0.693333 0.200000
vt 0.706667 0.133333
vt 0.720000 0.133333
vt 0.720000 0.200000
vt 0.706667 0.200000
vt 0.720000 0.133333
vt 0.733333 0.133333
vt 0.733333 0.200000
vt 0.720000 0.200000
vt 0.733333 0.133333
vt 0.746667 0.133333
vt 0.746667 0.200000
vt 0.733333 0.200000
vt 0.746667 0.133333
vt 0.760000 0.133333
vt 0.760000 0.200000
vt 0.746667 0.200000
vt 0.760000 0.133333
vt 0.773333 0.133333
vt 0.773333 0.200000
vt 0.760000 0.200000
vt 0.773333 0.133333
vt 0.786667 0.133333
vt 0.786667 0.200000
vt 0.773333 0.200000
vt 0.786667 0.133333
vt 0.800000 0.133333
vt 0.800000 0.200000
vt 0.786667 0.200000
vt 0.800000 0.133333
vt 0.813333 0.133333
vt 0.813333 0.200000
vt 0.800000 0.200000
vt 0.813333 0.133333
vt 0.826667 0.133333
vt 0.826667 0.200000
vt 0.813333 0.200000
vt 0.826667 0.133333
vt 0.840000 0.133333
vt 0.840000 0.200000
vt 0.826667 0.200000
vt 0.840000 0.133333
vt 0.853333 0.133333
vt 0.853333 0.200000
vt 0.840000 0.200000
vt 0.853333 0.133333
vt 0.866667 0.133333
vt 0.866667 0.200000
vt 0.853333 0.200000
vt 0.866667 0.133333
vt 0.880000 0.133333
vt 0.880000 0.200000
vt 0.866667 0.200000
vt 0.880000 0.133333
vt 0.893333 0.133333
vt 0.893333 0.200000
vt 0.880000 0.200000
vt 0.893333 0.133333
vt 0.906667 0.133333
vt 0.906667 0.200000
vt 0.893333 0.200000
vt 0.906667 0.133333
vt 0.920000 0.133333
vt 0.920000 0.200000
vt 0.906667 0.200000
vt 0.920000 0.133333
vt 0.933333 0.133333
vt 0.933333 0.200000
vt 0.920000 0.200000
vt 0.933333 0.133333
vt 0.946667 0.133333
vt 0.946667 0.200000
vt 0.933333 0.200000
vt 0.946667 0.133333
vt 0.960000 0.133333
vt 0.960000 0.200000
vt 0.946667 0.200000
vt 0.960000 0.133333
vt 0.973333 0.133333
vt 0.973333 0.200000
vt 0.960000 0.200000
vt 0.973333 0.133333
vt 0.986667 0.133333
vt 0.986667 0.200000
vt 0.973333 0.200000
vt 0.986667 0.133333
vt 1.000000 0.133333
vt 1.000000 0.200000
vt 0.986667 0.200000
vt 0.000000 0.200000
vt 0.013333 0.200000
vt 0.013333 0.266667
vt 0.000000 0.266667
vt 0.013333 0.200000
vt 0.026667 0.200000
vt 0.026667 0.266667
vt 0.013333 0.266667
vt 0.026667 0.200000
vt 0.040000 0.200000
vt 0.040000 0.266667
vt 0.026667 0.266667
vt 0.040000 0.200000
vt 0.053333 0.200000
vt 0.053333 0.266667
vt 0.040000 0.266667
vt 0.053333 0.200000
vt 0.066667 0.200000
vt 0.066667 0.266667
vt 0.053333 0.266667
vt 0.066667 0.200000
vt 0.080000 0.200000
vt 0.080000 0.266667
vt 0.066667 0.266667
vt 0.080000 0.200000
vt 0.093333 0.200000
vt 0.093333 0.266667
vt 0.080000 0.266667
vt 0.093333 0.200000
vt 0.106667 0.200000
vt 0.106667 0.266667
vt 0.093333 0.266667
vt 0.106667 0.200000
vt 0.120000 0.200000
vt 0.120000 0.266667
vt 0.106667 0.266667
vt 0.120000 0.200000
vt 0.133333 0.200000
vt 0.133333 0.266667
vt 0.120000 0.266667
vt 0.133333 0.200000
vt 0.146667 0.200000
vt 0.146667 0.266667
vt 0.133333 0.266667
vt 0.146667 0.200000
vt 0.160000 0.200000
vt 0.160000 0.266667
vt 0.146667 0.266667
vt 0.160000 0.200000
vt 0.173333 0.200000
vt 0.173333 0.266667
vt 0.160000 0.266667
vt 0.173333 0.200000
vt 0.186667 0.200000
vt 0.186667 0.266667
vt 0.173333 0.266667
vt 0.186667 0.200000
vt 0.200000 0.200000
vt 0.200000 0.266667
vt 0.186667 0.266667
vt 0.200000 0.200000
vt 0.213333 0.200000
vt 0.213333 0.266667
vt 0.200000 0.266667
vt 0.213333 0.200000
vt 0.226667 0.200000
vt 0.226667 0.266667
vt 0.213333 0.266667
vt 0.226667 0.200000
vt 0.240000 0.200000
vt 0.240000 0.266667
vt 0.226667 0.266667
vt 0.240000 0.200000
vt 0.253333 0.200000
vt 0.253333 0.266667
vt 0.240000 0.266667
vt 0.253333 0.200000
vt 0.266667 0.200000
vt 0.266667 0.266667
vt 0.253333 0.266667
vt 0.266667 0.200000
vt 0.280000 0.200000
vt 0.280000 0.266667
vt 0.266667 0.266667
vt 0.280000 0.200000
vt 0.293333 0.200000
vt 0.293333 0.266667
vt 0.280000 0.266667
vt 0.293333 0.200000
vt 0.306667 0.200000
vt 0.306667 0.266667
vt 0.293333 0.266667
vt 0.306667 0.200000
vt 0.320000 0.200000
vt 0.320000 0.266667
vt 0.306667 0.266667
vt 0.320000 0.200000
vt 0.333333 0.200000
vt 0.333333 0.266667
vt 0.320000 0.266667
vt 0.333333 0.200000
vt 0.346667 0.200000
vt 0.346667 0.266667
vt 0.333333 0.266667
vt 0.346667 0.200000
vt 0.360000 0.200000
vt 0.360000 0.266667
vt 0.346667 0.266667
vt 0.360000 0.200000
vt 0.373333 0.200000
vt 0.373333 0.266667
vt 0.360000 0.266667
vt 0.373333 0.200000
vt 0.386667 0.200000
vt 0.386667 0.266667
vt 0.373333 0.266667
vt 0.386667 0.200000
vt 0.400000 0.200000
vt 0.400000 0.266667
vt 0.386667 0.266667
vt 0.400000 0.200000
vt 0.413333 0.200000
vt 0.413333 0.266667
vt 0.400000 0.266667
vt 0.413333 0.200000
vt 0.426667 0.200000
vt 0.426667 0.266667
vt 0.413333 0.266667
vt 0.426667 0.200000
vt 0.440000 0.200000
vt 0.440000 0.266667
vt 0.426667 0.266667
vt 0.440000 0.200000
vt 0.453333 0.200000
vt 0.453333 0.266667
vt 0.440000 0.266667
vt 0.453333 0.200000
vt 0.466667 0.200000
vt 0.466667 0.266667
vt 0.453333 0.266667
vt 0.466667 0.200000
vt 0.480000 0.200000
vt 0.480000 0.266667
vt 0.466667 0.266667
vt 0.480000 0.200000
vt 0.493333 0.200000
vt 0.493333 0.266667
vt 0.480000 0.266667
vt 0.493333 0.200000
vt 0.506667 0.200000
vt 0.506667 0.266667
vt 0.493333 0.266667
vt 0.506667 0.200000
vt 0.520000 0.200000
vt 0.520000 0.266667
vt 0.506667 0.266667
vt 0.520000 0.200000
vt 0.533333 0.200000
vt 0.533333 0.266667
vt 0.520000 0.266667
vt 0.533333 0.200000
vt 0.546667 0.200000
vt 0.546667 0.266667
vt 0.533333 0.266667
vt 0.546667 0.200000
vt 0.560000 0.200000
vt 0.560000 0.266667
vt 0.546667 0.266667
vt 0.560000 0.200000
vt 0.573333 0.200000
vt 0.573333 0.266667
vt 0.560000 0.266667
vt 0.573333 0.200000
vt 0.586667 0.200000
vt 0.586667 0.266667
vt 0.573333 0.266667
vt 0.586667 0.200000
vt 0.600000 0.200000
vt 0.600000 0.266667
vt 0.586667 0.266667
vt 0.600000 0.200000
vt 0.613333 0.200000
vt 0.613333 0.266667
vt 0.600000 0.266667
vt 0.613333 0.200000
vt 0.626667 0.200000
vt 0.626667 0.266667
vt 0.613333 0.266667
vt 0.626667 0.200000
vt 0.640000 0.200000
vt 0.640000 0.266667
vt 0.626667 0.266667
vt 0.640000 0.200000
vt 0.653333 0.200000
vt 0.653333 0.266667
vt 0.640000 0.266667
vt 0.653333 0.200000
vt 0.666667 0.200000
vt 0.666667 0.266667
vt 0.653333 0.266667
vt 0.666667 0.200000
vt 0.680000 0.200000
vt 0.680000 0.266667
vt 0.666667 0.266667
vt 0.680000 0.200000
vt 0.693333 0.200000
vt 0.693333 0.266667
vt 0.680000 0.266667
vt 0.693333 0.200000
vt 0.706667 0.200000
vt 0.706667 0.266667
vt 0.693333 0.266667
vt 0.706667 0.200000
vt 0.720000 0.200000
vt 0.720000 0.266667
vt 0.706667 0.266667
vt 0.720000 0.200000
vt 0.733333 0.200000
vt 0.733333 0.266667
vt 0.720000 0.266667
vt 0.733333 0.200000
vt 0.746667 0.200000
vt 0.746667 0.266667
vt 0.733333 0.266667
vt 0.746667 0.200000
vt 0.760000 0.200000
vt 0.760000 0.266667
vt 0.746667 0.266667
vt 0.760000 0.200000
vt 0.773333 0.200000
vt 0.773333 0.266667
vt 0.760000 0.266667
vt 0.773333 0.200000
vt 0.786667 0.200000
vt 0.786667 0.266667
vt 0.773333 0.266667
vt 0.786667 0.200000
vt 0.800000 0.200000
vt 0.800000 0.266667
vt 0.786667 0.266667
vt 0.800000 0.200000
vt 0.813333 0.200000
vt 0.813333 0.266667
vt 0.800000 0.266667
vt 0.813333 0.200000
vt 0.826667 0.200000
vt 0.826667 0.266667
vt 0.813333 0.266667
vt 0.826667 0.200000
vt 0.840000 0.200000
vt 0.840000 0.266667
vt 0.826667 0.266667
vt 0.840000 0.200000
vt 0.853333 0.200000
vt 0.853333 0.266667
vt 0.840000 0.266667
vt 0.853333 0.200000
vt 0.866667 0.200000
vt 0.866667 0.266667
vt 0.853333 0.266667
vt 0.866667 0.200000
vt 0.880000 0.200000
vt 0.880000 0.266667
vt 0.866667 0.266667
vt 0.880000 0.200000
vt 0.893333 0.200000
vt 0.893333 0.266667
vt 0.880000 0.266667
vt 0.893333 0.200000
vt 0.906667 0.200000
vt 0.906667 0.266667
vt 0.893333 0.266667
vt 0.906667 0.200000
vt 0.920000 0.200000
vt 0.920000 0.266667
vt 0.906667 0.266667
vt 0.920000 0.200000
vt 0.933333 0.200000
vt 0.933333 0.266667
vt 0.920000 0.266667
vt 0.933333 0.200000
vt 0.946667 0.200000
vt 0.946667 0.266667
vt 0.933333 0.266667
vt 0.946667 0.200000
vt 0.960000 0.200000
vt 0.960000 0.266667
vt 0.946667 0.266667
vt 0.960000 0.200000
vt 0.973333 0.200000
vt 0.973333 0.266667
vt 0.960000 0.266667
vt 0.973333 0.200000
vt 0.986667 0.200000
vt 0.986667 0.266667
vt 0.973333 0.266667
vt 0.986667 0.200000
vt 1.000000 0.200000
vt 1.000000 0.266667
vt 0.986667 0.266667
vt 0.000000 0.266667
vt 0.013333 0.266667
vt 0.013333 0.333333
vt 0.000000 0.333333
vt 0.013333 0.266667
vt 0.026667 0.266667
vt 0.026667 0.333333
vt 0.013333 0.333333
vt 0.026667 0.266667
vt 0.040000 0.266667
vt 0.040000 0.333333
vt 0.026667 0.333333
vt 0.040000 0.266667
vt 0.053333 0.266667
vt 0.053333 0.333333
vt 0.040000 0.333333
vt 0.053333 0.266667
vt 0.066667 0.266667
vt 0.066667 0.333333
vt 0.053333 0.333333
vt 0.066667 0.266667
vt 0.080000 0.266667
vt 0.080000 0.333333
vt 0.066667 0.333333
vt 0.080000 0.266667
vt 0.093333 0.266667
vt 0.093333 0.333333
vt 0.080000 0.333333
vt 0.093333 0.266667
vt 0.106667 0.266667
vt 0.106667 0.333333
vt 0.093333 0.333333
vt 0.106667 0.266667
vt 0.120000 0.266667
vt 0.120000 0.333333
vt 0.106667 0.333333
vt 0.120000 0.266667
vt 0.133333 0.266667
vt 0.133333 0.333333
vt 0.120000 0.333333
vt 0.133333 0.266667
vt 0.146667 0.266667
vt 0.146667 0.333333
vt 0.133333 0.333333
vt 0.146667 0.266667
vt 0.160000 0.266667
vt 0.160000 0.333333
vt 0.146667 0.333333
vt 0.160000 0.266667
vt 0.173333 0.266667
vt 0.173333 0.333333
vt 0.160000 0.333333
vt 0.173333 0.266667
vt 0.186667 0.266667
vt 0.186667 0.333333
vt 0.173333 0.333333
vt 0.186667 0.266667
vt 0.200000 0.266667
vt 0.200000 0.333333
vt 0.186667 0.333333
vt 0.200000 0.266667
vt 0.213333 0.266667
vt 0.213333 0.333333
vt 0.200000 0.333333
vt 0.213333 0.266667
vt 0.226667 0.266667
vt 0.226667 0.333333
vt 0.213333 0.333333
vt 0.226667 0.266667
vt 0.240000 0.266667
vt 0.240000 0.333333
vt 0.226667 0.333333
vt 0.240000 0.266667
vt 0.253333 0.266667
vt 0.253333 0.333333
vt 0.240000 0.333333
vt 0.253333 0.266667
vt 0.266667 0.266667
vt 0.266667 0.333333
vt 0.253333 0.333333
vt 0.266667 0.266667
vt 0.280000 0.266667
vt 0.280000 0.333333
vt 0.266667 0.333333
vt 0.280000 0.266667
vt 0.293333 0.266667
vt 0.293333 0.333333
vt 0.280000 0.333333
vt 0.293333 0.266667
vt 0.306667 0.266667
vt 0.306667 0.333333
vt 0.293333 0.333333
vt 0.306667 0.266667
vt 0.320000 0.266667
vt 0.320000 0.333333
vt 0.306667 0.333333
vt 0.320000 0.266667
vt 0.333333 0.266667
vt 0.333333 0.333333
vt 0.320000 0.333333
vt 0.333333 0.266667
vt 0.346667 0.266667
vt 0.346667 0.333333
vt 0.333333 0.333333
vt 0.346667 0.266667
vt 0.360000 0.266667
vt 0.360000 0.333333
vt 0.346667 0.333333
vt 0.360000 0.266667
vt 0.373333 0.266667
vt 0.373333 0.333333
vt 0.360000 0.333333
vt 0.373333 0.266667
vt 0.386667 0.266667
vt 0.386667 0.333333
vt 0.373333 0.333333
vt 0.386667 0.266667
vt 0.400000 0.266667
vt 0.400000 0.333333
vt 0.386667 0.333333
vt 0.400000 0.266667
vt 0.413333 0.266667
vt 0.413333 0.333333
vt 0.400000 0.333333
vt 0.413333 0.266667
vt 0.426667 0.266667
vt 0.426667 0.333333
vt 0.413333 0.333333
vt 0.426667 0.266667
vt 0.440000 0.266667
vt 0.440000 0.333333
vt 0.426667 0.333333
vt 0.440000 0.266667
vt 0.453333 0.266667
vt 0.453333 0.333333
vt 0.440000 0.333333
vt 0.453333 0.266667
vt 0.466667 0.266667
vt 0.466667 0.333333
vt 0.453333 0.333333
vt 0.466667 0.266667
vt 0.480000 0.266667
vt 0.480000 0.333333
vt 0.466667 0.333333
vt 0.480000 0.266667
vt 0.493333 0.266667
vt 0.493333 0.333333
vt 0.480000 0.333333
vt 0.493333 0.266667
vt 0.506667 0.266667
vt 0.506667 0.333333
vt 0.493333 0.333333
vt 0.506667 0.266667
vt 0.520000 0.266667
vt 0.520000 0.333333
vt 0.506667 0.333333
vt 0.520000 0.266667
vt 0.533333 0.266667
vt 0.533333 0.333333
vt 0.520000 0.333333
vt 0.533333 0.266667
vt 0.546667 0.266667
vt 0.546667 0.333333
vt 0.533333 0.333333
vt 0.546667 0.266667
vt 0.560000 0.266667
vt 0.560000 0.333333
vt 0.546667 0.333333
vt 0.560000 0.266667
vt 0.573333 0.266667
vt 0.573333 0.333333
vt 0.560000 0.333333
vt 0.573333 0.266667
vt 0.586667 0.266667
vt 0.586667 0.333333
vt 0.573333 0.333333
vt 0.586667 0.266667
vt 0.600000 0.266667
vt 0.600000 0.333333
vt 0.586667 0.333333
vt 0.600000 0.266667
vt 0.613333 0.266667
vt 0.613333 0.333333
vt 0.600000 0.333333
vt 0.613333 0.266667
vt 0.626667 0.266667
vt 0.626667 0.333333
vt 0.613333 0.333333
vt 0.626667 0.266667
vt 0.640000 0.266667
vt 0.640000 0.333333
vt 0.626667 0.333333
vt 0.640000 0.266667
vt 0.653333 0.266667
vt 0.653333 0.333333
vt 0.640000 0.333333
vt 0.653333 0.266667
vt 0.666667 0.266667
vt 0.666667 0.333333
vt 0.653333 0.333333
vt 0.666667 0.266667
vt 0.680000 0.266667
vt 0.680000 0.333333
vt 0.666667 0.333333
vt 0.680000 0.266667
vt 0.693333 0.266667
vt 0.693333 0.333333
vt 0.680000 0.333333
vt 0.693333 0.266667
vt 0.706667 0.266667
vt 0.706667 0.333333
vt 0.693333 0.333333
vt 0.706667 0.266667
vt 0.720000 0.266667
vt 0.720000 0.333333
vt 0.706667 0.333333
vt 0.720000 0.266667
vt 0.733333 0.266667
vt 0.733333 0.333333
vt 0.720000 0.333333
vt 0.733333 0.266667
vt 0.746667 0.266667
vt 0.746667 0.333333
vt 0.733333 0.333333
vt 0.746667 0.266667
vt 0.760000 0.266667
vt 0.760000 0.333333
vt 0.746667 0.333333
vt 0.760000 0.266667
vt 0.773333 0.266667
vt 0.773333 0.333333
vt 0.760000 0.333333
vt 0.773333 0.266667
vt 0.786667 0.266667
vt 0.786667 0.333333
vt 0.773333 0.333333
vt 0.786667 0.266667
vt 0.800000 0.266667
vt 0.800000 0.333333
vt 0.786667 0.333333
vt 0.800000 0.266667
vt 0.813333 0.266667
vt 0.813333 0.333333
vt 0.800000 0.333333
vt 0.813333 0.266667
vt 0.826667 0.266667
vt 0.826667 0.333333
vt 0.813333 0.333333
vt 0.826667 0.266667
vt 0.840000 0.266667
vt 0.840000 0.333333
vt 0.826667 0.333333
vt 0.840000 0.266667
vt 0.853333 0.266667
vt 0.853333 0.333333
vt 0.840000 0.333333
vt 0.853333 0.266667
vt 0.866667 0.266667
vt 0.866667 0.333333
vt 0.853333 0.333333
vt 0.866667 0.266667
vt 0.880000 0.266667
vt 0.880000 0.333333
vt 0.866667 0.333333
vt 0.880000 0.266667
vt 0.893333 0.266667
vt 0.893333 0.333333
vt 0.880000 0.333333
vt 0.893333 0.266667
vt 0.906667 0.266667
vt 0.906667 0.333333
vt 0.893333 0.333333
vt 0.906667 0.266667
vt 0.920000 0.266667
vt 0.920000 0.333333
vt 0.906667 0.333333
vt 0.920000 0.266667
vt 0.933333 0.266667
vt 0.933333 0.333333
vt 0.920000 0.333333
vt 0.933333 0.266667
vt 0.946667 0.266667
vt 0.946667 0.333333
vt 0.933333 0.333333
vt 0.946667 0.266667
vt 0.960000 0.266667
vt 0.960000 0.333333
vt 0.946667 0.333333
vt 0.960000 0.266667
vt 0.973333 0.266667
vt 0.973333 0.333333
vt 0.960000 0.333333
vt 0.973333 0.266667
vt 0.986667 0.266667
vt 0.986667 0.333333
vt 0.973333 0.333333
vt 0.986667 0.266667
vt 1.000000 0.266667
vt 1.000000 0.333333
vt 0.986667 0.333333
vt 0.000000 0.333333
vt 0.013333 0.333333
vt 0.013333 0.400000
vt 0.000000 0.400000
vt 0.013333 0.333333
vt 0.026667 0.333333
vt 0.026667 0.400000
vt 0.013333 0.400000
vt 0.026667 0.333333
vt 0.040000 0.333333
vt 0.040000 0.400000
vt 0.026667 0.400000
vt 0.040000 0.333333
vt 0.053333 0.333333
vt 0.053333 0.400000
vt 0.040000 0.400000
vt 0.053333 0.333333
vt 0.066667 0.333333
vt 0.066667 0.400000
vt 0.053333 0.400000
vt 0.066667 0.333333
vt 0.080000 0.333333
vt 0.080000 0.400000
vt 0.066667 0.400000
vt 0.080000 0.333333
vt 0.093333 0.333333
vt 0.093333 0.400000
vt 0.080000 0.400000
vt 0.093333 0.333333
vt 0.106667 0.333333
vt 0.106667 0.400000
vt 0.093333 0.400000
vt 0.106667 0.333333
vt 0.120000 0.333333
vt 0.120000 0.400000
vt 0.106667 0.400000
vt 0.120000 0.333333
vt 0.133333 0.333333
vt 0.133333 0.400000
vt 0.120000 0.400000
vt 0.133333 0.333333
vt 0.146667 0.333333
vt 0.146667 0.400000
vt 0.133333 0.400000
vt 0.146667 0.333333
vt 0.160000 0.333333
vt 0.160000 0.400000
vt 0.146667 0.400000
vt 0.160000 0.333333
vt 0.173333 0.333333
vt 0.173333 0.400000
vt 0.160000 0.400000
vt 0.173333 0.333333
vt 0.186667 0.333333
vt 0.186667 0.400000
vt 0.173333 0.400000
vt 0.186667 0.333333
vt 0.200000 0.333333
vt 0.200000 0.400000
vt 0.186667 0.400000
vt 0.200000 0.333333
vt 0.213333 0.333333
vt 0.213333 0.400000
vt 0.200000 0.400000
vt 0.213333 0.333333
vt 0.226667 0.333333
vt 0.226667 0.400000
vt 0.213333 0.400000
vt 0.226667 0.333333
vt 0.240000 0.333333
vt 0.240000 0.400000
vt 0.226667 0.400000
vt 0.240000 0.333333
vt 0.253333 0.333333
vt 0.253333 0.400000
vt 0.240000 0.400000
vt 0.253333 0.333333
vt 0.266667 0.333333
vt 0.266667 0.400000
vt 0.253333 0.400000
vt 0.266667 0.333333
vt 0.280000 0.333333
vt 0.280000 0.400000
vt 0.266667 0.400000
vt 0.280000 0.333333
vt 0.293333 0.333333
vt 0.293333 0.400000
vt 0.280000 0.400000
vt 0.293333 0.333333
vt 0.306667 0.333333
vt 0.306667 0.400000
vt 0.293333 0.400000
vt 0.306667 0.333333
vt 0.320000 0.333333
vt 0.320000 0.400000
vt 0.306667 0.400000
vt 0.320000 0.333333
vt 0.333333 0.333333
vt 0.333333 0.400000
vt 0.320000 0.400000
vt 0.333333 0.333333
vt 0.346667 0.333333
vt 0.346667 0.400000
vt 0.333333 0.400000
vt 0.346667 0.333333
vt 0.360000 0.333333
vt 0.360000 0.400000
vt 0.346667 0.400000
vt 0.360000 0.333333
vt 0.373333 0.333333
vt 0.373333 0.400000
vt 0.360000 0.400000
vt 0.373333 0.333333
vt 0.386667 0.333333
vt 0.386667 0.400000
vt 0.373333 0.400000
vt 0.386667 0.333333
vt 0.400000 0.333333
vt 0.400000 0.400000
vt 0.386667 0.400000
vt 0.400000 0.333333
vt 0.413333 0.333333
vt 0.413333 0.400000
vt 0.400000 0.400000
vt 0.413333 0.333333
vt 0.426667 0.333333
vt 0.426667 0.400000
vt 0.413333 0.400000
vt 0.426667 0.333333
vt 0.440000 0.333333
vt 0.440000 0.400000
vt 0.426667 0.400000
vt 0.440000 0.333333
vt 0.453333 0.333333
vt 0.453333 0.400000
vt 0.440000 0.400000
vt 0.453333 0.333333
vt 0.466667 0.333333
vt 0.466667 0.400000
vt 0.453333 0.400000
vt 0.466667 0.333333
vt 0.480000 0.333333
vt 0.480000 0.400000
vt 0.466667 0.400000
vt 0.480000 0.333333
vt 0.493333 0.333333
vt 0.493333 0.400000
vt 0.480000 0.400000
vt 0.493333 0.333333
vt 0.506667 0.333333
vt 0.506667 0.400000
vt 0.493333 0.400000
vt 0.506667 0.333333
vt 0.520000 0.333333
vt 0.520000 0.400000
vt 0.506667 0.400000
vt 0.520000 0.333333
vt 0.533333 0.333333
vt 0.533333 0.400000
vt 0.520000 0.400000
vt 0.533333 0.333333
vt 0.546667 0.333333
vt 0.546667 0.400000
vt 0.533333 0.400000
vt 0.546667 0.333333
vt 0.560000 0.333333
vt 0.560000 0.400000
vt 0.546667 0.400000
vt 0.560000 0.333333
vt 0.573333 0.333333
vt 0.573333 0.400000
vt 0.560000 0.400000
vt 0.573333 0.333333
vt 0.586667 0.333333
vt 0.586667 0.400000
vt 0.573333 0.400000
vt 0.586667 0.333333
vt 0.600000 0.333333
vt 0.600000 0.400000
vt 0.586667 0.400000
vt 0.600000 0.333333
vt 0.613333 0.333333
vt 0.613333 0.400000
vt 0.600000 0.400000
vt 0.613333 0.333333
vt 0.626667 0.333333
vt 0.626667 0.400000
vt 0.613333 0.400000
vt 0.626667 0.333333
vt 0.640000 0.333333
vt 0.640000 0.400000
vt 0.626667 0.400000
vt 0.640000 0.333333
vt 0.653333 0.333333
vt 0.653333 0.400000
vt 0.640000 0.400000
vt 0.653333 0.333333
vt 0.666667 0.333333
vt 0.666667 0.400000
vt 0.653333 0.400000
vt 0.666667 0.333333
vt 0.680000 0.333333
vt 0.680000 0.400000
vt 0.666667 0.400000
vt 0.680000 0.333333
vt 0.693333 0.333333
vt 0.693333 0.400000
vt 0.680000 0.400000
vt 0.693333 0.333333
vt 0.706667 0.333333
vt 0.706667 0.400000
vt 0.693333 0.400000
vt 0.706667 0.333333
vt 0.720000 0.333333
vt 0.720000 0.400000
vt 0.706667 0.400000
vt 0.720000 0.333333
vt 0.733333 0.333333
vt 0.733333 0.400000
vt 0.720000 0.400000
vt 0.733333 0.333333
vt 0.746667 0.333333
vt 0.746667 0.400000
vt 0.733333 0.400000
vt 0.746667 0.333333
vt 0.760000 0.333333
vt 0.760000 0.400000
vt 0.746667 0.400000
vt 0.760000 0.333333
vt 0.773333 0.333333
vt 0.773333 0.400000
vt 0.760000 0.400000
vt 0.773333 0.333333
vt 0.786667 0.333333
vt 0.786667 0.400000
vt 0.773333 0.400000
vt 0.786667 0.333333
vt 0.800000 0.333333
vt 0.800000 0.400000
vt 0.786667 0.400000
vt 0.800000 0.333333
vt 0.813333 0.333333
vt 0.813333 0.400000
vt 0.800000 0.400000
vt 0.813333 0.333333
vt 0.826667 0.333333
vt 0.826667 0.400000
vt 0.813333 0.400000
vt 0.826667 0.333333
vt 0.840000 0.333333
vt 0.840000 0.400000
vt 0.826667 0.400000
vt 0.840000 0.333333
vt 0.853333 0.333333
vt 0.853333 0.400000
vt 0.840000 0.400000
vt 0.853333 0.333333
vt 0.866667 0.333333
vt 0.866667 0.400000
vt 0.853333 0.400000
vt 0.866667 0.333333
vt 0.880000 0.333333
vt 0.880000 0.400000
vt 0.866667 0.400000
vt 0.880000 0.333333
vt 0.893333 0.333333
vt 0.893333 0.400000
vt 0.880000 0.400000
vt 0.893333 0.333333
vt 0.906667 0.333333
vt 0.906667 0.400000
vt 0.893333 0.400000
vt 0.906667 0.333333
vt 0.920000 0.333333
vt 0.920000 0.400000
vt 0.906667 0.400000
vt 0.920000 0.333333
vt 0.933333 0.333333
vt 0.933333 0.400000
vt 0.920000 0.400000
vt 0.933333 0.333333
vt 0.946667 0.333333
vt 0.946667 0.400000
vt 0.933333 0.400000
vt 0.946667 0.333333
vt 0.960000 0.333333
vt 0.960000 0.400000
vt 0.946667 0.400000
vt 0.960000 0.333333
vt 0.973333 0.333333
vt 0.973333 0.400000
vt 0.960000 0.400000
vt 0.973333 0.333333
vt 0.986667 0.333333
vt 0.986667 0.400000
vt 0.973333 0.400000
vt 0.986667 0.333333
vt 1.000000 0.333333
vt 1.000000 0.400000
vt 0.986667 0.400000
vt 0.000000 0.400000
vt 0.013333 0.400000
vt 0.013333 0.466667
vt 0.000000 0.466667
vt 0.013333 0.400000
vt 0.026667 0.400000
vt 0.026667 0.466667
vt 0.013333 0.466667
vt 0.026667 0.400000
vt 0.040000 0.400000
vt 0.040000 0.466667
vt 0.026667 0.466667
vt 0.040000 0.400000
vt 0.053333 0.400000
vt 0.053333 0.466667
vt 0.040000 0.466667
vt 0.053333 0.400000
vt 0.066667 0.400000
vt 0.066667 0.466667
vt 0.053333 0.466667
vt 0.066667 0.400000
vt 0.080000 0.400000
vt 0.080000 0.466667
vt 0.066667 0.466667
vt 0.080000 0.400000
vt 0.093333 0.400000
vt 0.093333 0.466667
vt 0.080000 0.466667
vt 0.093333 0.400000
vt 0.106667 0.400000
vt 0.106667 0.466667
vt 0.093333 0.466667
vt 0.106667 0.400000
vt 0.120000 0.400000
vt 0.120000 0.466667
vt 0.106667 0.466667
vt 0.120000 0.400000
vt 0.133333 0.400000
vt 0.133333 0.466667
vt 0.120000 0.466667
vt 0.133333 0.400000
vt 0.146667 0.400000
vt 0.146667 0.466667
vt 0.133333 0.466667
vt 0.146667 0.400000
vt 0.160000 0.400000
vt 0.160000 0.466667
vt 0.146667 0.466667
vt 0.160000 0.400000
vt 0.173333 0.400000
vt 0.173333 0.466667
vt 0.160000 0.466667
vt 0.173333 0.400000
vt 0.186667 0.400000
vt 0.186667 0.466667
vt 0.173333 0.466667
vt 0.186667 0.400000
vt 0.200000 0.400000
vt 0.200000 0.466667
vt 0.186667 0.466667
vt 0.200000 0.400000
vt 0.213333 0.400000
vt 0.213333 0.466667
vt 0.200000 0.466667
vt 0.213333 0.400000
vt 0.226667 0.400000
vt 0.226667 0.466667
vt 0.213333 0.466667
vt 0.226667 0.400000
vt 0.240000 0.400000
vt 0.240000 0.466667
vt 0.226667 0.466667
vt 0.240000 0.400000
vt 0.253333 0.400000
vt 0.253333 0.466667
vt 0.240000 0.466667
vt 0.253333 0.400000
vt 0.266667 0.400000
vt 0.266667 0.466667
vt 0.253333 0.466667
vt 0.266667 0.400000
vt 0.280000 0.400000
vt 0.280000 0.466667
vt 0.266667 0.466667
vt 0.280000 0.400000
vt 0.293333 0.400000
vt 0.293333 0.466667
vt 0.280000 0.466667
vt 0.293333 0.400000
vt 0.306667 0.400000
vt 0.306667 0.466667
vt 0.293333 0.466667
vt 0.306667 0.400000
vt 0.320000 0.400000
vt 0.320000 0.466667
vt 0.306667 0.466667
vt 0.320000 0.400000
vt 0.333333 0.400000
vt 0.333333 0.466667
vt 0.320000 0.466667
vt 0.333333 0.400000
vt 0.346667 0.400000
vt 0.346667 0.466667
vt 0.333333 0.466667
vt 0.346667 0.400000
vt 0.360000 0.400000
vt 0.360000 0.466667
vt 0.346667 0.466667
vt 0.360000 0.400000
vt 0.373333 0.400000
vt 0.373333 0.466667
vt 0.360000 0.466667
vt 0.373333 0.400000
vt 0.386667 0.400000
vt 0.386667 0.466667
vt 0.373333 0.466667
vt 0.386667 0.400000
vt 0.400000 0.400000
vt 0.400000 0.466667
vt 0.386667 0.466667
vt 0.400000 0.400000
vt 0.413333 0.400000
vt 0.413333 0.466667
vt 0.400000 0.466667
vt 0.413333 0.400000
vt 0.426667 0.400000
vt 0.426667 0.466667
vt 0.413333 0.466667
vt 0.426667 0.400000
vt 0.440000 0.400000
vt 0.440000 0.466667
vt 0.426667 0.466667
vt 0.440000 0.400000
vt 0.453333 0.400000
vt 0.453333 0.466667
vt 0.440000 0.466667
vt 0.453333 0.400000
vt 0.466667 0.400000
vt 0.466667 0.466667
vt 0.453333 0.466667
vt 0.466667 0.400000
vt 0.480000 0.400000
vt 0.480000 0.466667
vt 0.466667 0.466667
vt 0.480000 0.400000
vt 0.493333 0.400000
vt 0.493333 0.466667
vt 0.480000 0.466667
vt 0.493333 0.400000
vt 0.506667 0.400000
vt 0.506667 0.466667
vt 0.493333 0.466667
vt 0.506667 0.400000
vt 0.520000 0.400000
vt 0.520000 0.466667
vt 0.506667 0.466667
vt 0.520000 0.400000
vt 0.533333 0.400000
vt 0.533333 0.466667
vt 0.520000 0.466667
vt 0.533333 0.400000
vt 0.546667 0.400000
vt 0.546667 0.466667
vt 0.533333 0.466667
vt 0.546667 0.400000
vt 0.560000 0.400000
vt 0.560000 0.466667
vt 0.546667 0.466667
vt 0.560000 0.400000
vt 0.573333 0.400000
vt 0.573333 0.466667
vt 0.560000 0.466667
vt 0.573333 0.400000
vt 0.586667 0.400000
vt 0.586667 0.466667
vt 0.573333 0.466667
vt 0.586667 0.400000
vt 0.600000 0.400000
vt 0.600000 0.466667
vt 0.586667 0.466667
vt 0.600000 0.400000
vt 0.613333 0.400000
vt 0.613333 0.466667
vt 0.600000 0.466667
vt 0.613333 0.400000
vt 0.626667 0.400000
vt 0.626667 0.466667
vt 0.613333 0.466667
vt 0.626667 0.400000
vt 0.640000 0.400000
vt 0.640000 0.466667
vt 0.626667 0.466667
vt 0.640000 0.400000
vt 0.653333 0.400000
vt 0.653333 0.466667
vt 0.640000 0.466667
vt 0.653333 0.400000
vt 0.666667 0.400000
vt 0.666667 0.466667
vt 0.653333 0.466667
vt 0.666667 0.400000
vt 0.680000 0.400000
vt 0.680000 0.466667
vt 0.666667 0.466667
vt 0.680000 0.400000
vt 0.693333 0.400000
vt 0.693333 0.466667
vt 0.680000 0.466667
vt 0.693333 0.400000
vt 0.706667 0.400000
vt 0.706667 0.466667
vt 0.693333 0.466667
vt 0.706667 0.400000
vt 0.720000 0.400000
vt 0.720000 0.466667
vt 0.706667 0.466667
vt 0.720000 0.400000
vt 0.733333 0.400000
vt 0.733333 0.466667
vt 0.720000 0.466667
vt 0.733333 0.400000
vt 0.746667 0.400000
vt 0.746667 0.466667
vt 0.733333 0.466667
vt 0.746667 0.400000
vt 0.760000 0.400000
vt 0.760000 0.466667
vt 0.746667 0.466667
vt 0.760000 0.400000
vt 0.773333 0.400000
vt 0.773333 0.466667
vt 0.760000 0.466667
vt 0.773333 0.400000
vt 0.786667 0.400000
vt 0.786667 0.466667
vt 0.773333 0.466667
vt 0.786667 0.400000
vt 0.800000 0.400000
vt 0.800000 0.466667
vt 0.786667 0.466667
vt 0.800000 0.400000
vt 0.813333 0.400000
vt 0.813333 0.466667
vt 0.800000 0.466667
vt 0.813333 0.400000
vt 0.826667 0.400000
vt 0.826667 0.466667
vt 0.813333 0.466667
vt 0.826667 0.400000
vt 0.840000 0.400000
vt 0.840000 0.466667
vt 0.826667 0.466667
vt 0.840000 0.400000
vt 0.853333 0.400000
vt 0.853333 0.466667
vt 0.840000 0.466667
vt 0.853333 0.400000
vt 0.866667 0.400000
vt 0.866667 0.466667
vt 0.853333 0.466667
vt 0.866667 0.400000
vt 0.880000 0.400000
vt 0.880000 0.466667
vt 0.866667 0.466667
vt 0.880000 0.400000
vt 0.893333 0.400000
vt 0.893333 0.466667
vt 0.880000 0.466667
vt 0.893333 0.400000
vt 0.906667 0.400000
vt 0.906667 0.466667
vt 0.893333 0.466667
vt 0.906667 0.400000
vt 0.920000 0.400000
vt 0.920000 0.466667
vt 0.906667 0.466667
vt 0.920000 0.400000
vt 0.933333 0.400000
vt 0.933333 0.466667
vt 0.920000 0.466667
vt 0.933333 0.400000
vt 0.946667 0.400000
vt 0.946667 0.466667
vt 0.933333 0.466667
vt 0.946667 0.400000
vt 0.960000 0.400000
vt 0.960000 0.466667
vt 0.946667 0.466667
vt 0.960000 0.400000
vt 0.973333 0.400000
vt 0.973333 0.466667
vt 0.960000 0.466667
vt 0.973333 0.400000
vt 0.986667 0.400000
vt 0.986667 0.466667
vt 0.973333 0.466667
vt 0.986667 0.400000
vt 1.000000 0.400000
vt 1.000000 0.466667
vt 0.986667 0.466667
vt 0.000000 0.466667
vt 0.013333 0.466667
vt 0.013333 0.533333
vt 0.000000 0.533333
vt 0.013333 0.466667
vt 0.026667 0.466667
vt 0.026667 0.533333
vt 0.013333 0.533333
vt 0.026667 0.466667
vt 0.040000 0.466667
vt 0.040000 0.533333
vt 0.026667 0.533333
vt 0.040000 0.466667
vt 0.053333 0.466667
vt 0.053333 0.533333
vt 0.040000 0.533333
vt 0.053333 0.466667
vt 0.066667 0.466667
vt 0.066667 0.533333
vt 0.053333 0.533333
vt 0.066667 0.466667
vt 0.080000 0.466667
vt 0.080000 0.533333
vt 0.066667 0.533333
vt 0.080000 0.466667
vt 0.093333 0.466667
vt 0.093333 0.533333
vt 0.080000 0.533333
vt 0.093333 0.466667
vt 0.106667 0.466667
vt 0.106667 0.533333
vt 0.093333 0.533333
vt 0.106667 0.466667
vt 0.120000 0.466667
vt 0.120000 0.533333
vt 0.106667 0.533333
vt 0.120000 0.466667
vt 0.133333 0.466667
vt 0.133333 0.533333
vt 0.120000 0.533333
vt 0.133333 0.466667
vt 0.146667 0.466667
vt 0.146667 0.533333
vt 0.133333 0.533333
vt 0.146667 0.466667
vt 0.160000 0.466667
vt 0.160000 0.533333
vt 0.146667 0.533333
vt 0.160000 0.466667
vt 0.173333 0.466667
vt 0.173333 0.533333
vt 0.160000 0.533333
vt 0.173333 0.466667
vt 0.186667 0.466667
vt 0.186667 0.533333
vt 0.173333 0.533333
vt 0.186667 0.466667
vt 0.200000 0.466667
vt 0.200000 0.533333
vt 0.186667 0.533333
vt 0.200000 0.466667
vt 0.213333 0.466667
vt 0.213333 0.533333
vt 0.200000 0.533333
vt 0.213333 0.466667
vt 0.226667 0.466667
vt 0.226667 0.533333
vt 0.213333 0.533333
vt 0.226667 0.466667
vt 0.240000 0.466667
vt 0.240000 0.533333
vt 0.226667 0.533333
vt 0.240000 0.466667
vt 0.253333 0.466667
vt 0.253333 0.533333
vt 0.240000 0.533333
vt 0.253333 0.466667
vt 0.266667 0.466667
vt 0.266667 0.533333
vt 0.253333 0.533333
vt 0.266667 0.466667
vt 0.280000 0.466667
vt 0.280000 0.533333
vt 0.266667 0.533333
vt 0.280000 0.466667
vt 0.293333 0.466667
vt 0.293333 0.533333
vt 0.280000 0.533333
vt 0.293333 0.466667
vt 0.306667 0.466667
vt 0.306667 0.533333
vt 0.293333 0.533333
vt 0.306667 0.466667
vt 0.320000 0.466667
vt 0.320000 0.533333
vt 0.306667 0.533333
vt 0.320000 0.466667
vt 0.333333 0.466667
vt 0.333333 0.533333
vt 0.320000 0.533333
vt 0.333333 0.466667
vt 0.346667 0.466667
vt 0.346667 0.533333
vt 0.333333 0.533333
vt 0.346667 0.466667
vt 0.360000 0.466667
vt 0.360000 0.533333
vt 0.346667 0.533333
vt 0.360000 0.466667
vt 0.373333 0.466667
vt 0.373333 0.533333
vt 0.360000 0.533333
vt 0.373333 0.466667
vt 0.386667 0.466667
vt 0.386667 0.533333
vt 0.373333 0.533333
vt 0.386667 0.466667
vt 0.400000 0.466667
vt 0.400000 0.533333
vt 0.386667 0.533333
vt 0.400000 0.466667
vt 0.413333 0.466667
vt 0.413333 0.533333
vt 0.400000 0.533333
vt 0.413333 0.466667
vt 0.426667 0.466667
vt 0.426667 0.533333
vt 0.413333 0.533333
vt 0.426667 0.466667
vt 0.440000 0.466667
vt 0.440000 0.533333
vt 0.426667 0.533333
vt 0.440000 0.466667
vt 0.453333 0.466667
vt 0.453333 0.533333
vt 0.440000 0.533333
vt 0.453333 0.466667
vt 0.466667 0.466667
vt 0.466667 0.533333
vt 0.453333 0.533333
vt 0.466667 0.466667
vt 0.480000 0.466667
vt 0.480000 0.533333
vt 0.466667 0.533333
vt 0.480000 0.466667
vt 0.493333 0.466667
vt 0.493333 0.533333
vt 0.480000 0.533333
vt 0.493333 0.466667
vt 0.506667 0.466667
vt 0.506667 0.533333
vt 0.493333 0.533333
vt 0.506667 0.466667
vt 0.520000 0.466667
vt 0.520000 0.533333
vt 0.506667 0.533333
vt 0.520000 0.466667
vt 0.533333 0.466667
vt 0.533333 0.533333
vt 0.520000 0.533333
vt 0.533333 0.466667
vt 0.546667 0.466667
vt 0.546667 0.533333
vt 0.533333 0.533333
vt 0.546667 0.466667
vt 0.560000 0.466667
vt 0.560000 0.533333
vt 0.546667 0.533333
vt 0.560000 0.466667
vt 0.573333 0.466667
vt 0.573333 0.533333
vt 0.560000 0.533333
vt 0.573333 0.466667
vt 0.586667 0.466667
vt 0.586667 0.533333
vt 0.573333 0.533333
vt 0.586667 0.466667
vt 0.600000 0.466667
vt 0.600000 0.533333
vt 0.586667 0.533333
vt 0.600000 0.466667
vt 0.613333 0.466667
vt 0.613333 0.533333
vt 0.600000 0.533333
vt 0.613333 0.466667
vt 0.626667 0.466667
vt 0.626667 0.533333
vt 0.613333 0.533333
vt 0.626667 0.466667
vt 0.640000 0.466667
vt 0.640000 0.533333
vt 0.626667 0.533333
vt 0.640000 0.466667
vt 0.653333 0.466667
vt 0.653333 0.533333
vt 0.640000 0.533333
vt 0.653333 0.466667
vt 0.666667 0.466667
vt 0.666667 0.533333
vt 0.653333 0.533333
vt 0.666667 0.466667
vt 0.680000 0.466667
vt 0.680000 0.533333
vt 0.666667 0.533333
vt 0.680000 0.466667
vt 0.693333 0.466667
vt 0.693333 0.533333
vt 0.680000 0.533333
vt 0.693333 0.466667
vt 0.706667 0.466667
vt 0.706667 0.533333
vt 0.693333 0.533333
vt 0.706667 0.466667
vt 0.720000 0.466667
vt 0.720000 0.533333
vt 0.706667 0.533333
vt 0.720000 0.466667
vt 0.733333 0.466667
vt 0.733333 0.533333
vt 0.720000 0.533333
vt 0.733333 0.466667
vt 0.746667 0.466667
vt 0.746667 0.533333
vt 0.733333 0.533333
vt 0.746667 0.466667
vt 0.760000 0.466667
vt 0.760000 0.533333
vt 0.746667 0.533333
vt 0.760000 0.466667
vt 0.773333 0.466667
vt 0.773333 0.533333
vt 0.760000 0.533333
vt 0.773333 0.466667
vt 0.786667 0.466667
vt 0.786667 0.533333
vt 0.773333 0.533333
vt 0.786667 0.466667
vt 0.800000 0.466667
vt 0.800000 0.533333
vt 0.786667 0.533333
vt 0.800000 0.466667
vt 0.813333 0.466667
vt 0.813333 0.533333
vt 0.800000 0.533333
vt 0.813333 0.466667
vt 0.826667 0.466667
vt 0.826667 0.533333
vt 0.813333 0.533333
vt 0.826667 0.466667
vt 0.840000 0.466667
vt 0.840000 0.533333
vt 0.826667 0.533333
vt 0.840000 0.466667
vt 0.853333 0.466667
vt 0.853333 0.533333
vt 0.840000 0.533333
vt 0.853333 0.466667
vt 0.866667 0.466667
vt 0.866667 0.533333
vt 0.853333 0.533333
vt 0.866667 0.466667
vt 0.880000 0.466667
vt 0.880000 0.533333
vt 0.866667 0.533333
vt 0.880000 0.466667
vt 0.893333 0.466667
vt 0.893333 0.533333
vt 0.880000 0.533333
vt 0.893333 0.466667
vt 0.906667 0.466667
vt 0.906667 0.533333
vt 0.893333 0.533333
vt 0.906667 0.466667
vt 0.920000 0.466667
vt 0.920000 0.533333
vt 0.906667 0.533333
vt 0.920000 0.466667
vt 0.933333 0.466667
vt 0.933333 0.533333
vt 0.920000 0.533333
vt 0.933333 0.466667
vt 0.946667 0.466667
vt 0.946667 0.533333
vt 0.933333 0.533333
vt 0.946667 0.466667
vt 0.960000 0.466667
vt 0.960000 0.533333
vt 0.946667 0.533333
vt 0.960000 0.466667
vt 0.973333 0.466667
vt 0.973333 0.533333
vt 0.960000 0.533333
vt 0.973333 0.466667
vt 0.986667 0.466667
vt 0.986667 0.533333
vt 0.973333 0.533333
vt 0.986667 0.466667
vt 1.000000 0.466667
vt 1.000000 0.533333
vt 0.986667 0.533333
vt 0.000000 0.533333
vt 0.013333 0.533333
vt 0.013333 0.600000
vt 0.000000 0.600000
vt 0.013333 0.533333
vt 0.026667 0.533333
vt 0.026667 0.600000
vt 0.013333 0.600000
vt 0.026667 0.533333
vt 0.040000 0.533333
vt 0.040000 0.600000
vt 0.026667 0.600000
vt 0.040000 0.533333
vt 0.053333 0.533333
vt 0.053333 0.600000
vt 0.040000 0.600000
vt 0.053333 0.533333
vt 0.066667 0.533333
vt 0.066667 0.600000
vt 0.053333 0.600000
vt 0.066667 0.533333
vt 0.080000 0.533333
vt 0.080000 0.600000
vt 0.066667 0.600000
vt 0.080000 0.533333
vt 0.093333 0.533333
vt 0.093333 0.600000
vt 0.080000 0.600000
vt 0.093333 0.533333
vt 0.106667 0.533333
vt 0.106667 0.600000
vt 0.093333 0.600000
vt 0.106667 0.533333
vt 0.120000 0.533333
vt 0.120000 0.600000
vt 0.106667 0.600000
vt 0.120000 0.533333
vt 0.133333 0.533333
vt 0.133333 0.600000
vt 0.120000 0.600000
vt 0.133333 0.533333
vt 0.146667 0.533333
vt 0.146667 0.600000
vt 0.133333 0.600000
vt 0.146667 0.533333
vt 0.160000 0.533333
vt 0.160000 0.600000
vt 0.146667 0.600000
vt 0.160000 0.533333
vt 0.173333 0.533333
vt 0.173333 0.600000
vt 0.160000 0.600000
vt 0.173333 0.533333
vt 0.186667 0.533333
vt 0.186667 0.600000
vt 0.173333 0.600000
vt 0.186667 0.533333
vt 0.200000 0.533333
vt 0.200000 0.600000
vt 0.186667 0.600000
vt 0.200000 0.533333
vt 0.213333 0.533333
vt 0.213333 0.600000
vt 0.200000 0.600000
vt 0.213333 0.533333
vt 0.226667 0.533333
vt 0.226667 0.600000
vt 0.213333 0.600000
vt 0.226667 0.533333
vt 0.240000 0.533333
vt 0.240000 0.600000
vt 0.226667 0.600000
vt 0.240000 0.533333
vt 0.253333 0.533333
vt 0.253333 0.600000
vt 0.240000 0.600000
vt 0.253333 0.533333
vt 0.266667 0.533333
vt 0.266667 0.600000
vt 0.253333 0.600000
vt 0.266667 0.533333
vt 0.280000 0.533333
vt 0.280000 0.600000
vt 0.266667 0.600000
vt 0.280000 0.533333
vt 0.293333 0.533333
vt 0.293333 0.600000
vt 0.280000 0.600000
vt 0.293333 0.533333
vt 0.306667 0.533333
vt 0.306667 0.600000
vt 0.293333 0.600000
vt 0.306667 0.533333
vt 0.320000 0.533333
vt 0.320000 0.600000
vt 0.306667 0.600000
vt 0.320000 0.533333
vt 0.333333 0.533333
vt 0.333333 0.600000
vt 0.320000 0.600000
vt 0.333333 0.533333
vt 0.346667 0.533333
vt 0.346667 0.600000
vt 0.333333 0.600000
vt 0.346667 0.533333
vt 0.360000 0.533333
vt 0.360000 0.600000
vt 0.346667 0.600000
vt 0.360000 0.533333
vt 0.373333 0.533333
vt 0.373333 0.600000
vt 0.360000 0.600000
vt 0.373333 0.533333
vt 0.386667 0.533333
vt 0.386667 0.600000
vt 0.373333 0.600000
vt 0.386667 0.533333
vt 0.400000 0.533333
vt 0.400000 0.600000
vt 0.386667 0.600000
vt 0.400000 0.533333
vt 0.413333 0.533333
vt 0.413333 0.600000
vt 0.400000 0.600000
vt 0.413333 0.533333
vt 0.426667 0.533333
vt 0.426667 0.600000
vt 0.413333 0.600000
vt 0.426667 0.533333
vt 0.440000 0.533333
vt 0.440000 0.600000
vt 0.426667 0.600000
vt 0.440000 0.533333
vt 0.453333 0.533333
vt 0.453333 0.600000
vt 0.440000 0.600000
vt 0.453333 0.533333
vt 0.466667 0.533333
vt 0.466667 0.600000
vt 0.453333 0.600000
vt 0.466667 0.533333
vt 0.480000 0.533333
vt 0.480000 0.600000
vt 0.466667 0.600000
vt 0.480000 0.533333
vt 0.493333 0.533333
vt 0.493333 0.600000
vt 0.480000 0.600000
vt 0.493333 0.533333
vt 0.506667 0.533333
vt 0.506667 0.600000
vt 0.493333 0.600000
vt 0.506667 0.533333
vt 0.520000 0.533333
vt 0.520000 0.600000
vt 0.506667 0.600000
vt 0.520000 0.533333
vt 0.533333 0.533333
vt 0.533333 0.600000
vt 0.520000 0.600000
vt 0.533333 0.533333
vt 0.546667 0.533333
vt 0.546667 0.600000
vt 0.533333 0.600000
vt 0.546667 0.533333
vt 0.560000 0.533333
vt 0.560000 0.600000
vt 0.546667 0.600000
vt 0.560000 0.533333
vt 0.573333 0.533333
vt 0.573333 0.600000
vt 0.560000 0.600000
vt 0.573333 0.533333
vt 0.586667 0.533333
vt 0.586667 0.600000
vt 0.573333 0.600000
vt 0.586667 0.533333
vt 0.600000 0.533333
vt 0.600000 0.600000
vt 0.586667 0.600000
vt 0.600000 0.533333
vt 0.613333 0.533333
vt 0.613333 0.600000
vt 0.600000 0.600000
vt 0.613333 0.533333
vt 0.626667 0.533333
vt 0.626667 0.600000
vt 0.613333 0.600000
vt 0.626667 0.533333
vt 0.640000 0.533333
vt 0.640000 0.600000
vt 0.626667 0.600000
vt 0.640000 0.533333
vt 0.653333 0.533333
vt 0.653333 0.600000
vt 0.640000 0.600000
vt 0.653333 0.533333
vt 0.666667 0.533333
vt 0.666667 0.600000
vt 0.653333 0.600000
vt 0.666667 0.533333
vt 0.680000 0.533333
vt 0.680000 0.600000
vt 0.666667 0.600000
vt 0.680000 0.533333
vt 0.693333 0.533333
vt 0.693333 0.600000
vt 0.680000 0.600000
vt 0.693333 0.533333
vt 0.706667 0.533333
vt 0.706667 0.600000
vt 0.693333 0.600000
vt 0.706667 0.533333
vt 0.720000 0.533333
vt 0.720000 0.600000
vt 0.706667 0.600000
vt 0.720000 0.533333
vt 0.733333 0.533333
vt 0.733333 0.600000
vt 0.720000 0.600000
vt 0.733333 0.533333
vt 0.746667 0.533333
vt 0.746667 0.600000
vt 0.733333 0.600000
vt 0.746667 0.533333
vt 0.760000 0.533333
vt 0.760000 0.600000
vt 0.746667 0.600000
vt 0.760000 0.533333
vt 0.773333 0.533333
vt 0.773333 0.600000
vt 0.760000 0.600000
vt 0.773333 0.533333
vt 0.786667 0.533333
vt 0.786667 0.600000
vt 0.773333 0.600000
vt 0.786667 0.533333
vt 0.800000 0.533333
vt 0.800000 0.600000
vt 0.786667 0.600000
vt 0.800000 0.533333
vt 0.813333 0.533333
vt 0.813333 0.600000
vt 0.800000 0.600000
vt 0.813333 0.533333
vt 0.826667 0.533333
vt 0.826667 0.600000
vt 0.813333 0.600000
vt 0.826667 0.533333
vt 0.840000 0.533333
vt 0.840000 0.600000
vt 0.826667 0.600000
vt 0.840000 0.533333
vt 0.853333 0.533333
vt 0.853333 0.600000
vt 0.840000 0.600000
vt 0.853333 0.533333
vt 0.866667 0.533333
vt 0.866667 0.600000
vt 0.853333 0.600000
vt 0.866667 0.533333
vt 0.880000 0.533333
vt 0.880000 0.600000
vt 0.866667 0.600000
vt 0.880000 0.533333
vt 0.893333 0.533333
vt 0.893333 0.600000
vt 0.880000 0.600000
vt 0.893333 0.533333
vt 0.906667 0.533333
vt 0.906667 0.600000
vt 0.893333 0.600000
vt 0.906667 0.533333
vt 0.920000 0.533333
vt 0.920000 0.600000
vt 0.906667 0.600000
vt 0.920000 0.533333
vt 0.933333 0.533333
vt 0.933333 0.600000
vt 0.920000 0.600000
vt 0.933333 0.533333
vt 0.946667 0.533333
vt 0.946667 0.600000
vt 0.933333 0.600000
vt 0.946667 0.533333
vt 0.960000 0.533333
vt 0.960000 0.600000
vt 0.946667 0.600000
vt 0.960000 0.533333
vt 0.973333 0.533333
vt 0.973333 0.600000
vt 0.960000 0.600000
vt 0.973333 0.533333
vt 0.986667 0.533333
vt 0.986667 0.600000
vt 0.973333 0.600000
vt 0.986667 0.533333
vt 1.000000 0.533333
vt 1.000000 0.600000
vt 0.986667 0.600000
vt 0.000000 0.600000
vt 0.013333 0.600000
vt 0.013333 0.666667
vt 0.000000 0.666667
vt 0.013333 0.600000
vt 0.026667 0.600000
vt 0.026667 0.666667
vt 0.013333 0.666667
vt 0.026667 0.600000
vt 0.040000 0.600000
vt 0.040000 0.666667
vt 0.026667 0.666667
vt 0.040000 0.600000
vt 0.053333 0.600000
vt 0.053333 0.666667
vt 0.040000 0.666667
vt 0.053333 0.600000
vt 0.066667 0.600000
vt 0.066667 0.666667
vt 0.053333 0.666667
vt 0.066667 0.600000
vt 0.080000 0.600000
vt 0.080000 0.666667
vt 0.066667 0.666667
vt 0.080000 0.600000
vt 0.093333 0.600000
vt 0.093333 0.666667
vt 0.080000 0.666667
vt 0.093333 0.600000
vt 0.106667 0.600000
vt 0.106667 0.666667
vt 0.093333 0.666667
vt 0.106667 0.600000
vt 0.120000 0.600000
vt 0.120000 0.666667
vt 0.106667 0.666667
vt 0.120000 0.600000
vt 0.133333 0.600000
vt 0.133333 0.666667
vt 0.120000 0.666667
vt 0.133333 0.600000
vt 0.146667 0.600000
vt 0.146667 0.666667
vt 0.133333 0.666667
vt 0.146667 0.600000
vt 0.160000 0.600000
vt 0.160000 0.666667
vt 0.146667 0.666667
vt 0.160000 0.600000
vt 0.173333 0.600000
vt 0.173333 0.666667
vt 0.160000 0.666667
vt 0.173333 0.600000
vt 0.186667 0.600000
vt 0.186667 0.666667
vt 0.173333 0.666667
vt 0.186667 0.600000
vt 0.200000 0.600000
vt 0.200000 0.666667
vt 0.186667 0.666667
vt 0.200000 0.600000
vt 0.213333 0.600000
vt 0.213333 0.666667
vt 0.200000 0.666667
vt 0.213333 0.600000
vt 0.226667 0.600000
vt 0.226667 0.666667
vt 0.213333 0.666667
vt 0.226667 0.600000
vt 0.240000 0.600000
vt 0.240000 0.666667
vt 0.226667 0.666667
vt 0.240000 0.600000
vt 0.253333 0.600000
vt 0.253333 0.666667
vt 0.240000 0.666667
vt 0.253333 0.600000
vt 0.266667 0.600000
vt 0.266667 0.666667
vt 0.253333 0.666667
vt 0.266667 0.600000
vt 0.280000 0.600000
vt 0.280000 0.666667
vt 0.266667 0.666667
vt 0.280000 0.600000
vt 0.293333 0.600000
vt 0.293333 0.666667
vt 0.280000 0.666667
vt 0.293333 0.600000
vt 0.306667 0.600000
vt 0.306667 0.666667
vt 0.293333 0.666667
vt 0.306667 0.600000
vt 0.320000 0.600000
vt 0.320000 0.666667
vt 0.306667 0.666667
vt 0.320000 0.600000
vt 0.333333 0.600000
vt 0.333333 0.666667
vt 0.320000 0.666667
vt 0.333333 0.600000
vt 0.346667 0.600000
vt 0.346667 0.666667
vt 0.333333 0.666667
vt 0.346667 0.600000
vt 0.360000 0.600000
vt 0.360000 0.666667
vt 0.346667 0.666667
vt 0.360000 0.600000
vt 0.373333 0.600000
vt 0.373333 0.666667
vt 0.360000 0.666667
vt 0.373333 0.600000
vt 0.386667 0.600000
vt 0.386667 0.666667
vt 0.373333 0.666667
vt 0.386667 0.600000
vt 0.400000 0.600000
vt 0.400000 0.666667
vt 0.386667 0.666667
vt 0.400000 0.600000
vt 0.413333 0.600000
vt 0.413333 0.666667
vt 0.400000 0.666667
vt 0.413333 0.600000
vt 0.426667 0.600000
vt 0.426667 0.666667
vt 0.413333 0.666667
vt 0.426667 0.600000
vt 0.440000 0.600000
vt 0.440000 0.666667
vt 0.426667 0.666667
vt 0.440000 0.600000
vt 0.453333 0.600000
vt 0.453333 0.666667
vt 0.440000 0.666667
vt 0.453333 0.600000
vt 0.466667 0.600000
vt 0.466667 0.666667
vt 0.453333 0.666667
vt 0.466667 0.600000
vt 0.480000 0.600000
vt 0.480000 0.666667
vt 0.466667 0.666667
vt 0.480000 0.600000
vt 0.493333 0.600000
vt 0.493333 0.666667
vt 0.480000 0.666667
vt 0.493333 0.600000
vt 0.506667 0.600000
vt 0.506667 0.666667
vt 0.493333 0.666667
vt 0.506667 0.600000
vt 0.520000 0.600000
vt 0.520000 0.666667
vt 0.506667 0.666667
vt 0.520000 0.600000
vt 0.533333 0.600000
vt 0.533333 0.666667
vt 0.520000 0.666667
vt 0.533333 0.600000
vt 0.546667 0.600000
vt 0.546667 0.666667
vt 0.533333 0.666667
vt 0.546667 0.600000
vt 0.560000 0.600000
vt 0.560000 0.666667
vt 0.546667 0.666667
vt 0.560000 0.600000
vt 0.573333 0.600000
vt 0.573333 0.666667
vt 0.560000 0.666667
vt 0.573333 0.600000
vt 0.586667 0.600000
vt 0.586667 0.666667
vt 0.573333 0.666667
vt 0.586667 0.600000
vt 0.600000 0.600000
vt 0.600000 0.666667
vt 0.586667 0.666667
vt 0.600000 0.600000
vt 0.613333 0.600000
vt 0.613333 0.666667
vt 0.600000 0.666667
vt 0.613333 0.600000
vt 0.626667 0.600000
vt 0.626667 0.666667
vt 0.613333 0.666667
vt 0.626667 0.600000
vt 0.640000 0.600000
vt 0.640000 0.666667
vt 0.626667 0.666667
vt 0.640000 0.600000
vt 0.653333 0.600000
vt 0.653333 0.666667
vt 0.640000 0.666667
vt 0.653333 0.600000
vt 0.666667 0.600000
vt 0.666667 0.666667
vt 0.653333 0.666667
vt 0.666667 0.600000
vt 0.680000 0.600000
vt 0.680000 0.666667
vt 0.666667 0.666667
vt 0.680000 0.600000
vt 0.693333 0.600000
vt 0.693333 0.666667
vt 0.680000 0.666667
vt 0.693333 0.600000
vt 0.706667 0.600000
vt 0.706667 0.666667
vt 0.693333 0.666667
vt 0.706667 0.600000
vt 0.720000 0.600000
vt 0.720000 0.666667
vt 0.706667 0.666667
vt 0.720000 0.600000
vt 0.733333 0.600000
vt 0.733333 0.666667
vt 0.720000 0.666667
vt 0.733333 0.600000
vt 0.746667 0.600000
vt 0.746667 0.666667
vt 0.733333 0.666667
vt 0.746667 0.600000
vt 0.760000 0.600000
vt 0.760000 0.666667
vt 0.746667 0.666667
vt 0.760000 0.600000
vt 0.773333 0.600000
vt 0.773333 0.666667
vt 0.760000 0.666667
vt 0.773333 0.600000
vt 0.786667 0.600000
vt 0.786667 0.666667
vt 0.773333 0.666667
vt 0.786667 0.600000
vt 0.800000 0.600000
vt 0.800000 0.666667
vt 0.786667 0.666667
vt 0.800000 0.600000
vt 0.813333 0.600000
vt 0.813333 0.666667
vt 0.800000 0.666667
vt 0.813333 0.600000
vt 0.826667 0.600000
vt 0.826667 0.666667
vt 0.813333 0.666667
vt 0.826667 0.600000
vt 0.840000 0.600000
vt 0.840000 0.666667
vt 0.826667 0.666667
vt 0.840000 0.600000
vt 0.853333 0.600000
vt 0.853333 0.666667
vt 0.840000 0.666667
vt 0.853333 0.600000
vt 0.866667 0.600000
vt 0.866667 0.666667
vt 0.853333 0.666667
vt 0.866667 0.600000
vt 0.880000 0.600000
vt 0.880000 0.666667
vt 0.866667 0.666667
vt 0.880000 0.600000
vt 0.893333 0.600000
vt 0.893333 0.666667
vt 0.880000 0.666667
vt 0.893333 0.600000
vt 0.906667 0.600000
vt 0.906667 0.666667
vt 0.893333 0.666667
vt 0.906667 0.600000
vt 0.920000 0.600000
vt 0.920000 0.666667
vt 0.906667 0.666667
vt 0.920000 0.600000
vt 0.933333 0.600000
vt 0.933333 0.666667
vt 0.920000 0.666667
vt 0.933333 0.600000
vt 0.946667 0.600000
vt 0.946667 0.666667
vt 0.933333 0.666667
vt 0.946667 0.600000
vt 0.960000 0.600000
vt 0.960000 0.666667
vt 0.946667 0.666667
vt 0.960000 0.600000
vt 0.973333 0.600000
vt 0.973333 0.666667
vt 0.960000 0.666667
vt 0.973333 0.600000
vt 0.986667 0.600000
vt 0.986667 0.666667
vt 0.973333 0.666667
vt 0.986667 0.600000
vt 1.000000 0.600000
vt 1.000000 0.666667
vt 0.986667 0.666667
vt 0.000000 0.666667
vt 0.013333 0.666667
vt 0.013333 0.733333
vt 0.000000 0.733333
vt 0.013333 0.666667
vt 0.026667 0.666667
vt 0.026667 0.733333
vt 0.013333 0.733333
vt 0.026667 0.666667
vt 0.040000 0.666667
vt 0.040000 0.733333
vt 0.026667 0.733333
vt 0.040000 0.666667
vt 0.053333 0.666667
vt 0.053333 0.733333
vt 0.040000 0.733333
vt 0.053333 0.666667
vt 0.066667 0.666667
vt 0.066667 0.733333
vt 0.053333 0.733333
vt 0.066667 0.666667
vt 0.080000 0.666667
vt 0.080000 0.733333
vt 0.066667 0.733333
vt 0.080000 0.666667
vt 0.093333 0.666667
vt 0.093333 0.733333
vt 0.080000 0.733333
vt 0.093333 0.666667
vt 0.106667 0.666667
vt 0.106667 0.733333
vt 0.093333 0.733333
vt 0.106667 0.666667
vt 0.120000 0.666667
vt 0.120000 0.733333
vt 0.106667 0.733333
vt 0.120000 0.666667
vt 0.133333 0.666667
vt 0.133333 0.733333
vt 0.120000 0.733333
vt 0.133333 0.666667
vt 0.146667 0.666667
vt 0.146667 0.733333
vt 0.133333 0.733333
vt 0.146667 0.666667
vt 0.160000 0.666667
vt 0.160000 0.733333
vt 0.146667 0.733333
vt 0.160000 0.666667
vt 0.173333 0.666667
vt 0.173333 0.733333
vt 0.160000 0.733333
vt 0.173333 0.666667
vt 0.186667 0.666667
vt 0.186667 0.733333
vt 0.173333 0.733333
vt 0.186667 0.666667
vt 0.200000 0.666667
vt 0.200000 0.733333
vt 0.186667 0.733333
vt 0.200000 0.666667
vt 0.213333 0.666667
vt 0.213333 0.733333
vt 0.200000 0.733333
vt 0.213333 0.666667
vt 0.226667 0.666667
vt 0.226667 0.733333
vt 0.213333 0.733333
vt 0.226667 0.666667
vt 0.240000 0.666667
vt 0.240000 0.733333
vt 0.226667 0.733333
vt 0.240000 0.666667
vt 0.253333 0.666667
vt 0.253333 0.733333
vt 0.240000 0.733333
vt 0.253333 0.666667
vt 0.266667 0.666667
vt 0.266667 0.733333
vt 0.253333 0.733333
vt 0.266667 0.666667
vt 0.280000 0.666667
vt 0.280000 0.733333
vt 0.266667 0.733333
vt 0.280000 0.666667
vt 0.293333 0.666667
vt 0.293333 0.733333
vt 0.280000 0.733333
vt 0.293333 0.666667
vt 0.306667 0.666667
vt 0.306667 0.733333
vt 0.293333 0.733333
vt 0.306667 0.666667
vt 0.320000 0.666667
vt 0.320000 0.733333
vt 0.306667 0.733333
vt 0.320000 0.666667
vt 0.333333 0.666667
vt 0.333333 0.733333
vt 0.320000 0.733333
vt 0.333333 0.666667
vt 0.346667 0.666667
vt 0.346667 0.733333
vt 0.333333 0.733333
vt 0.346667 0.666667
vt 0.360000 0.666667
vt 0.360000 0.733333
vt 0.346667 0.733333
vt 0.360000 0.666667
vt 0.373333 0.666667
vt 0.373333 0.733333
vt 0.360000 0.733333
vt 0.373333 0.666667
vt 0.386667 0.666667
vt 0.386667 0.733333
vt 0.373333 0.733333
vt 0.386667 0.666667
vt 0.400000 0.666667
vt 0.400000 0.733333
vt 0.386667 0.733333
vt 0.400000 0.666667
vt 0.413333 0.666667
vt 0.413333 0.733333
vt 0.400000 0.733333
vt 0.413333 0.666667
vt 0.426667 0.666667
vt 0.426667 0.733333
vt 0.413333 0.733333
vt 0.426667 0.666667
vt 0.440000 0.666667
vt 0.440000 0.733333
vt 0.426667 0.733333
vt 0.440000 0.666667
vt 0.453333 0.666667
vt 0.453333 0.733333
vt 0.440000 0.733333
vt 0.453333 0.666667
vt 0.466667 0.666667
vt 0.466667 0.733333
vt 0.453333 0.733333
vt 0.466667 0.666667
vt 0.480000 0.666667
vt 0.480000 0.733333
vt 0.466667 0.733333
vt 0.480000 0.666667
vt 0.493333 0.666667
vt 0.493333 0.733333
vt 0.480000 0.733333
vt 0.493333 0.666667
vt 0.506667 0.666667
vt 0.506667 0.733333
vt 0.493333 0.733333
vt 0.506667 0.666667
vt 0.520000 0.666667
vt 0.520000 0.733333
vt 0.506667 0.733333
vt 0.520000 0.666667
vt 0.533333 0.666667
vt 0.533333 0.733333
vt 0.520000 0.733333
vt 0.533333 0.666667
vt 0.546667 0.666667
vt 0.546667 0.733333
vt 0.533333 0.733333
vt 0.546667 0.666667
vt 0.560000 0.666667
vt 0.560000 0.733333
vt 0.546667 0.733333
vt 0.560000 0.666667
vt 0.573333 0.666667
vt 0.573333 0.733333
vt 0.560000 0.733333
vt 0.573333 0.666667
vt 0.586667 0.666667
vt 0.586667 0.733333
vt 0.573333 0.733333
vt 0.586667 0.666667
vt 0.600000 0.666667
vt 0.600000 0.733333
vt 0.586667 0.733333
vt 0.600000 0.666667
vt 0.613333 0.666667
vt 0.613333 0.733333
vt 0.600000 0.733333
vt 0.613333 0.666667
vt 0.626667 0.666667
vt 0.626667 0.733333
vt 0.613333 0.733333
vt 0.626667 0.666667
vt 0.640000 0.666667
vt 0.640000 0.733333
vt 0.626667 0.733333
vt 0.640000 0.666667
vt 0.653333 0.666667
vt 0.653333 0.733333
vt 0.640000 0.733333
vt 0.653333 0.666667
vt 0.666667 0.666667
vt 0.666667 0.733333
vt 0.653333 0.733333
vt 0.666667 0.666667
vt 0.680000 0.666667
vt 0.680000 0.733333
vt 0.666667 0.733333
vt 0.680000 0.666667
vt 0.693333 0.666667
vt 0.693333 0.733333
vt 0.680000 0.733333
vt 0.693333 0.666667
vt 0.706667 0.666667
vt 0.706667 0.733333
vt 0.693333 0.733333
vt 0.706667 0.666667
vt 0.720000 0.666667
vt 0.720000 0.733333
vt 0.706667 0.733333
vt 0.720000 0.666667
vt 0.733333 0.666667
vt 0.733333 0.733333
vt 0.720000 0.733333
vt 0.733333 0.666667
vt 0.746667 0.666667
vt 0.746667 0.733333
vt 0.733333 0.733333
vt 0.746667 0.666667
vt 0.760000 0.666667
vt 0.760000 0.733333
vt 0.746667 0.733333
vt 0.760000 0.666667
vt 0.773333 0.666667
vt 0.773333 0.733333
vt 0.760000 0.733333
vt 0.773333 0.666667
vt 0.786667 0.666667
vt 0.786667 0.733333
vt 0.773333 0.733333
vt 0.786667 0.666667
vt 0.800000 0.666667
vt 0.800000 0.733333
vt 0.786667 0.733333
vt 0.800000 0.666667
vt 0.813333 0.666667
vt 0.813333 0.733333
vt 0.800000 0.733333
vt 0.813333 0.666667
vt 0.826667 0.666667
vt 0.826667 0.733333
vt 0.813333 0.733333
vt 0.826667 0.666667
vt 0.840000 0.666667
vt 0.840000 0.733333
vt 0.826667 0.733333
vt 0.840000 0.666667
vt 0.853333 0.666667
vt 0.853333 0.733333
vt 0.840000 0.733333
vt 0.853333 0.666667
vt 0.866667 0.666667
vt 0.866667 0.733333
vt 0.853333 0.733333
vt 0.866667 0.666667
vt 0.880000 0.666667
vt 0.880000 0.733333
vt 0.866667 0.733333
vt 0.880000 0.666667
vt 0.893333 0.666667
vt 0.893333 0.733333
vt 0.880000 0.733333
vt 0.893333 0.666667
vt 0.906667 0.666667
vt 0.906667 0.733333
vt 0.893333 0.733333
vt 0.906667 0.666667
vt 0.920000 0.666667
vt 0.920000 0.733333
vt 0.906667 0.733333
vt 0.920000 0.666667
vt 0.933333 0.666667
vt 0.933333 0.733333
vt 0.920000 0.733333
vt 0.933333 0.666667
vt 0.946667 0.666667
vt 0.946667 0.733333
vt 0.933333 0.733333
vt 0.946667 0.666667
vt 0.960000 0.666667
vt 0.960000 0.733333
vt 0.946667 0.733333
vt 0.960000 0.666667
vt 0.973333 0.666667
vt 0.973333 0.733333
vt 0.960000 0.733333
vt 0.973333 0.666667
vt 0.986667 0.666667
vt 0.986667 0.733333
vt 0.973333 0.733333
vt 0.986667 0.666667
vt 1.000000 0.666667
vt 1.000000 0.733333
vt 0.986667 0.733333
vt 0.000000 0.733333
vt 0.013333 0.733333
vt 0.013333 0.800000
vt 0.000000 0.800000
vt 0.013333 0.733333
vt 0.026667 0.733333
vt 0.026667 0.800000
vt 0.013333 0.800000
vt 0.026667 0.733333
vt 0.040000 0.733333
vt 0.040000 0.800000
vt 0.026667 0.800000
vt 0.040000 0.733333
vt 0.053333 0.733333
vt 0.053333 0.800000
vt 0.040000 0.800000
vt 0.053333 0.733333
vt 0.066667 0.733333
vt 0.066667 0.800000
vt 0.053333 0.800000
vt 0.066667 0.733333
vt 0.080000 0.733333
vt 0.080000 0.800000
vt 0.066667 0.800000
vt 0.080000 0.733333
vt 0.093333 0.733333
vt 0.093333 0.800000
vt 0.080000 0.800000
vt 0.093333 0.733333
vt 0.106667 0.733333
vt 0.106667 0.800000
vt 0.093333 0.800000
vt 0.106667 0.733333
vt 0.120000 0.733333
vt 0.120000 0.800000
vt 0.106667 0.800000
vt 0.120000 0.733333
vt 0.133333 0.733333
vt 0.133333 0.800000
vt 0.120000 0.800000
vt 0.133333 0.733333
vt 0.146667 0.733333
vt 0.146667 0.800000
vt 0.133333 0.800000
vt 0.146667 0.733333
vt 0.160000 0.733333
vt 0.160000 0.800000
vt 0.146667 0.800000
vt 0.160000 0.733333
vt 0.173333 0.733333
vt 0.173333 0.800000
vt 0.160000 0.800000
vt 0.173333 0.733333
vt 0.186667 0.733333
vt 0.186667 0.800000
vt 0.173333 0.800000
vt 0.186667 0.733333
vt 0.200000 0.733333
vt 0.200000 0.800000
vt 0.186667 0.800000
vt 0.200000 0.733333
vt 0.213333 0.733333
vt 0.213333 0.800000
vt 0.200000 0.800000
vt 0.213333 0.733333
vt 0.226667 0.733333
vt 0.226667 0.800000
vt 0.213333 0.800000
vt 0.226667 0.733333
vt 0.240000 0.733333
vt 0.240000 0.800000
vt 0.226667 0.800000
vt 0.240000 0.733333
vt 0.253333 0.733333
vt 0.253333 0.800000
vt 0.240000 0.800000
vt 0.253333 0.733333
vt 0.266667 0.733333
vt 0.266667 0.800000
vt 0.253333 0.800000
vt 0.266667 0.733333
vt 0.280000 0.733333
vt 0.280000 0.800000
vt 0.266667 0.800000
vt 0.280000 0.733333
vt 0.293333 0.733333
vt 0.293333 0.800000
vt 0.280000 0.800000
vt 0.293333 0.733333
vt 0.306667 0.733333
vt 0.306667 0.800000
vt 0.293333 0.800000
vt 0.306667 0.733333
vt 0.320000 0.733333
vt 0.320000 0.800000
vt 0.306667 0.800000
vt 0.320000 0.733333
vt 0.333333 0.733333
vt 0.333333 0.800000
vt 0.320000 0.800000
vt 0.333333 0.733333
vt 0.346667 0.733333
vt 0.346667 0.800000
vt 0.333333 0.800000
vt 0.346667 0.733333
vt 0.360000 0.733333
vt 0.360000 0.800000
vt 0.346667 0.800000
vt 0.360000 0.733333
vt 0.373333 0.733333
vt 0.373333 0.800000
vt 0.360000 0.800000
vt 0.373333 0.733333
vt 0.386667 0.733333
vt 0.386667 0.800000
vt 0.373333 0.800000
vt 0.386667 0.733333
vt 0.400000 0.733333
vt 0.400000 0.800000
vt 0.386667 0.800000
vt 0.400000 0.733333
vt 0.413333 0.733333
vt 0.413333 0.800000
vt 0.400000 0.800000
vt 0.413333 0.733333
vt 0.426667 0.733333
vt 0.426667 0.800000
vt 0.413333 0.800000
vt 0.426667 0.733333
vt 0.440000 0.733333
vt 0.440000 0.800000
vt 0.426667 0.800000
vt 0.440000 0.733333
vt 0.453333 0.733333
vt 0.453333 0.800000
vt 0.440000 0.800000
vt 0.453333 0.733333
vt 0.466667 0.733333
vt 0.466667 0.800000
vt 0.453333 0.800000
vt 0.466667 0.733333
vt 0.480000 0.733333
vt 0.480000 0.800000
vt 0.466667 0.800000
vt 0.480000 0.733333
vt 0.493333 0.733333
vt 0.493333 0.800000
vt 0.480000 0.800000
vt 0.493333 0.733333
vt 0.506667 0.733333
vt 0.506667 0.800000
vt 0.493333 0.800000
vt 0.506667 0.733333
vt 0.520000 0.733333
vt 0.520000 0.800000
vt 0.506667 0.800000
vt 0.520000 0.733333
vt 0.533333 0.733333
vt 0.533333 0.800000
vt 0.520000 0.800000
vt 0.533333 0.733333
vt 0.546667 0.733333
vt 0.546667 0.800000
vt 0.533333 0.800000
vt 0.546667 0.733333
vt 0.560000 0.733333
vt 0.560000 0.800000
vt 0.546667 0.800000
vt 0.560000 0.733333
vt 0.573333 0.733333
vt 0.573333 0.800000
vt 0.560000 0.800000
vt 0.573333 0.733333
vt 0.586667 0.733333
vt 0.586667 0.800000
vt 0.573333 0.800000
vt 0.586667 0.733333
vt 0.600000 0.733333
vt 0.600000 0.800000
vt 0.586667 0.800000
vt 0.600000 0.733333
vt 0.613333 0.733333
vt 0.613333 0.800000
vt 0.600000 0.800000
vt 0.613333 0.733333
vt 0.626667 0.733333
vt 0.626667 0.800000
vt 0.613333 0.800000
vt 0.626667 0.733333
vt 0.640000 0.733333
vt 0.640000 0.800000
vt 0.626667 0.800000
vt 0.640000 0.733333
vt 0.653333 0.733333
vt 0.653333 0.800000
vt 0.640000 0.800000
vt 0.653333 0.733333
vt 0.666667 0.733333
vt 0.666667 0.800000
vt 0.653333 0.800000
vt 0.666667 0.733333
vt 0.680000 0.733333
vt 0.680000 0.800000
vt 0.666667 0.800000
vt 0.680000 0.733333
vt 0.693333 0.733333
vt 0.693333 0.800000
vt 0.680000 0.800000
vt 0.693333 0.733333
vt 0.706667 0.733333
vt 0.706667 0.800000
vt 0.693333 0.800000
vt 0.706667 0.733333
vt 0.720000 0.733333
vt 0.720000 0.800000
vt 0.706667 0.800000
vt 0.720000 0.733333
vt 0.733333 0.733333
vt 0.733333 0.800000
vt 0.720000 0.800000
vt 0.733333 0.733333
vt 0.746667 0.733333
vt 0.746667 0.800000
vt 0.733333 0.800000
vt 0.746667 0.733333
vt 0.760000 0.733333
vt 0.760000 0.800000
vt 0.746667 0.800000
vt 0.760000 0.733333
vt 0.773333 0.733333
vt 0.773333 0.800000
vt 0.760000 0.800000
vt 0.773333 0.733333
vt 0.786667 0.733333
vt 0.786667 0.800000
vt 0.773333 0.800000
vt 0.786667 0.733333
vt 0.800000 0.733333
vt 0.800000 0.800000
vt 0.786667 0.800000
vt 0.800000 0.733333
vt 0.813333 0.733333
vt 0.813333 0.800000
vt 0.800000 0.800000
vt 0.813333 0.733333
vt 0.826667 0.733333
vt 0.826667 0.800000
vt 0.813333 0.800000
vt 0.826667 0.733333
vt 0.840000 0.733333
vt 0.840000 0.800000
vt 0.826667 0.800000
vt 0.840000 0.733333
vt 0.853333 0.733333
vt 0.853333 0.800000
vt 0.840000 0.800000
vt 0.853333 0.733333
vt 0.866667 0.733333
vt 0.866667 0.800000
vt 0.853333 0.800000
vt 0.866667 0.733333
vt 0.880000 0.733333
vt 0.880000 0.800000
vt 0.866667 0.800000
vt 0.880000 0.733333
vt 0.893333 0.733333
vt 0.893333 0.800000
vt 0.880000 0.800000
vt 0.893333 0.733333
vt 0.906667 0.733333
vt 0.906667 0.800000
vt 0.893333 0.800000
vt 0.906667 0.733333
vt 0.920000 0.733333
vt 0.920000 0.800000
vt 0.906667 0.800000
vt 0.920000 0.733333
vt 0.933333 0.733333
vt 0.933333 0.800000
vt 0.920000 0.800000
vt 0.933333 0.733333
vt 0.946667 0.733333
vt 0.946667 0.800000
vt 0.933333 0.800000
vt 0.946667 0.733333
vt 0.960000 0.733333
vt 0.960000 0.800000
vt 0.946667 0.800000
vt 0.960000 0.733333
vt 0.973333 0.733333
vt 0.973333 0.800000
vt 0.960000 0.800000
vt 0.973333 0.733333
vt 0.986667 0.733333
vt 0.986667 0.800000
vt 0.973333 0.800000
vt 0.986667 0.733333
vt 1.000000 0.733333
vt 1.000000 0.800000
vt 0.986667 0.800000
vt 0.000000 0.800000
vt 0.013333 0.800000
vt 0.013333 0.866667
vt 0.000000 0.866667
vt 0.013333 0.800000
vt 0.026667 0.800000
vt 0.026667 0.866667
vt 0.013333 0.866667
vt 0.026667 0.800000
vt 0.040000 0.800000
vt 0.040000 0.866667
vt 0.026667 0.866667
vt 0.040000 0.800000
vt 0.053333 0.800000
vt 0.053333 0.866667
vt 0.040000 0.866667
vt 0.053333 0.800000
vt 0.066667 0.800000
vt 0.066667 0.866667
vt 0.053333 0.866667
vt 0.066667 0.800000
vt 0.080000 0.800000
vt 0.080000 0.866667
vt 0.066667 0.866667
vt 0.080000 0.800000
vt 0.093333 0.800000
vt 0.093333 0.866667
vt 0.080000 0.866667
vt 0.093333 0.800000
vt 0.106667 0.800000
vt 0.106667 0.866667
vt 0.093333 0.866667
vt 0.106667 0.800000
vt 0.120000 0.800000
vt 0.120000 0.866667
vt 0.106667 0.866667
vt 0.120000 0.800000
vt 0.133333 0.800000
vt 0.133333 0.866667
vt 0.120000 0.866667
vt 0.133333 0.800000
vt 0.146667 0.800000
vt 0.146667 0.866667
vt 0.133333 0.866667
vt 0.146667 0.800000
vt 0.160000 0.800000
vt 0.160000 0.866667
vt 0.146667 0.866667
vt 0.160000 0.800000
vt 0.173333 0.800000
vt 0.173333 0.866667
vt 0.160000 0.866667
vt 0.173333 0.800000
vt 0.186667 0.800000
vt 0.186667 0.866667
vt 0.173333 0.866667
vt 0.186667 0.800000
vt 0.200000 0.800000
vt 0.200000 0.866667
vt 0.186667 0.866667
vt 0.200000 0.800000
vt 0.213333 0.800000
vt 0.213333 0.866667
vt 0.200000 0.866667
vt 0.213333 0.800000
vt 0.226667 0.800000
vt 0.226667 0.866667
vt 0.213333 0.866667
vt 0.226667 0.800000
vt 0.240000 0.800000
vt 0.240000 0.866667
vt 0.226667 0.866667
vt 0.240000 0.800000
vt 0.253333 0.800000
vt 0.253333 0.866667
vt 0.240000 0.866667
vt 0.253333 0.800000
vt 0.266667 0.800000
vt 0.266667 0.866667
vt 0.253333 0.866667
vt 0.266667 0.800000
vt 0.280000 0.800000
vt 0.280000 0.866667
vt 0.266667 0.866667
vt 0.280000 0.800000
vt 0.293333 0.800000
vt 0.293333 0.866667
vt 0.280000 0.866667
vt 0.293333 0.800000
vt 0.306667 0.800000
vt 0.306667 0.866667
vt 0.293333 0.866667
vt 0.306667 0.800000
vt 0.320000 0.800000
vt 0.320000 0.866667
vt 0.306667 0.866667
vt 0.320000 0.800000
vt 0.333333 0.800000
vt 0.333333 0.866667
vt 0.320000 0.866667
vt 0.333333 0.800000
vt 0.346667 0.800000
vt 0.346667 0.866667
vt 0.333333 0.866667
vt 0.346667 0.800000
vt 0.360000 0.800000
vt 0.360000 0.866667
vt 0.346667 0.866667
vt 0.360000 0.800000
vt 0.373333 0.800000
vt 0.373333 0.866667
vt 0.360000 0.866667
vt 0.373333 0.800000
vt 0.386667 0.800000
vt 0.386667 0.866667
vt 0.373333 0.866667
vt 0.386667 0.800000
vt 0.400000 0.800000
vt 0.400000 0.866667
vt 0.386667 0.866667
vt 0.400000 0.800000
vt 0.413333 0.800000
vt 0.413333 0.866667
vt 0.400000 0.866667
vt 0.413333 0.800000
vt 0.426667 0.800000
vt 0.426667 0.866667
vt 0.413333 0.866667
vt 0.426667 0.800000
vt 0.440000 0.800000
vt 0.440000 0.866667
vt 0.426667 0.866667
vt 0.440000 0.800000
vt 0.453333 0.800000
vt 0.453333 0.866667
vt 0.440000 0.866667
vt 0.453333 0.800000
vt 0.466667 0.800000
vt 0.466667 0.866667
vt 0.453333 0.866667
vt 0.466667 0.800000
vt 0.480000 0.800000
vt 0.480000 0.866667
vt 0.466667 0.866667
vt 0.480000 0.800000
vt 0.493333 0.800000
vt 0.493333 0.866667
vt 0.480000 0.866667
vt 0.493333 0.800000
vt 0.506667 0.800000
vt 0.506667 0.866667
vt 0.493333 0.866667
vt 0.506667 0.800000
vt 0.520000 0.800000
vt 0.520000 0.866667
vt 0.506667 0.866667
vt 0.520000 0.800000
vt 0.533333 0.800000
vt 0.533333 0.866667
vt 0.520000 0.866667
vt 0.533333 0.800000
vt 0.546667 0.800000
vt 0.546667 0.866667
vt 0.533333 0.866667
vt 0.546667 0.800000
vt 0.560000 0.800000
vt 0.560000 0.866667
vt 0.546667 0.866667
vt 0.560000 0.800000
vt 0.573333 0.800000
vt 0.573333 0.866667
vt 0.560000 0.866667
vt 0.573333 0.800000
vt 0.586667 0.800000
vt 0.586667 0.866667
vt 0.573333 0.866667
vt 0.586667 0.800000
vt 0.600000 0.800000
vt 0.600000 0.866667
vt 0.586667 0.866667
vt 0.600000 0.800000
vt 0.613333 0.800000
vt 0.613333 0.866667
vt 0.600000 0.866667
vt 0.613333 0.800000
vt 0.626667 0.800000
vt 0.626667 0.866667
vt 0.613333 0.866667
vt 0.626667 0.800000
vt 0.640000 0.800000
vt 0.640000 0.866667
vt 0.626667 0.866667
vt 0.640000 0.800000
vt 0.653333 0.800000
vt 0.653333 0.866667
vt 0.640000 0.866667
vt 0.653333 0.800000
vt 0.666667 0.800000
vt 0.666667 0.866667
vt 0.653333 0.866667
vt 0.666667 0.800000
vt 0.680000 0.800000
vt 0.680000 0.866667
vt 0.666667 0.866667
vt 0.680000 0.800000
vt 0.693333 0.800000
vt 0.693333 0.866667
vt 0.680000 0.866667
vt 0.693333 0.800000
vt 0.706667 0.800000
vt 0.706667 0.866667
vt 0.693333 0.866667
vt 0.706667 0.800000
vt 0.720000 0.800000
vt 0.720000 0.866667
vt 0.706667 0.866667
vt 0.720000 0.800000
vt 0.733333 0.800000
vt 0.733333 0.866667
vt 0.720000 0.866667
vt 0.733333 0.800000
vt 0.746667 0.800000
vt 0.746667 0.866667
vt 0.733333 0.866667
vt 0.746667 0.800000
vt 0.760000 0.800000
vt 0.760000 0.866667
vt 0.746667 0.866667
vt 0.760000 0.800000
vt 0.773333 0.800000
vt 0.773333 0.866667
vt 0.760000 0.866667
vt 0.773333 0.800000
vt 0.786667 0.800000
vt 0.786667 0.866667
vt 0.773333 0.866667
vt 0.786667 0.800000
vt 0.800000 0.800000
vt 0.800000 0.866667
vt 0.786667 0.866667
vt 0.800000 0.800000
vt 0.813333 0.800000
vt 0.813333 0.866667
vt 0.800000 0.866667
vt 0.813333 0.800000
vt 0.826667 0.800000
vt 0.826667 0.866667
vt 0.813333 0.866667
vt 0.826667 0.800000
vt 0.840000 0.800000
vt 0.840000 0.866667
vt 0.826667 0.866667
vt 0.840000 0.800000
vt 0.853333 0.800000
vt 0.853333 0.866667
vt 0.840000 0.866667
vt 0.853333 0.800000
vt 0.866667 0.800000
vt 0.866667 0.866667
vt 0.853333 0.866667
vt 0.866667 0.800000
vt 0.880000 0.800000
vt 0.880000 0.866667
vt 0.866667 0.866667
vt 0.880000 0.800000
vt 0.893333 0.800000
vt 0.893333 0.866667
vt 0.880000 0.866667
vt 0.893333 0.800000
vt 0.906667 0.800000
vt 0.906667 0.866667
vt 0.893333 0.866667
vt 0.906667 0.800000
vt 0.920000 0.800000
vt 0.920000 0.866667
vt 0.906667 0.866667
vt 0.920000 0.800000
vt 0.933333 0.800000
vt 0.933333 0.866667
vt 0.920000 0.866667
vt 0.933333 0.800000
vt 0.946667 0.800000
vt 0.946667 0.866667
vt 0.933333 0.866667
vt 0.946667 0.800000
vt 0.960000 0.800000
vt 0.960000 0.866667
vt 0.946667 0.866667
vt 0.960000 0.800000
vt 0.973333 0.800000
vt 0.973333 0.866667
vt 0.960000 0.866667
vt 0.973333 0.800000
vt 0.986667 0.800000
vt 0.986667 0.866667
vt 0.973333 0.866667
vt 0.986667 0.800000
vt 1.000000 0.800000
vt 1.000000 0.866667
vt 0.986667 0.866667
vt 0.000000 0.866667
vt 0.013333 0.866667
vt 0.013333 0.933333
vt 0.000000 0.933333
vt 0.013333 0.866667
vt 0.026667 0.866667
vt 0.026667 0.933333
vt 0.013333 0.933333
vt 0.026667 0.866667
vt 0.040000 0.866667
vt 0.040000 0.933333
vt 0.026667 0.933333
vt 0.040000 0.866667
vt 0.053333 0.866667
vt 0.053333 0.933333
vt 0.040000 0.933333
vt 0.053333 0.866667
vt 0.066667 0.866667
vt 0.066667 0.933333
vt 0.053333 0.933333
vt 0.066667 0.866667
vt 0.080000 0.866667
vt 0.080000 0.933333
vt 0.066667 0.933333
vt 0.080000 0.866667
vt 0.093333 0.866667
vt 0.093333 0.933333
vt 0.080000 0.933333
vt 0.093333 0.866667
vt 0.106667 0.866667
vt 0.106667 0.933333
vt 0.093333 0.933333
vt 0.106667 0.866667
vt 0.120000 0.866667
vt 0.120000 0.933333
vt 0.106667 0.933333
vt 0.120000 0.866667
vt 0.133333 0.866667
vt 0.133333 0.933333
vt 0.120000 0.933333
vt 0.133333 0.866667
vt 0.146667 0.866667
vt 0.146667 0.933333
vt 0.133333 0.933333
vt 0.146667 0.866667
vt 0.160000 0.866667
vt 0.160000 0.933333
vt 0.146667 0.933333
vt 0.160000 0.866667
vt 0.173333 0.866667
vt 0.173333 0.933333
vt 0.160000 0.933333
vt 0.173333 0.866667
vt 0.186667 0.866667
vt 0.186667 0.933333
vt 0.173333 0.933333
vt 0.186667 0.866667
vt 0.200000 0.866667
vt 0.200000 0.933333
vt 0.186667 0.933333
vt 0.200000 0.866667
vt 0.213333 0.866667
vt 0.213333 0.933333
vt 0.200000 0.933333
vt 0.213333 0.866667
vt 0.226667 0.866667
vt 0.226667 0.933333
vt 0.213333 0.933333
vt 0.226667 0.866667
vt 0.240000 0.866667
vt 0.240000 0.933333
vt 0.226667 0.933333
vt 0.240000 0.866667
vt 0.253333 0.866667
vt 0.253333 0.933333
vt 0.240000 0.933333
vt 0.253333 0.866667
vt 0.266667 0.866667
vt 0.266667 0.933333
vt 0.253333 0.933333
vt 0.266667 0.866667
vt 0.280000 0.866667
vt 0.280000 0.933333
vt 0.266667 0.933333
vt 0.280000 0.866667
vt 0.293333 0.866667
vt 0.293333 0.933333
vt 0.280000 0.933333
vt 0.293333 0.866667
vt 0.306667 0.866667
vt 0.306667 0.933333
vt 0.293333 0.933333
vt 0.306667 0.866667
vt 0.320000 0.866667
vt 0.320000 0.933333
vt 0.306667 0.933333
vt 0.320000 0.866667
vt 0.333333 0.866667
vt 0.333333 0.933333
vt 0.320000 0.933333
vt 0.333333 0.866667
vt 0.346667 0.866667
vt 0.346667 0.933333
vt 0.333333 0.933333
vt 0.346667 0.866667
vt 0.360000 0.866667
vt 0.360000 0.933333
vt 0.346667 0.933333
vt 0.360000 0.866667
vt 0.373333 0.866667
vt 0.373333 0.933333
vt 0.360000 0.933333
vt 0.373333 0.866667
vt 0.386667 0.866667
vt 0.386667 0.933333
vt 0.373333 0.933333
vt 0.386667 0.866667
vt 0.400000 0.866667
vt 0.400000 0.933333
vt 0.386667 0.933333
vt 0.400000 0.866667
vt 0.413333 0.866667
vt 0.413333 0.933333
vt 0.400000 0.933333
vt 0.413333 0.866667
vt 0.426667 0.866667
vt 0.426667 0.933333
vt 0.413333 0.933333
vt 0.426667 0.866667
vt 0.440000 0.866667
vt 0.440000 0.933333
vt 0.426667 0.933333
vt 0.440000 0.866667
vt 0.453333 0.866667
vt 0.453333 0.933333
vt 0.440000 0.933333
vt 0.453333 0.866667
vt 0.466667 0.866667
vt 0.466667 0.933333
vt 0.453333 0.933333
vt 0.466667 0.866667
vt 0.480000 0.866667
vt 0.480000 0.933333
vt 0.466667 0.933333
vt 0.480000 0.866667
vt 0.493333 0.866667
vt 0.493333 0.933333
vt 0.480000 0.933333
vt 0.493333 0.866667
vt 0.506667 0.866667
vt 0.506667 0.933333
vt 0.493333 0.933333
vt 0.506667 0.866667
vt 0.520000 0.866667
vt 0.520000 0.933333
vt 0.506667 0.933333
vt 0.520000 0.866667
vt 0.533333 0.866667
vt 0.533333 0.933333
vt 0.520000 0.933333
vt 0.533333 0.866667
vt 0.546667 0.866667
vt 0.546667 0.933333
vt 0.533333 0.933333
vt 0.546667 0.866667
vt 0.560000 0.866667
vt 0.560000 0.933333
vt 0.546667 0.933333
vt 0.560000 0.866667
vt 0.573333 0.866667
vt 0.573333 0.933333
vt 0.560000 0.933333
vt 0.573333 0.866667
vt 0.586667 0.866667
vt 0.586667 0.933333
vt 0.573333 0.933333
vt 0.586667 0.866667
vt 0.600000 0.866667
vt 0.600000 0.933333
vt 0.586667 0.933333
vt 0.600000 0.866667
vt 0.613333 0.866667
vt 0.613333 0.933333
vt 0.600000 0.933333
vt 0.613333 0.866667
vt 0.626667 0.866667
vt 0.626667 0.933333
vt 0.613333 0.933333
vt 0.626667 0.866667
vt 0.640000 0.866667
vt 0.640000 0.933333
vt 0.626667 0.933333
vt 0.640000 0.866667
vt 0.653333 0.866667
vt 0.653333 0.933333
vt 0.640000 0.933333
vt 0.653333 0.866667
vt 0.666667 0.866667
vt 0.666667 0.933333
vt 0.653333 0.933333
vt 0.666667 0.866667
vt 0.680000 0.866667
vt 0.680000 0.933333
vt 0.666667 0.933333
vt 0.680000 0.866667
vt 0.693333 0.866667
vt 0.693333 0.933333
vt 0.680000 0.933333
vt 0.693333 0.866667
vt 0.706667 0.866667
vt 0.706667 0.933333
vt 0.693333 0.933333
vt 0.706667 0.866667
vt 0.720000 0.866667
vt 0.720000 0.933333
vt 0.706667 0.933333
vt 0.720000 0.866667
vt 0.733333 0.866667
vt 0.733333 0.933333
vt 0.720000 0.933333
vt 0.733333 0.866667
vt 0.746667 0.866667
vt 0.746667 0.933333
vt 0.733333 0.933333
vt 0.746667 0.866667
vt 0.760000 0.866667
vt 0.760000 0.933333
vt 0.746667 0.933333
vt 0.760000 0.866667
vt 0.773333 0.866667
vt 0.773333 0.933333
vt 0.760000 0.933333
vt 0.773333 0.866667
vt 0.786667 0.866667
vt 0.786667 0.933333
vt 0.773333 0.933333
vt 0.786667 0.866667
vt 0.800000 0.866667
vt 0.800000 0.933333
vt 0.786667 0.933333
vt 0.800000 0.866667
vt 0.813333 0.866667
vt 0.813333 0.933333
vt 0.800000 0.933333
vt 0.813333 0.866667
vt 0.826667 0.866667
vt 0.826667 0.933333
vt 0.813333 0.933333
vt 0.826667 0.866667
vt 0.840000 0.866667
vt 0.840000 0.933333
vt 0.826667 0.933333
vt 0.840000 0.866667
vt 0.853333 0.866667
vt 0.853333 0.933333
vt 0.840000 0.933333
vt 0.853333 0.866667
vt 0.866667 0.866667
vt 0.866667 0.933333
vt 0.853333 0.933333
vt 0.866667 0.866667
vt 0.880000 0.866667
vt 0.880000 0.933333
vt 0.866667 0.933333
vt 0.880000 0.866667
vt 0.893333 0.866667
vt 0.893333 0.933333
vt 0.880000 0.933333
vt 0.893333 0.866667
vt 0.906667 0.866667
vt 0.906667 0.933333
vt 0.893333 0.933333
vt 0.906667 0.866667
vt 0.920000 0.866667
vt 0.920000 0.933333
vt 0.906667 0.933333
vt 0.920000 0.866667
vt 0.933333 0.866667
vt 0.933333 0.933333
vt 0.920000 0.933333
vt 0.933333 0.866667
vt 0.946667 0.866667
vt 0.946667 0.933333
vt 0.933333 0.933333
vt 0.946667 0.866667
vt 0.960000 0.866667
vt 0.960000 0.933333
vt 0.946667 0.933333
vt 0.960000 0.866667
vt 0.973333 0.866667
vt 0.973333 0.933333
vt 0.960000 0.933333
vt 0.973333 0.866667
vt 0.986667 0.866667
vt 0.986667 0.933333
vt 0.973333 0.933333
vt 0.986667 0.866667
vt 1.000000 0.866667
vt 1.000000 0.933333
vt 0.986667 0.933333
vt 0.000000 0.933333
vt 0.013333 0.933333
vt 0.013333 1.000000
vt 0.000000 1.000000
vt 0.013333 0.933333
vt 0.026667 0.933333
vt 0.026667 1.000000
vt 0.013333 1.000000
vt 0.026667 0.933333
vt 0.040000 0.933333
vt 0.040000 1.000000
vt 0.026667 1.000000
vt 0.040000 0.933333
vt 0.053333 0.933333
vt 0.053333 1.000000
vt 0.040000 1.000000
vt 0.053333 0.933333
vt 0.066667 0.933333
vt 0.066667 1.000000
vt 0.053333 1.000000
vt 0.066667 0.933333
vt 0.080000 0.933333
vt 0.080000 1.000000
vt 0.066667 1.000000
vt 0.080000 0.933333
vt 0.093333 0.933333
vt 0.093333 1.000000
vt 0.080000 1.000000
vt 0.093333 0.933333
vt 0.106667 0.933333
vt 0.106667 1.000000
vt 0.093333 1.000000
vt 0.106667 0.933333
vt 0.120000 0.933333
vt 0.120000 1.000000
vt 0.106667 1.000000
vt 0.120000 0.933333
vt 0.133333 0.933333
vt 0.133333 1.000000
vt 0.120000 1.000000
vt 0.133333 0.933333
vt 0.146667 0.933333
vt 0.146667 1.000000
vt 0.133333 1.000000
vt 0.146667 0.933333
vt 0.160000 0.933333
vt 0.160000 1.000000
vt 0.146667 1.000000
vt 0.160000 0.933333
vt 0.173333 0.933333
vt 0.173333 1.000000
vt 0.160000 1.000000
vt 0.173333 0.933333
vt 0.186667 0.933333
vt 0.186667 1.000000
vt 0.173333 1.000000
vt 0.186667 0.933333
vt 0.200000 0.933333
vt 0.200000 1.000000
vt 0.186667 1.000000
vt 0.200000 0.933333
vt 0.213333 0.933333
vt 0.213333 1.000000
vt 0.200000 1.000000
vt 0.213333 0.933333
vt 0.226667 0.933333
vt 0.226667 1.000000
vt 0.213333 1.000000
vt 0.226667 0.933333
vt 0.240000 0.933333
vt 0.240000 1.000000
vt 0.226667 1.000000
vt 0.240000 0.933333
vt 0.253333 0.933333
vt 0.253333 1.000000
vt 0.240000 1.000000
vt 0.253333 0.933333
vt 0.266667 0.933333
vt 0.266667 1.000000
vt 0.253333 1.000000
vt 0.266667 0.933333
vt 0.280000 0.933333
vt 0.280000 1.000000
vt 0.266667 1.000000
vt 0.280000 0.933333
vt 0.293333 0.933333
vt 0.293333 1.000000
vt 0.280000 1.000000
vt 0.293333 0.933333
vt 0.306667 0.933333
vt 0.306667 1.000000
vt 0.293333 1.000000
vt 0.306667 0.933333
vt 0.320000 0.933333
vt 0.320000 1.000000
vt 0.306667 1.000000
vt 0.320000 0.933333
vt 0.333333 0.933333
vt 0.333333 1.000000
vt 0.320000 1.000000
vt 0.333333 0.933333
vt 0.346667 0.933333
vt 0.346667 1.000000
vt 0.333333 1.000000
vt 0.346667 0.933333
vt 0.360000 0.933333
vt 0.360000 1.000000
vt 0.346667 1.000000
vt 0.360000 0.933333
vt 0.373333 0.933333
vt 0.373333 1.000000
vt 0.360000 1.000000
vt 0.373333 0.933333
vt 0.386667 0.933333
vt 0.386667 1.000000
vt 0.373333 1.000000
vt 0.386667 0.933333
vt 0.400000 0.933333
vt 0.400000 1.000000
vt 0.386667 1.000000
vt 0.400000 0.933333
vt 0.413333 0.933333
vt 0.413333 1.000000
vt 0.400000 1.000000
vt 0.413333 0.933333
vt 0.426667 0.933333
vt 0.426667 1.000000
vt 0.413333 1.000000
vt 0.426667 0.933333
vt 0.440000 0.933333
vt 0.440000 1.000000
vt 0.426667 1.000000
vt 0.440000 0.933333
vt 0.453333 0.933333
vt 0.453333 1.000000
vt 0.440000 1.000000
vt 0.453333 0.933333
vt 0.466667 0.933333
vt 0.466667 1.000000
vt 0.453333 1.000000
vt 0.466667 0.933333
vt 0.480000 0.933333
vt 0.480000 1.000000
vt 0.466667 1.000000
vt 0.480000 0.933333
vt 0.493333 0.933333
vt 0.493333 1.000000
vt 0.480000 1.000000
vt 0.493333 0.933333
vt 0.506667 0.933333
vt 0.506667 1.000000
vt 0.493333 1.000000
vt 0.506667 0.933333
vt 0.520000 0.933333
vt 0.520000 1.000000
vt 0.506667 1.000000
vt 0.520000 0.933333
vt 0.533333 0.933333
vt 0.533333 1.000000
vt 0.520000 1.000000
vt 0.533333 0.933333
vt 0.546667 0.933333
vt 0.546667 1.000000
vt 0.533333 1.000000
vt 0.546667 0.933333
vt 0.560000 0.933333
vt 0.560000 1.000000
vt 0.546667 1.000000
vt 0.560000 0.933333
vt 0.573333 0.933333
vt 0.573333 1.000000
vt 0.560000 1.000000
vt 0.573333 0.933333
vt 0.586667 0.933333
vt 0.586667 1.000000
vt 0.573333 1.000000
vt 0.586667 0.933333
vt 0.600000 0.933333
vt 0.600000 1.000000
vt 0.586667 1.000000
vt 0.600000 0.933333
vt 0.613333 0.933333
vt 0.613333 1.000000
vt 0.600000 1.000000
vt 0.613333 0.933333
vt 0.626667 0.933333
vt 0.626667 1.000000
vt 0.613333 1.000000
vt 0.626667 0.933333
vt 0.640000 0.933333
vt 0.640000 1.000000
vt 0.626667 1.000000
vt 0.640000 0.933333
vt 0.653333 0.933333
vt 0.653333 1.000000
vt 0.640000 1.000000
vt 0.653333 0.933333
vt 0.666667 0.933333
vt 0.666667 1.000000
vt 0.653333 1.000000
vt 0.666667 0.933333
vt 0.680000 0.933333
vt 0.680000 1.000000
vt 0.666667 1.000000
vt 0.680000 0.933333
vt 0.693333 0.933333
vt 0.693333 1.000000
vt 0.680000 1.000000
vt 0.693333 0.933333
vt 0.706667 0.933333
vt 0.706667 1.000000
vt 0.693333 1.000000
vt 0.706667 0.933333
vt 0.720000 0.933333
vt 0.720000 1.000000
vt 0.706667 1.000000
vt 0.720000 0.933333
vt 0.733333 0.933333
vt 0.733333 1.000000
vt 0.720000 1.000000
vt 0.733333 0.933333
vt 0.746667 0.933333
vt 0.746667 1.000000
vt 0.733333 1.000000
vt 0.746667 0.933333
vt 0.760000 0.933333
vt 0.760000 1.000000
vt 0.746667 1.000000
vt 0.760000 0.933333
vt 0.773333 0.933333
vt 0.773333 1.000000
vt 0.760000 1.000000
vt 0.773333 0.933333
vt 0.786667 0.933333
vt 0.786667 1.000000
vt 0.773333 1.000000
vt 0.786667 0.933333
vt 0.800000 0.933333
vt 0.800000 1.000000
vt 0.786667 1.000000
vt 0.800000 0.933333
vt 0.813333 0.933333
vt 0.813333 1.000000
vt 0.800000 1.000000
vt 0.813333 0.933333
vt 0.826667 0.933333
vt 0.826667 1.000000
vt 0.813333 1.000000
vt 0.826667 0.933333
vt 0.840000 0.933333
vt 0.840000 1.000000
vt 0.826667 1.000000
vt 0.840000 0.933333
vt 0.853333 0.933333
vt 0.853333 1.000000
vt 0.840000 1.000000
vt 0.853333 0.933333
vt 0.866667 0.933333
vt 0.866667 1.000000
vt 0.853333 1.000000
vt 0.866667 0.933333
vt 0.880000 0.933333
vt 0.880000 1.000000
vt 0.866667 1.000000
vt 0.880000 0.933333
vt 0.893333 0.933333
vt 0.893333 1.000000
vt 0.880000 1.000000
vt 0.893333 0.933333
vt 0.906667 0.933333
vt 0.906667 1.000000
vt 0.893333 1.000000
vt 0.906667 0.933333
vt 0.920000 0.933333
vt 0.920000 1.000000
vt 0.906667 1.000000
vt 0.920000 0.933333
vt 0.933333 0.933333
vt 0.933333 1.000000
vt 0.920000 1.000000
vt 0.933333 0.933333
vt 0.946667 0.933333
vt 0.946667 1.000000
vt 0.933333 1.000000
vt 0.946667 0.933333
vt 0.960000 0.933333
vt 0.960000 1.000000
vt 0.946667 1.000000
vt 0.960000 0.933333
vt 0.973333 0.933333
vt 0.973333 1.000000
vt 0.960000 1.000000
vt 0.973333 0.933333
vt 0.986667 0.933333
vt 0.986667 1.000000
vt 0.973333 1.000000
vt 0.986667 0.933333
vt 1.000000 0.933333
vt 1.000000 1.000000
vt 0.986667 1.000000
vt 0.000000 0.000000
vt 0.013333 0.000000
vt 0.013333 0.066667
vt 0.000000 0.066667
vt 0.013333 0.000000
vt 0.026667 0.000000
vt 0.026667 0.066667
vt 0.013333 0.066667
vt 0.026667 0.000000
vt 0.040000 0.000000
vt 0.040000 0.066667
vt 0.026667 0.066667
vt 0.040000 0.000000
vt 0.053333 0.000000
vt 0.053333 0.066667
vt 0.040000 0.066667
vt 0.053333 0.000000
vt 0.066667 0.000000
vt 0.066667 0.066667
vt 0.053333 0.066667
vt 0.066667 0.000000
vt 0.080000 0.000000
vt 0.080000 0.066667
vt 0.066667 0.066667
vt 0.080000 0.000000
vt 0.093333 0.000000
vt 0.093333 0.066667
vt 0.080000 0.066667
vt 0.093333 0.000000
vt 0.106667 0.000000
vt 0.106667 0.066667
vt 0.093333 0.066667
vt 0.106667 0.000000
vt 0.120000 0.000000
vt 0.120000 0.066667
vt 0.106667 0.066667
vt 0.120000 0.000000
vt 0.133333 0.000000
vt 0.133333 0.066667
vt 0.120000 0.066667
vt 0.133333 0.000000
vt 0.146667 0.000000
vt 0.146667 0.066667
vt 0.133333 0.066667
vt 0.146667 0.000000
vt 0.160000 0.000000
vt 0.160000 0.066667
vt 0.146667 0.066667
vt 0.160000 0.000000
vt 0.173333 0.000000
vt 0.173333 0.066667
vt 0.160000 0.066667
vt 0.173333 0.000000
vt 0.186667 0.000000
vt 0.186667 0.066667
vt 0.173333 0.066667
vt 0.186667 0.000000
vt 0.200000 0.000000
vt 0.200000 0.066667
vt 0.186667 0.066667
vt 0.200000 0.000000
vt 0.213333 0.000000
vt 0.213333 0.066667
vt 0.200000 0.066667
vt 0.213333 0.000000
vt 0.226667 0.000000
vt 0.226667 0.066667
vt 0.213333 0.066667
vt 0.226667 0.000000
vt 0.240000 0.000000
vt 0.240000 0.066667
vt 0.226667 0.066667
vt 0.240000 0.000000
vt 0.253333 0.000000
vt 0.253333 0.066667
vt 0.240000 0.066667
vt 0.253333 0.000000
vt 0.266667 0.000000
vt 0.266667 0.066667
vt 0.253333 0.066667
vt 0.266667 0.000000
vt 0.280000 0.000000
vt 0.280000 0.066667
vt 0.266667 0.066667
vt 0.280000 0.000000
vt 0.293333 0.000000
vt 0.293333 0.066667
vt 0.280000 0.066667
vt 0.293333 0.000000
vt 0.306667 0.000000
vt 0.306667 0.066667
vt 0.293333 0.066667
vt 0.306667 0.000000
vt 0.320000 0.000000
vt 0.320000 0.066667
vt 0.306667 0.066667
vt 0.320000 0.000000
vt 0.333333 0.000000
vt 0.333333 0.066667
vt 0.320000 0.066667
vt 0.333333 0.000000
vt 0.346667 0.000000
vt 0.346667 0.066667
vt 0.333333 0.066667
vt 0.346667 0.000000
vt 0.360000 0.000000
vt 0.360000 0.066667
vt 0.346667 0.066667
vt 0.360000 0.000000
vt 0.373333 0.000000
vt 0.373333 0.066667
vt 0.360000 0.066667
vt 0.373333 0.000000
vt 0.386667 0.000000
vt 0.386667 0.066667
vt 0.373333 0.066667
vt 0.386667 0.000000
vt 0.400000 0.000000
vt 0.400000 0.066667
vt 0.386667 0.066667
vt 0.400000 0.000000
vt 0.413333 0.000000
vt 0.413333 0.066667
vt 0.400000 0.066667
vt 0.413333 0.000000
vt 0.426667 0.000000
vt 0.426667 0.066667
vt 0.413333 0.066667
vt 0.426667 0.000000
vt 0.440000 0.000000
vt 0.440000 0.066667
vt 0.426667 0.066667
vt 0.440000 0.000000
vt 0.453333 0.000000
vt 0.453333 0.066667
vt 0.440000 0.066667
vt 0.453333 0.000000
vt 0.466667 0.000000
vt 0.466667 0.066667
vt 0.453333 0.066667
vt 0.466667 0.000000
vt 0.480000 0.000000
vt 0.480000 0.066667
vt 0.466667 0.066667
vt 0.480000 0.000000
vt 0.493333 0.000000
vt 0.493333 0.066667
vt 0.480000 0.066667
vt 0.493333 0.000000
vt 0.506667 0.000000
vt 0.506667 0.066667
vt 0.493333 0.066667
vt 0.506667 0.000000
vt 0.520000 0.000000
vt 0.520000 0.066667
vt 0.506667 0.066667
vt 0.520000 0.000000
vt 0.533333 0.000000
vt 0.533333 0.066667
vt 0.520000 0.066667
vt 0.533333 0.000000
vt 0.546667 0.000000
vt 0.546667 0.066667
vt 0.533333 0.066667
vt 0.546667 0.000000
vt 0.560000 0.000000
vt 0.560000 0.066667
vt 0.546667 0.066667
vt 0.560000 0.000000
vt 0.573333 0.000000
vt 0.573333 0.066667
vt 0.560000 0.066667
vt 0.573333 0.000000
vt 0.586667 0.000000
vt 0.586667 0.066667
vt 0.573333 0.066667
vt 0.586667 0.000000
vt 0.600000 0.000000
vt 0.600000 0.066667
vt 0.586667 0.066667
vt 0.600000 0.000000
vt 0.613333 0.000000
vt 0.613333 0.066667
vt 0.600000 0.066667
vt 0.613333 0.000000
vt 0.626667 0.000000
vt 0.626667 0.066667
vt 0.613333 0.066667
vt 0.626667 0.000000
vt 0.640000 0.000000
vt 0.640000 0.066667
vt 0.626667 0.066667
vt 0.640000 0.000000
vt 0.653333 0.000000
vt 0.653333 0.066667
vt 0.640000 0.066667
vt 0.653333 0.000000
vt 0.666667 0.000000
vt 0.666667 0.066667
vt 0.653333 0.066667
vt 0.666667 0.000000
vt 0.680000 0.000000
vt 0.680000 0.066667
vt 0.666667 0.066667
vt 0.680000 0.000000
vt 0.693333 0.000000
vt 0.693333 0.066667
vt 0.680000 0.066667
vt 0.693333 0.000000
vt 0.706667 0.000000
vt 0.706667 0.066667
vt 0.693333 0.066667
vt 0.706667 0.000000
vt 0.720000 0.000000
vt 0.720000 0.066667
vt 0.706667 0.066667
vt 0.720000 0.000000
vt 0.733333 0.000000
vt 0.733333 0.066667
vt 0.720000 0.066667
vt 0.733333 0.000000
vt 0.746667 0.000000
vt 0.746667 0.066667
vt 0.733333 0.066667
vt 0.746667 0.000000
vt 0.760000 0.000000
vt 0.760000 0.066667
vt 0.746667 0.066667
vt 0.760000 0.000000
vt 0.773333 0.000000
vt 0.773333 0.066667
vt 0.760000 0.066667
vt 0.773333 0.000000
vt 0.786667 0.000000
vt 0.786667 0.066667
vt 0.773333 0.066667
vt 0.786667 0.000000
vt 0.800000 0.000000
vt 0.800000 0.066667
vt 0.786667 0.066667
vt 0.800000 0.000000
vt 0.813333 0.000000
vt 0.813333 0.066667
vt 0.800000 0.066667
vt 0.813333 0.000000
vt 0.826667 0.000000
vt 0.826667 0.066667
vt 0.813333 0.066667
vt 0.826667 0.000000
vt 0.840000 0.000000
vt 0.840000 0.066667
vt 0.826667 0.066667
vt 0.840000 0.000000
vt 0.853333 0.000000
vt 0.853333 0.066667
vt 0.840000 0.066667
vt 0.853333 0.000000
vt 0.866667 0.000000
vt 0.866667 0.066667
vt 0.853333 0.066667
vt 0.866667 0.000000
vt 0.880000 0.000000
vt 0.880000 0.066667
vt 0.866667 0.066667
vt 0.880000 0.000000
vt 0.893333 0.000000
vt 0.893333 0.066667
vt 0.880000 0.066667
vt 0.893333 0.000000
vt 0.906667 0.000000
vt 0.906667 0.066667
vt 0.893333 0.066667
vt 0.906667 0.000000
vt 0.920000 0.000000
vt 0.920000 0.066667
vt 0.906667 0.066667
vt 0.920000 0.000000
vt 0.933333 0.000000
vt 0.933333 0.066667
vt 0.920000 0.066667
vt 0.933333 0.000000
vt 0.946667 0.000000
vt 0.946667 0.066667
vt 0.933333 0.066667
vt 0.946667 0.000000
vt 0.960000 0.000000
vt 0.960000 0.066667
vt 0.946667 0.066667
vt 0.960000 0.000000
vt 0.973333 0.000000
vt 0.973333 0.066667
vt 0.960000 0.066667
vt 0.973333 0.000000
vt 0.986667 0.000000
vt 0.986667 0.066667
vt 0.973333 0.066667
vt 0.986667 0.000000
vt 1.000000 0.000000
vt 1.000000 0.066667
vt 0.986667 0.066667
vt 0.000000 0.066667
vt 0.013333 0.066667
vt 0.013333 0.133333
vt 0.000000 0.133333
vt 0.013333 0.066667
vt 0.026667 0.066667
vt 0.026667 0.133333
vt 0.013333 0.133333
vt 0.026667 0.066667
vt 0.040000 0.066667
vt 0.040000 0.133333
vt 0.026667 0.133333
vt 0.040000 0.066667
vt 0.053333 0.066667
vt 0.053333 0.133333
vt 0.040000 0.133333
vt 0.053333 0.066667
vt 0.066667 0.066667
vt 0.066667 0.133333
vt 0.053333 0.133333
vt 0.066667 0.066667
vt 0.080000 0.066667
vt 0.080000 0.133333
vt 0.066667 0.133333
vt 0.080000 0.066667
vt 0.093333 0.066667
vt 0.093333 0.133333
vt 0.080000 0.133333
vt 0.093333 0.066667
vt 0.106667 0.066667
vt 0.106667 0.133333
vt 0.093333 0.133333
vt 0.106667 0.066667
vt 0.120000 0.066667
vt 0.120000 0.133333
vt 0.106667 0.133333
vt 0.120000 0.066667
vt 0.133333 0.066667
vt 0.133333 0.133333
vt 0.120000 0.133333
vt 0.133333 0.066667
vt 0.146667 0.066667
vt 0.146667 0.133333
vt 0.133333 0.133333
vt 0.146667 0.066667
vt 0.160000 0.066667
vt 0.160000 0.133333
vt 0.146667 0.133333
vt 0.160000 0.066667
vt 0.173333 0.066667
vt 0.173333 0.133333
vt 0.160000 0.133333
vt 0.173333 0.066667
vt 0.186667 0.066667
vt 0.186667 0.133333
vt 0.173333 0.133333
vt 0.186667 0.066667
vt 0.200000 0.066667
vt 0.200000 0.133333
vt 0.186667 0.133333
vt 0.200000 0.066667
vt 0.213333 0.066667
vt 0.213333 0.133333
vt 0.200000 0.133333
vt 0.213333 0.066667
vt 0.226667 0.066667
vt 0.226667 0.133333
vt 0.213333 0.133333
vt 0.226667 0.066667
vt 0.240000 0.066667
vt 0.240000 0.133333
vt 0.226667 0.133333
vt 0.240000 0.066667
vt 0.253333 0.066667
vt 0.253333 0.133333
vt 0.240000 0.133333
vt 0.253333 0.066667
vt 0.266667 0.066667
vt 0.266667 0.133333
vt 0.253333 0.133333
vt 0.266667 0.066667
vt 0.280000 0.066667
vt 0.280000 0.133333
vt 0.266667 0.133333
vt 0.280000 0.066667
vt 0.293333 0.066667
vt 0.293333 0.133333
vt 0.280000 0.133333
vt 0.293333 0.066667
vt 0.306667 0.066667
vt 0.306667 0.133333
vt 0.293333 0.133333
vt 0.306667 0.066667
vt 0.320000 0.066667
vt 0.320000 0.133333
vt 0.306667 0.133333
vt 0.320000 0.066667
vt 0.333333 0.066667
vt 0.333333 0.133333
vt 0.320000 0.133333
vt 0.333333 0.066667
vt 0.346667 0.066667
vt 0.346667 0.133333
vt 0.333333 0.133333
vt 0.346667 0.066667
vt 0.360000 0.066667
vt 0.360000 0.133333
vt 0.346667 0.133333
vt 0.360000 0.066667
vt 0.373333 0.066667
vt 0.373333 0.133333
vt 0.360000 0.133333
vt 0.373333 0.066667
vt 0.386667 0.066667
vt 0.386667 0.133333
vt 0.373333 0.133333
vt 0.386667 0.066667
vt 0.400000 0.066667
vt 0.400000 0.133333
vt 0.386667 0.133333
vt 0.400000 0.066667
vt 0.413333 0.066667
vt 0.413333 0.133333
vt 0.400000 0.133333
vt 0.413333 0.066667
vt 0.426667 0.066667
vt 0.426667 0.133333
vt 0.413333 0.133333
vt 0.426667 0.066667
vt 0.440000 0.066667
vt 0.440000 0.133333
vt 0.426667 0.133333
vt 0.440000 0.066667
vt 0.453333 0.066667
vt 0.453333 0.133333
vt 0.440000 0.133333
vt 0.453333 0.066667
vt 0.466667 0.066667
vt 0.466667 0.133333
vt 0.453333 0.133333
vt 0.466667 0.066667
vt 0.480000 0.066667
vt 0.480000 0.133333
vt 0.466667 0.133333
vt 0.480000 0.066667
vt 0.493333 0.066667
vt 0.493333 0.133333
vt 0.480000 0.133333
vt 0.493333 0.066667
vt 0.506667 0.066667
vt 0.506667 0.133333
vt 0.493333 0.133333
vt 0.506667 0.066667
vt 0.520000 0.066667
vt 0.520000 0.133333
vt 0.506667 0.133333
vt 0.520000 0.066667
vt 0.533333 0.066667
vt 0.533333 0.133333
vt 0.520000 0.133333
vt 0.533333 0.066667
vt 0.546667 0.066667
vt 0.546667 0.133333
vt 0.533333 0.133333
vt 0.546667 0.066667
vt 0.560000 0.066667
vt 0.560000 0.133333
vt 0.546667 0.133333
vt 0.560000 0.066667
vt 0.573333 0.066667
vt 0.573333 0.133333
vt 0.560000 0.133333
vt 0.573333 0.066667
vt 0.586667 0.066667
vt 0.586667 0.133333
vt 0.573333 0.133333
vt 0.586667 0.066667
vt 0.600000 0.066667
vt 0.600000 0.133333
vt 0.586667 0.133333
vt 0.600000 0.066667
vt 0.613333 0.066667
vt 0.613333 0.133333
vt 0.600000 0.133333
vt 0.613333 0.066667
vt 0.626667 0.066667
vt 0.626667 0.133333
vt 0.613333 0.133333
vt 0.626667 0.066667
vt 0.640000 0.066667
vt 0.640000 0.133333
vt 0.626667 0.133333
vt 0.640000 0.066667
vt 0.653333 0.066667
vt 0.653333 0.133333
vt 0.640000 0.133333
vt 0.653333 0.066667
vt 0.666667 0.066667
vt 0.666667 0.133333
vt 0.653333 0.133333
vt 0.666667 0.066667
vt 0.680000 0.066667
vt 0.680000 0.133333
vt 0.666667 0.133333
vt 0.680000 0.066667
vt 0.693333 0.066667
vt 0.693333 0.133333
vt 0.680000 0.133333
vt 0.693333 0.066667
vt 0.706667 0.066667
vt 0.706667 0.133333
vt 0.693333 0.133333
vt 0.706667 0.066667
vt 0.720000 0.066667
vt 0.720000 0.133333
vt 0.706667 0.133333
vt 0.720000 0.066667
vt 0.733333 0.066667
vt 0.733333 0.133333
vt 0.720000 0.133333
vt 0.733333 0.066667
vt 0.746667 0.066667
vt 0.746667 0.133333
vt 0.733333 0.133333
vt 0.746667 0.066667
vt 0.760000 0.066667
vt 0.760000 0.133333
vt 0.746667 0.133333
vt 0.760000 0.066667
vt 0.773333 0.066667
vt 0.773333 0.133333
vt 0.760000 0.133333
vt 0.773333 0.066667
vt 0.786667 0.066667
vt 0.786667 0.133333
vt 0.773333 0.133333
vt 0.786667 0.066667
vt 0.800000 0.066667
vt 0.800000 0.133333
vt 0.786667 0.133333
vt 0.800000 0.066667
vt 0.813333 0.066667
vt 0.813333 0.133333
vt 0.800000 0.133333
vt 0.813333 0.066667
vt 0.826667 0.066667
vt 0.826667 0.133333
vt 0.813333 0.133333
vt 0.826667 0.066667
vt 0.840000 0.066667
vt 0.840000 0.133333
vt 0.826667 0.133333
vt 0.840000 0.066667
vt 0.853333 0.066667
vt 0.853333 0.133333
vt 0.840000 0.133333
vt 0.853333 0.066667
vt 0.866667 0.066667
vt 0.866667 0.133333
vt 0.853333 0.133333
vt 0.866667 0.066667
vt 0.880000 0.066667
vt 0.880000 0.133333
vt 0.866667 0.133333
vt 0.880000 0.066667
vt 0.893333 0.066667
vt 0.893333 0.133333
vt 0.880000 0.133333
vt 0.893333 0.066667
vt 0.906667 0.066667
vt 0.906667 0.133333
vt 0.893333 0.133333
vt 0.906667 0.066667
vt 0.920000 0.066667
vt 0.920000 0.133333
vt 0.906667 0.133333
vt 0.920000 0.066667
vt 0.933333 0.066667
vt 0.933333 0.133333
vt 0.920000 0.133333
vt 0.933333 0.066667
vt 0.946667 0.066667
vt 0.946667 0.133333
vt 0.933333 0.133333
vt 0.946667 0.066667
vt 0.960000 0.066667
vt 0.960000 0.133333
vt 0.946667 0.133333
vt 0.960000 0.066667
vt 0.973333 0.066667
vt 0.973333 0.133333
vt 0.960000 0.133333
vt 0.973333 0.066667
vt 0.986667 0.066667
vt 0.986667 0.133333
vt 0.973333 0.133333
vt 0.986667 0.066667
vt 1.000000 0.066667
vt 1.000000 0.133333
vt 0.986667 0.133333
vt 0.000000 0.133333
vt 0.013333 0.133333
vt 0.013333 0.200000
vt 0.000000 0.200000
vt 0.013333 0.133333
vt 0.026667 0.133333
vt 0.026667 0.200000
vt 0.013333 0.200000
vt 0.026667 0.133333
vt 0.040000 0.133333
vt 0.040000 0.200000
vt 0.026667 0.200000
vt 0.040000 0.133333
vt 0.053333 0.133333
vt 0.053333 0.200000
vt 0.040000 0.200000
vt 0.053333 0.133333
vt 0.066667 0.133333
vt 0.066667 0.200000
vt 0.053333 0.200000
vt 0.066667 0.133333
vt 0.080000 0.133333
vt 0.080000 0.200000
vt 0.066667 0.200000
vt 0.080000 0.133333
vt 0.093333 0.133333
vt 0.093333 0.200000
vt 0.080000 0.200000
vt 0.093333 0.133333
vt 0.106667 0.133333
vt 0.106667 0.200000
vt 0.093333 0.200000
vt 0.106667 0.133333
vt 0.120000 0.133333
vt 0.120000 0.200000
vt 0.106667 0.200000
vt 0.120000 0.133333
vt 0.133333 0.133333
vt 0.133333 0.200000
vt 0.120000 0.200000
vt 0.133333 0.133333
vt 0.146667 0.133333
vt 0.146667 0.200000
vt 0.133333 0.200000
vt 0.146667 0.133333
vt 0.160000 0.133333
vt 0.160000 0.200000
vt 0.146667 0.200000
vt 0.160000 0.133333
vt 0.173333 0.133333
vt 0.173333 0.200000
vt 0.160000 0.200000
vt 0.173333 0.133333
vt 0.186667 0.133333
vt 0.186667 0.200000
vt 0.173333 0.200000
vt 0.186667 0.133333
vt 0.200000 0.133333
vt 0.200000 0.200000
vt 0.186667 0.200000
vt 0.200000 0.133333
vt 0.213333 0.133333
vt 0.213333 0.200000
vt 0.200000 0.200000
vt 0.213333 0.133333
vt 0.226667 0.133333
vt 0.226667 0.200000
vt 0.213333 0.200000
vt 0.226667 0.133333
vt 0.240000 0.133333
vt 0.240000 0.200000
vt 0.226667 0.200000
vt 0.240000 0.133333
vt 0.253333 0.133333
vt 0.253333 0.200000
vt 0.240000 0.200000
vt 0.253333 0.133333
vt 0.266667 0.133333
vt 0.266667 0.200000
vt 0.253333 0.200000
vt 0.266667 0.133333
vt 0.280000 0.133333
vt 0.280000 0.200000
vt 0.266667 0.200000
vt 0.280000 0.133333
vt 0.293333 0.133333
vt 0.293333 0.200000
vt 0.280000 0.200000
vt 0.293333 0.133333
vt 0.306667 0.133333
vt 0.306667 0.200000
vt 0.293333 0.200000
vt 0.306667 0.133333
vt 0.320000 0.133333
vt 0.320000 0.200000
vt 0.306667 0.200000
vt 0.320000 0.133333
vt 0.333333 0.133333
vt 0.333333 0.200000
vt 0.320000 0.200000
vt 0.333333 0.133333
vt 0.346667 0.133333
vt 0.346667 0.200000
vt 0.333333 0.200000
vt 0.346667 0.133333
vt 0.360000 0.133333
vt 0.360000 0.200000
vt 0.346667 0.200000
vt 0.360000 0.133333
vt 0.373333 0.133333
vt 0.373333 0.200000
vt 0.360000 0.200000
vt 0.373333 0.133333
vt 0.386667 0.133333
vt 0.386667 0.200000
vt 0.373333 0.200000
vt 0.386667 0.133333
vt 0.400000 0.133333
vt 0.400000 0.200000
vt 0.386667 0.200000
vt 0.400000 0.133333
vt 0.413333 0.133333
vt 0.413333 0.200000
vt 0.400000 0.200000
vt 0.413333 0.133333
vt 0.426667 0.133333
vt 0.426667 0.200000
vt 0.413333 0.200000
vt 0.426667 0.133333
vt 0.440000 0.133333
vt 0.440000 0.200000
vt 0.426667 0.200000
vt 0.440000 0.133333
vt 0.453333 0.133333
vt 0.453333 0.200000
vt 0.440000 0.200000
vt 0.453333 0.133333
vt 0.466667 0.133333
vt 0.466667 0.200000
vt 0.453333 0.200000
vt 0.466667 0.133333
vt 0.480000 0.133333
vt 0.480000 0.200000
vt 0.466667 0.200000
vt 0.480000 0.133333
vt 0.493333 0.133333
vt 0.493333 0.200000
vt 0.480000 0.200000
vt 0.493333 0.133333
vt 0.506667 0.133333
vt 0.506667 0.200000
vt 0.493333 0.200000
vt 0.506667 0.133333
vt 0.520000 0.133333
vt 0.520000 0.200000
vt 0.506667 0.200000
vt 0.520000 0.133333
vt 0.533333 0.133333
vt 0.533333 0.200000
vt 0.520000 0.200000
vt 0.533333 0.133333
vt 0.546667 0.133333
vt 0.546667 0.200000
vt 0.533333 0.200000
vt 0.546667 0.133333
vt 0.560000 0.133333
vt 0.560000 0.200000
vt 0.546667 0.200000
vt 0.560000 0.133333
vt 0.573333 0.133333
vt 0.573333 0.200000
vt 0.560000 0.200000
vt 0.573333 0.133333
vt 0.586667 0.133333
vt 0.586667 0.200000
vt 0.573333 0.200000
vt 0.586667 0.133333
vt 0.600000 0.133333
vt 0.600000 0.200000
vt 0.586667 0.200000
vt 0.600000 0.133333
vt 0.613333 0.133333
vt 0.613333 0.200000
vt 0.600000 0.200000
vt 0.613333 0.133333
vt 0.626667 0.133333
vt 0.626667 0.200000
vt 0.613333 0.200000
vt 0.626667 0.133333
vt 0.640000 0.133333
vt 0.640000 0.200000
vt 0.626667 0.200000
vt 0.640000 0.133333
vt 0.653333 0.133333
vt 0.653333 0.200000
vt 0.640000 0.200000
vt 0.653333 0.133333
vt 0.666667 0.133333
vt 0.666667 0.200000
vt 0.653333 0.200000
vt 0.666667 0.133333
vt 0.680000 0.133333
vt 0.680000 0.200000
vt 0.666667 0.200000
vt 0.680000 0.133333
vt 0.693333 0.133333
vt 0.693333 0.200000
vt 0.680000 0.200000
vt 0.693333 0.133333
vt 0.706667 0.133333
vt 0.706667 0.200000
vt 0.693333 0.200000
vt 0.706667 0.133333
vt 0.720000 0.133333
vt 0.720000 0.200000
vt 0.706667 0.200000
vt 0.720000 0.133333
vt 0.733333 0.133333
vt 0.733333 0.200000
vt 0.720000 0.200000
vt 0.733333 0.133333
vt 0.746667 0.133333
vt 0.746667 0.200000
vt 0.733333 0.200000
vt 0.746667 0.133333
vt 0.760000 0.133333
vt 0.760000 0.200000
vt 0.746667 0.200000
vt 0.760000 0.133333
vt 0.773333 0.133333
vt 0.773333 0.200000
vt 0.760000 0.200000
vt 0.773333 0.133333
vt 0.786667 0.133333
vt 0.786667 0.200000
vt 0.773333 0.200000
vt 0.786667 0.133333
vt 0.800000 0.133333
vt 0.800000 0.200000
vt 0.786667 0.200000
vt 0.800000 0.133333
vt 0.813333 0.133333
vt 0.813333 0.200000
vt 0.800000 0.200000
vt 0.813333 0.133333
vt 0.826667 0.133333
vt 0.826667 0.200000
vt 0.813333 0.200000
vt 0.826667 0.133333
vt 0.840000 0.133333
vt 0.840000 0.200000
vt 0.826667 0.200000
vt 0.840000 0.133333
vt 0.853333 0.133333
vt 0.853333 0.200000
vt 0.840000 0.200000
vt 0.853333 0.133333
vt 0.866667 0.133333
vt 0.866667 0.200000
vt 0.853333 0.200000
vt 0.866667 0.133333
vt 0.880000 0.133333
vt 0.880000 0.200000
vt 0.866667 0.200000
vt 0.880000 0.133333
vt 0.893333 0.133333
vt 0.893333 0.200000
vt 0.880000 0.200000
vt 0.893333 0.133333
vt 0.906667 0.133333
vt 0.906667 0.200000
vt 0.893333 0.200000
vt 0.906667 0.133333
vt 0.920000 0.133333
vt 0.920000 0.200000
vt 0.906667 0.200000
vt 0.920000 0.133333
vt 0.933333 0.133333
vt 0.933333 0.200000
vt 0.920000 0.200000
vt 0.933333 0.133333
vt 0.946667 0.133333
vt 0.946667 0.200000
vt 0.933333 0.200000
vt 0.946667 0.133333
vt 0.960000 0.133333
vt 0.960000 0.200000
vt 0.946667 0.200000
vt 0.960000 0.133333
vt 0.973333 0.133333
vt 0.973333 0.200000
vt 0.960000 0.200000
vt 0.973333 0.133333
vt 0.986667 0.133333
vt 0.986667 0.200000
vt 0.973333 0.200000
vt 0.986667 0.133333
vt 1.000000 0.133333
vt 1.000000 0.200000
vt 0.986667 0.200000
vt 0.000000 0.200000
vt 0.013333 0.200000
vt 0.013333 0.266667
vt 0.000000 0.266667
vt 0.013333 0.200000
vt 0.026667 0.200000
vt 0.026667 0.266667
vt 0.013333 0.266667
vt 0.026667 0.200000
vt 0.040000 0.200000
vt 0.040000 0.266667
vt 0.026667 0.266667
vt 0.040000 0.200000
vt 0.053333 0.200000
vt 0.053333 0.266667
vt 0.040000 0.266667
vt 0.053333 0.200000
vt 0.066667 0.200000
vt 0.066667 0.266667
vt 0.053333 0.266667
vt 0.066667 0.200000
vt 0.080000 0.200000
vt 0.080000 0.266667
vt 0.066667 0.266667
vt 0.080000 0.200000
vt 0.093333 0.200000
vt 0.093333 0.266667
vt 0.080000 0.266667
vt 0.093333 0.200000
vt 0.106667 0.200000
vt 0.106667 0.266667
vt 0.093333 0.266667
vt 0.106667 0.200000
vt 0.120000 0.200000
vt 0.120000 0.266667
vt 0.106667 0.266667
vt 0.120000 0.200000
vt 0.133333 0.200000
vt 0.133333 0.266667
vt 0.120000 0.266667
vt 0.133333 0.200000
vt 0.146667 0.200000
vt 0.146667 0.266667
vt 0.133333 0.266667
vt 0.146667 0.200000
vt 0.160000 0.200000
vt 0.160000 0.266667
vt 0.146667 0.266667
vt 0.160000 0.200000
vt 0.173333 0.200000
vt 0.173333 0.266667
vt 0.160000 0.266667
vt 0.173333 0.200000
vt 0.186667 0.200000
vt 0.186667 0.266667
vt 0.173333 0.266667
vt 0.186667 0.200000
vt 0.200000 0.200000
vt 0.200000 0.266667
vt 0.186667 0.266667
vt 0.200000 0.200000
vt 0.213333 0.200000
vt 0.213333 0.266667
vt 0.200000 0.266667
vt 0.213333 0.200000
vt 0.226667 0.200000
vt 0.226667 0.266667
vt 0.213333 0.266667
vt 0.226667 0.200000
vt 0.240000 0.200000
vt 0.240000 0.266667
vt 0.226667 0.266667
vt 0.240000 0.200000
vt 0.253333 0.200000
vt 0.253333 0.266667
vt 0.240000 0.266667
vt 0.253333 0.200000
vt 0.266667 0.200000
vt 0.266667 0.266667
vt 0.253333 0.266667
vt 0.266667 0.200000
vt 0.280000 0.200000
vt 0.280000 0.266667
vt 0.266667 0.266667
vt 0.280000 0.200000
vt 0.293333 0.200000
vt 0.293333 0.266667
vt 0.280000 0.266667
vt 0.293333 0.200000
vt 0.306667 0.200000
vt 0.306667 0.266667
vt 0.293333 0.266667
vt 0.306667 0.200000
vt 0.320000 0.200000
vt 0.320000 0.266667
vt 0.306667 0.266667
vt 0.320000 0.200000
vt 0.333333 0.200000
vt 0.333333 0.266667
vt 0.320000 0.266667
vt 0.333333 0.200000
vt 0.346667 0.200000
vt 0.346667 0.266667
vt 0.333333 0.266667
vt 0.346667 0.200000
vt 0.360000 0.200000
vt 0.360000 0.266667
vt 0.346667 0.266667
vt 0.360000 0.200000
vt 0.373333 0.200000
vt 0.373333 0.266667
vt 0.360000 0.266667
vt 0.373333 0.200000
vt 0.386667 0.200000
vt 0.386667 0.266667
vt 0.373333 0.266667
vt 0.386667 0.200000
vt 0.400000 0.200000
vt 0.400000 0.266667
vt 0.386667 0.266667
vt 0.400000 0.200000
vt 0.413333 0.200000
vt 0.413333 0.266667
vt 0.400000 0.266667
vt 0.413333 0.200000
vt 0.426667 0.200000
vt 0.426667 0.266667
vt 0.413333 0.266667
vt 0.426667 0.200000
vt 0.440000 0.200000
vt 0.440000 0.266667
vt 0.426667 0.266667
vt 0.440000 0.200000
vt 0.453333 0.200000
vt 0.453333 0.266667
vt 0.440000 0.266667
vt 0.453333 0.200000
vt 0.466667 0.200000
vt 0.466667 0.266667
vt 0.453333 0.266667
vt 0.466667 0.200000
vt 0.480000 0.200000
vt 0.480000 0.266667
vt 0.466667 0.266667
vt 0.480000 0.200000
vt 0.493333 0.200000
vt 0.493333 0.266667
vt 0.480000 0.266667
vt 0.493333 0.200000
vt 0.506667 0.200000
vt 0.506667 0.266667
vt 0.493333 0.266667
vt 0.506667 0.200000
vt 0.520000 0.200000
vt 0.520000 0.266667
vt 0.506667 0.266667
vt 0.520000 0.200000
vt 0.533333 0.200000
vt 0.533333 0.266667
vt 0.520000 0.266667
vt 0.533333 0.200000
vt 0.546667 0.200000
vt 0.546667 0.266667
vt 0.533333 0.266667
vt 0.546667 0.200000
vt 0.560000 0.200000
vt 0.560000 0.266667
vt 0.546667 0.266667
vt 0.560000 0.200000
vt 0.573333 0.200000
vt 0.573333 0.266667
vt 0.560000 0.266667
vt 0.573333 0.200000
vt 0.586667 0.200000
vt 0.586667 0.266667
vt 0.573333 0.266667
vt 0.586667 0.200000
vt 0.600000 0.200000
vt 0.600000 0.266667
vt 0.586667 0.266667
vt 0.600000 0.200000
vt 0.613333 0.200000
vt 0.613333 0.266667
vt 0.600000 0.266667
vt 0.613333 0.200000
vt 0.626667 0.200000
vt 0.626667 0.266667
vt 0.613333 0.266667
vt 0.626667 0.200000
vt 0.640000 0.200000
vt 0.640000 0.266667
vt 0.626667 0.266667
vt 0.640000 0.200000
vt 0.653333 0.200000
vt 0.653333 0.266667
vt 0.640000 0.266667
vt 0.653333 0.200000
vt 0.666667 0.200000
vt 0.666667 0.266667
vt 0.653333 0.266667
vt 0.666667 0.200000
vt 0.680000 0.200000
vt 0.680000 0.266667
vt 0.666667 0.266667
vt 0.680000 0.200000
vt 0.693333 0.200000
vt 0.693333 0.266667
vt 0.680000 0.266667
vt 0.693333 0.200000
vt 0.706667 0.200000
vt 0.706667 0.266667
vt 0.693333 0.266667
vt 0.706667 0.200000
vt 0.720000 0.200000
vt 0.720000 0.266667
vt 0.706667 0.266667
vt 0.720000 0.200000
vt 0.733333 0.200000
vt 0.733333 0.266667
vt 0.720000 0.266667
vt 0.733333 0.200000
vt 0.746667 0.200000
vt 0.746667 0.266667
vt 0.733333 0.266667
vt 0.746667 0.200000
vt 0.760000 0.200000
vt 0.760000 0.266667
vt 0.746667 0.266667
vt 0.760000 0.200000
vt 0.773333 0.200000
vt 0.773333 0.266667
vt 0.760000 0.266667
vt 0.773333 0.200000
vt 0.786667 0.200000
vt 0.786667 0.266667
vt 0.773333 0.266667
vt 0.786667 0.200000
vt 0.800000 0.200000
vt 0.800000 0.266667
vt 0.786667 0.266667
vt 0.800000 0.200000
vt 0.813333 0.200000
vt 0.813333 0.266667
vt 0.800000 0.266667
vt 0.813333 0.200000
vt 0.826667 0.200000
vt 0.826667 0.266667
vt 0.813333 0.266667
vt 0.826667 0.200000
vt 0.840000 0.200000
vt 0.840000 0.266667
vt 0.826667 0.266667
vt 0.840000 0.200000
vt 0.853333 0.200000
vt 0.853333 0.266667
vt 0.840000 0.266667
vt 0.853333 0.200000
vt 0.866667 0.200000
vt 0.866667 0.266667
vt 0.853333 0.266667
vt 0.866667 0.200000
vt 0.880000 0.200000
vt 0.880000 0.266667
vt 0.866667 0.266667
vt 0.880000 0.200000
vt 0.893333 0.200000
vt 0.893333 0.266667
vt 0.880000 0.266667
vt 0.893333 0.200000
vt 0.906667 0.200000
vt 0.906667 0.266667
vt 0.893333 0.266667
vt 0.906667 0.200000
vt 0.920000 0.200000
vt 0.920000 0.266667
vt 0.906667 0.266667
vt 0.920000 0.200000
vt 0.933333 0.200000
vt 0.933333 0.266667
vt 0.920000 0.266667
vt 0.933333 0.200000
vt 0.946667 0.200000
vt 0.946667 0.266667
vt 0.933333 0.266667
vt 0.946667 0.200000
vt 0.960000 0.200000
vt 0.960000 0.266667
vt 0.946667 0.266667
vt 0.960000 0.200000
vt 0.973333 0.200000
vt 0.973333 0.266667
vt 0.960000 0.266667
vt 0.973333 0.200000
vt 0.986667 0.200000
vt 0.986667 0.266667
vt 0.973333 0.266667
vt 0.986667 0.200000
vt 1.000000 0.200000
vt 1.000000 0.266667
vt 0.986667 0.266667
vt 0.000000 0.266667
vt 0.013333 0.266667
vt 0.013333 0.333333
vt 0.000000 0.333333
vt 0.013333 0.266667
vt 0.026667 0.266667
vt 0.026667 0.333333
vt 0.013333 0.333333
vt 0.026667 0.266667
vt 0.040000 0.266667
vt 0.040000 0.333333
vt 0.026667 0.333333
vt 0.040000 0.266667
vt 0.053333 0.266667
vt 0.053333 0.333333
vt 0.040000 0.333333
vt 0.053333 0.266667
vt 0.066667 0.266667
vt 0.066667 0.333333
vt 0.053333 0.333333
vt 0.066667 0.266667
vt 0.080000 0.266667
vt 0.080000 0.333333
vt 0.066667 0.333333
vt 0.080000 0.266667
vt 0.093333 0.266667
vt 0.093333 0.333333
vt 0.080000 0.333333
vt 0.093333 0.266667
vt 0.106667 0.266667
vt 0.106667 0.333333
vt 0.093333 0.333333
vt 0.106667 0.266667
vt 0.120000 0.266667
vt 0.120000 0.333333
vt 0.106667 0.333333
vt 0.120000 0.266667
vt 0.133333 0.266667
vt 0.133333 0.333333
vt 0.120000 0.333333
vt 0.133333 0.266667
vt 0.146667 0.266667
vt 0.146667 0.333333
vt 0.133333 0.333333
vt 0.146667 0.266667
vt 0.160000 0.266667
vt 0.160000 0.333333
vt 0.146667 0.333333
vt 0.160000 0.266667
vt 0.173333 0.266667
vt 0.173333 0.333333
vt 0.160000 0.333333
vt 0.173333 0.266667
vt 0.186667 0.266667
vt 0.186667 0.333333
vt 0.173333 0.333333
vt 0.186667 0.266667
vt 0.200000 0.266667
vt 0.200000 0.333333
vt 0.186667 0.333333
vt 0.200000 0.266667
vt 0.213333 0.266667
vt 0.213333 0.333333
vt 0.200000 0.333333
vt 0.213333 0.266667
vt 0.226667 0.266667
vt 0.226667 0.333333
vt 0.213333 0.333333
vt 0.226667 0.266667
vt 0.240000 0.266667
vt 0.240000 0.333333
vt 0.226667 0.333333
vt 0.240000 0.266667
vt 0.253333 0.266667
vt 0.253333 0.333333
vt 0.240000 0.333333
vt 0.253333 0.266667
vt 0.266667 0.266667
vt 0.266667 0.333333
vt 0.253333 0.333333
vt 0.266667 0.266667
vt 0.280000 0.266667
vt 0.280000 0.333333
vt 0.266667 0.333333
vt 0.280000 0.266667
vt 0.293333 0.266667
vt 0.293333 0.333333
vt 0.280000 0.333333
vt 0.293333 0.266667
vt 0.306667 0.266667
vt 0.306667 0.333333
vt 0.293333 0.333333
vt 0.306667 0.266667
vt 0.320000 0.266667
vt 0.320000 0.333333
vt 0.306667 0.333333
vt 0.320000 0.266667
vt 0.333333 0.266667
vt 0.333333 0.333333
vt 0.320000 0.333333
vt 0.333333 0.266667
vt 0.346667 0.266667
vt 0.346667 0.333333
vt 0.333333 0.333333
vt 0.346667 0.266667
vt 0.360000 0.266667
vt 0.360000 0.333333
vt 0.346667 0.333333
vt 0.360000 0.266667
vt 0.373333 0.266667
vt 0.373333 0.333333
vt 0.360000 0.333333
vt 0.373333 0.266667
vt 0.386667 0.266667
vt 0.386667 0.333333
vt 0.373333 0.333333
vt 0.386667 0.266667
vt 0.400000 0.266667
vt 0.400000 0.333333
vt 0.386667 0.333333
vt 0.400000 0.266667
vt 0.413333 0.266667
vt 0.413333 0.333333
vt 0.400000 0.333333
vt 0.413333 0.266667
vt 0.426667 0.266667
vt 0.426667 0.333333
vt 0.413333 0.333333
vt 0.426667 0.266667
vt 0.440000 0.266667
vt 0.440000 0.333333
vt 0.426667 0.333333
vt 0.440000 0.266667
vt 0.453333 0.266667
vt 0.453333 0.333333
vt 0.440000 0.333333
vt 0.453333 0.266667
vt 0.466667 0.266667
vt 0.466667 0.333333
vt 0.453333 0.333333
vt 0.466667 0.266667
vt 0.480000 0.266667
vt 0.480000 0.333333
vt 0.466667 0.333333
vt 0.480000 0.266667
vt 0.493333 0.266667
vt 0.493333 0.333333
vt 0.480000 0.333333
vt 0.493333 0.266667
vt 0.506667 0.266667
vt 0.506667 0.333333
vt 0.493333 0.333333
vt 0.506667 0.266667
vt 0.520000 0.266667
vt 0.520000 0.333333
vt 0.506667 0.333333
vt 0.520000 0.266667
vt 0.533333 0.266667
vt 0.533333 0.333333
vt 0.520000 0.333333
vt 0.533333 0.266667
vt 0.546667 0.266667
vt 0.546667 0.333333
vt 0.533333 0.333333
vt 0.546667 0.266667
vt 0.560000 0.266667
vt 0.560000 0.333333
vt 0.546667 0.333333
vt 0.560000 0.266667
vt 0.573333 0.266667
vt 0.573333 0.333333
vt 0.560000 0.333333
vt 0.573333 0.266667
vt 0.586667 0.266667
vt 0.586667 0.333333
vt 0.573333 0.333333
vt 0.586667 0.266667
vt 0.600000 0.266667
vt 0.600000 0.333333
vt 0.586667 0.333333
vt 0.600000 0.266667
vt 0.613333 0.266667
vt 0.613333 0.333333
vt 0.600000 0.333333
vt 0.613333 0.266667
vt 0.626667 0.266667
vt 0.626667 0.333333
vt 0.613333 0.333333
vt 0.626667 0.266667
vt 0.640000 0.266667
vt 0.640000 0.333333
vt 0.626667 0.333333
vt 0.640000 0.266667
vt 0.653333 0.266667
vt 0.653333 0.333333
vt 0.640000 0.333333
vt 0.653333 0.266667
vt 0.666667 0.266667
vt 0.666667 0.333333
vt 0.653333 0.333333
vt 0.666667 0.266667
vt 0.680000 0.266667
vt 0.680000 0.333333
vt 0.666667 0.333333
vt 0.680000 0.266667
vt 0.693333 0.266667
vt 0.693333 0.333333
vt 0.680000 0.333333
vt 0.693333 0.266667
vt 0.706667 0.266667
vt 0.706667 0.333333
vt 0.693333 0.333333
vt 0.706667 0.266667
vt 0.720000 0.266667
vt 0.720000 0.333333
vt 0.706667 0.333333
vt 0.720000 0.266667
vt 0.733333 0.266667
vt 0.733333 0.333333
vt 0.720000 0.333333
vt 0.733333 0.266667
vt 0.746667 0.266667
vt 0.746667 0.333333
vt 0.733333 0.333333
vt 0.746667 0.266667
vt 0.760000 0.266667
vt 0.760000 0.333333
vt 0.746667 0.333333
vt 0.760000 0.266667
vt 0.773333 0.266667
vt 0.773333 0.333333
vt 0.760000 0.333333
vt 0.773333 0.266667
vt 0.786667 0.266667
vt 0.786667 0.333333
vt 0.773333 0.333333
vt 0.786667 0.266667
vt 0.800000 0.266667
vt 0.800000 0.333333
vt 0.786667 0.333333
vt 0.800000 0.266667
vt 0.813333 0.266667
vt 0.813333 0.333333
vt 0.800000 0.333333
vt 0.813333 0.266667
vt 0.826667 0.266667
vt 0.826667 0.333333
vt 0.813333 0.333333
vt 0.826667 0.266667
vt 0.840000 0.266667
vt 0.840000 0.333333
vt 0.826667 0.333333
vt 0.840000 0.266667
vt 0.853333 0.266667
vt 0.853333 0.333333
vt 0.840000 0.333333
vt 0.853333 0.266667
vt 0.866667 0.266667
vt 0.866667 0.333333
vt 0.853333 0.333333
vt 0.866667 0.266667
vt 0.880000 0.266667
vt 0.880000 0.333333
vt 0.866667 0.333333
vt 0.880000 0.266667
vt 0.893333 0.266667
vt 0.893333 0.333333
vt 0.880000 0.333333
vt 0.893333 0.266667
vt 0.906667 0.266667
vt 0.906667 0.333333
vt 0.893333 0.333333
vt 0.906667 0.266667
vt 0.920000 0.266667
vt 0.920000 0.333333
vt 0.906667 0.333333
vt 0.920000 0.266667
vt 0.933333 0.266667
vt 0.933333 0.333333
vt 0.920000 0.333333
vt 0.933333 0.266667
vt 0.946667 0.266667
vt 0.946667 0.333333
vt 0.933333 0.333333
vt 0.946667 0.266667
vt 0.960000 0.266667
vt 0.960000 0.333333
vt 0.946667 0.333333
vt 0.960000 0.266667
vt 0.973333 0.266667
vt 0.973333 0.333333
vt 0.960000 0.333333
vt 0.973333 0.266667
vt 0.986667 0.266667
vt 0.986667 0.333333
vt 0.973333 0.333333
vt 0.986667 0.266667
vt 1.000000 0.266667
vt 1.000000 0.333333
vt 0.986667 0.333333
vt 0.000000 0.333333
vt 0.013333 0.333333
vt 0.013333 0.400000
vt 0.000000 0.400000
vt 0.013333 0.333333
vt 0.026667 0.333333
vt 0.026667 0.400000
vt 0.013333 0.400000
vt 0.026667 0.333333
vt 0.040000 0.333333
vt 0.040000 0.400000
vt 0.026667 0.400000
vt 0.040000 0.333333
vt 0.053333 0.333333
vt 0.053333 0.400000
vt 0.040000 0.400000
vt 0.053333 0.333333
vt 0.066667 0.333333
vt 0.066667 0.400000
vt 0.053333 0.400000
vt 0.066667 0.333333
vt 0.080000 0.333333
vt 0.080000 0.400000
vt 0.066667 0.400000
vt 0.080000 0.333333
vt 0.093333 0.333333
vt 0.093333 0.400000
vt 0.080000 0.400000
vt 0.093333 0.333333
vt 0.106667 0.333333
vt 0.106667 0.400000
vt 0.093333 0.400000
vt 0.106667 0.333333
vt 0.120000 0.333333
vt 0.120000 0.400000
vt 0.106667 0.400000
vt 0.120000 0.333333
vt 0.133333 0.333333
vt 0.133333 0.400000
vt 0.120000 0.400000
vt 0.133333 0.333333
vt 0.146667 0.333333
vt 0.146667 0.400000
vt 0.133333 0.400000
vt 0.146667 0.333333
vt 0.160000 0.333333
vt 0.160000 0.400000
vt 0.146667 0.400000
vt 0.160000 0.333333
vt 0.173333 0.333333
vt 0.173333 0.400000
vt 0.160000 0.400000
vt 0.173333 0.333333
vt 0.186667 0.333333
vt 0.186667 0.400000
vt 0.173333 0.400000
vt 0.186667 0.333333
vt 0.200000 0.333333
vt 0.200000 0.400000
vt 0.186667 0.400000
vt 0.200000 0.333333
vt 0.213333 0.333333
vt 0.213333 0.400000
vt 0.200000 0.400000
vt 0.213333 0.333333
vt 0.226667 0.333333
vt 0.226667 0.400000
vt 0.213333 0.400000
vt 0.226667 0.333333
vt 0.240000 0.333333
vt 0.240000 0.400000
vt 0.226667 0.400000
vt 0.240000 0.333333
vt 0.253333 0.333333
vt 0.253333 0.400000
vt 0.240000 0.400000
vt 0.253333 0.333333
vt 0.266667 0.333333
vt 0.266667 0.400000
vt 0.253333 0.400000
vt 0.266667 0.333333
vt 0.280000 0.333333
vt 0.280000 0.400000
vt 0.266667 0.400000
vt 0.280000 0.333333
vt 0.293333 0.333333
vt 0.293333 0.400000
vt 0.280000 0.400000
vt 0.293333 0.333333
vt 0.306667 0.333333
vt 0.306667 0.400000
vt 0.293333 0.400000
vt 0.306667 0.333333
vt 0.320000 0.333333
vt 0.320000 0.400000
vt 0.306667 0.400000
vt 0.320000 0.333333
vt 0.333333 0.333333
vt 0.333333 0.400000
vt 0.320000 0.400000
vt 0.333333 0.333333
vt 0.346667 0.333333
vt 0.346667 0.400000
vt 0.333333 0.400000
vt 0.346667 0.333333
vt 0.360000 0.333333
vt 0.360000 0.400000
vt 0.346667 0.400000
vt 0.360000 0.333333
vt 0.373333 0.333333
vt 0.373333 0.400000
vt 0.360000 0.400000
vt 0.373333 0.333333
vt 0.386667 0.333333
vt 0.386667 0.400000
vt 0.373333 0.400000
vt 0.386667 0.333333
vt 0.400000 0.333333
vt 0.400000 0.400000
vt 0.386667 0.400000
vt 0.400000 0.333333
vt 0.413333 0.333333
vt 0.413333 0.400000
vt 0.400000 0.400000
vt 0.413333 0.333333
vt 0.426667 0.333333
vt 0.426667 0.400000
vt 0.413333 0.400000
vt 0.426667 0.333333
vt 0.440000 0.333333
vt 0.440000 0.400000
vt 0.426667 0.400000
vt 0.440000 0.333333
vt 0.453333 0.333333
vt 0.453333 0.400000
vt 0.440000 0.400000
vt 0.453333 0.333333
vt 0.466667 0.333333
vt 0.466667 0.400000
vt 0.453333 0.400000
vt 0.466667 0.333333
vt 0.480000 0.333333
vt 0.480000 0.400000
vt 0.466667 0.400000
vt 0.480000 0.333333
vt 0.493333 0.333333
vt 0.493333 0.400000
vt 0.480000 0.400000
vt 0.493333 0.333333
vt 0.506667 0.333333
vt 0.506667 0.400000
vt 0.493333 0.400000
vt 0.506667 0.333333
vt 0.520000 0.333333
vt 0.520000 0.400000
vt 0.506667 0.400000
vt 0.520000 0.333333
vt 0.533333 0.333333
vt 0.533333 0.400000
vt 0.520000 0.400000
vt 0.533333 0.333333
vt 0.546667 0.333333
vt 0.546667 0.400000
vt 0.533333 0.400000
vt 0.546667 0.333333
vt 0.560000 0.333333
vt 0.560000 0.400000
vt 0.546667 0.400000
vt 0.560000 0.333333
vt 0.573333 0.333333
vt 0.573333 0.400000
vt 0.560000 0.400000
vt 0.573333 0.333333
vt 0.586667 0.333333
vt 0.586667 0.400000
vt 0.573333 0.400000
vt 0.586667 0.333333
vt 0.600000 0.333333
vt 0.600000 0.400000
vt 0.586667 0.400000
vt 0.600000 0.333333
vt 0.613333 0.333333
vt 0.613333 0.400000
vt 0.600000 0.400000
vt 0.613333 0.333333
vt 0.626667 0.333333
vt 0.626667 0.400000
vt 0.613333 0.400000
vt 0.626667 0.333333
vt 0.640000 0.333333
vt 0.640000 0.400000
vt 0.626667 0.400000
vt 0.640000 0.333333
vt 0.653333 0.333333
vt 0.653333 0.400000
vt 0.640000 0.400000
vt 0.653333 0.333333
vt 0.666667 0.333333
vt 0.666667 0.400000
vt 0.653333 0.400000
vt 0.666667 0.333333
vt 0.680000 0.333333
vt 0.680000 0.400000
vt 0.666667 0.400000
vt 0.680000 0.333333
vt 0.693333 0.333333
vt 0.693333 0.400000
vt 0.680000 0.400000
vt 0.693333 0.333333
vt 0.706667 0.333333
vt 0.706667 0.400000
vt 0.693333 0.400000
vt 0.706667 0.333333
vt 0.720000 0.333333
vt 0.720000 0.400000
vt 0.706667 0.400000
vt 0.720000 0.333333
vt 0.733333 0.333333
vt 0.733333 0.400000
vt 0.720000 0.400000
vt 0.733333 0.333333
vt 0.746667 0.333333
vt 0.746667 0.400000
vt 0.733333 0.400000
vt 0.746667 0.333333
vt 0.760000 0.333333
vt 0.760000 0.400000
vt 0.746667 0.400000
vt 0.760000 0.333333
vt 0.773333 0.333333
vt 0.773333 0.400000
vt 0.760000 0.400000
vt 0.773333 0.333333
vt 0.786667 0.333333
vt 0.786667 0.400000
vt 0.773333 0.400000
vt 0.786667 0.333333
vt 0.800000 0.333333
vt 0.800000 0.400000
vt 0.786667 0.400000
vt 0.800000 0.333333
vt 0.813333 0.333333
vt 0.813333 0.400000
vt 0.800000 0.400000
vt 0.813333 0.333333
vt 0.826667 0.333333
vt 0.826667 0.400000
vt 0.813333 0.400000
vt 0.826667 0.333333
vt 0.840000 0.333333
vt 0.840000 0.400000
vt 0.826667 0.400000
vt 0.840000 0.333333
vt 0.853333 0.333333
vt 0.853333 0.400000
vt 0.840000 0.400000
vt 0.853333 0.333333
vt 0.866667 0.333333
vt 0.866667 0.400000
vt 0.853333 0.400000
vt 0.866667 0.333333
vt 0.880000 0.333333
vt 0.880000 0.400000
vt 0.866667 0.400000
vt 0.880000 0.333333
vt 0.893333 0.333333
vt 0.893333 0.400000
vt 0.880000 0.400000
vt 0.893333 0.333333
vt 0.906667 0.333333
vt 0.906667 0.400000
vt 0.893333 0.400000
vt 0.906667 0.333333
vt 0.920000 0.333333
vt 0.920000 0.400000
vt 0.906667 0.400000
vt 0.920000 0.333333
vt 0.933333 0.333333
vt 0.933333 0.400000
vt 0.920000 0.400000
vt 0.933333 0.333333
vt 0.946667 0.333333
vt 0.946667 0.400000
vt 0.933333 0.400000
vt 0.946667 0.333333
vt 0.960000 0.333333
vt 0.960000 0.400000
vt 0.946667 0.400000
vt 0.960000 0.333333
vt 0.973333 0.333333
vt 0.973333 0.400000
vt 0.960000 0.400000
vt 0.973333 0.333333
vt 0.986667 0.333333
vt 0.986667 0.400000
vt 0.973333 0.400000
vt 0.986667 0.333333
vt 1.000000 0.333333
vt 1.000000 0.400000
vt 0.986667 0.400000
vt 0.000000 0.400000
vt 0.013333 0.400000
vt 0.013333 0.466667
vt 0.000000 0.466667
vt 0.013333 0.400000
vt 0.026667 0.400000
vt 0.026667 0.466667
vt 0.013333 0.466667
vt 0.026667 0.400000
vt 0.040000 0.400000
vt 0.040000 0.466667
vt 0.026667 0.466667
vt 0.040000 0.400000
vt 0.053333 0.400000
vt 0.053333 0.466667
vt 0.040000 0.466667
vt 0.053333 0.400000
vt 0.066667 0.400000
vt 0.066667 0.466667
vt 0.053333 0.466667
vt 0.066667 0.400000
vt 0.080000 0.400000
vt 0.080000 0.466667
vt 0.066667 0.466667
vt 0.080000 0.400000
vt 0.093333 0.400000
vt 0.093333 0.466667
vt 0.080000 0.466667
vt 0.093333 0.400000
vt 0.106667 0.400000
vt 0.106667 0.466667
vt 0.093333 0.466667
vt 0.106667 0.400000
vt 0.120000 0.400000
vt 0.120000 0.466667
vt 0.106667 0.466667
vt 0.120000 0.400000
vt 0.133333 0.400000
vt 0.133333 0.466667
vt 0.120000 0.466667
vt 0.133333 0.400000
vt 0.146667 0.400000
vt 0.146667 0.466667
vt 0.133333 0.466667
vt 0.146667 0.400000
vt 0.160000 0.400000
vt 0.160000 0.466667
vt 0.146667 0.466667
vt 0.160000 0.400000
vt 0.173333 0.400000
vt 0.173333 0.466667
vt 0.160000 0.466667
vt 0.173333 0.400000
vt 0.186667 0.400000
vt 0.186667 0.466667
vt 0.173333 0.466667
vt 0.186667 0.400000
vt 0.200000 0.400000
vt 0.200000 0.466667
vt 0.186667 0.466667
vt 0.200000 0.400000
vt 0.213333 0.400000
vt 0.213333 0.466667
vt 0.200000 0.466667
vt 0.213333 0.400000
vt 0.226667 0.400000
vt 0.226667 0.466667
vt 0.213333 0.466667
vt 0.226667 0.400000
vt 0.240000 0.400000
vt 0.240000 0.466667
vt 0.226667 0.466667
vt 0.240000 0.400000
vt 0.253333 0.400000
vt 0.253333 0.466667
vt 0.240000 0.466667
vt 0.253333 0.400000
vt 0.266667 0.400000
vt 0.266667 0.466667
vt 0.253333 0.466667
vt 0.266667 0.400000
vt 0.280000 0.400000
vt 0.280000 0.466667
vt 0.266667 0.466667
vt 0.280000 0.400000
vt 0.293333 0.400000
vt 0.293333 0.466667
vt 0.280000 0.466667
vt 0.293333 0.400000
vt 0.306667 0.400000
vt 0.306667 0.466667
vt 0.293333 0.466667
vt 0.306667 0.400000
vt 0.320000 0.400000
vt 0.320000 0.466667
vt 0.306667 0.466667
vt 0.320000 0.400000
vt 0.333333 0.400000
vt 0.333333 0.466667
vt 0.320000 0.466667
vt 0.333333 0.400000
vt 0.346667 0.400000
vt 0.346667 0.466667
vt 0.333333 0.466667
vt 0.346667 0.400000
vt 0.360000 0.400000
vt 0.360000 0.466667
vt 0.346667 0.466667
vt 0.360000 0.400000
vt 0.373333 0.400000
vt 0.373333 0.466667
vt 0.360000 0.466667
vt 0.373333 0.400000
vt 0.386667 0.400000
vt 0.386667 0.466667
vt 0.373333 0.466667
vt 0.386667 0.400000
vt 0.400000 0.400000
vt 0.400000 0.466667
vt 0.386667 0.466667
vt 0.400000 0.400000
vt 0.413333 0.400000
vt 0.413333 0.466667
vt 0.400000 0.466667
vt 0.413333 0.400000
vt 0.426667 0.400000
vt 0.426667 0.466667
vt 0.413333 0.466667
vt 0.426667 0.400000
vt 0.440000 0.400000
vt 0.440000 0.466667
vt 0.426667 0.466667
vt 0.440000 0.400000
vt 0.453333 0.400000
vt 0.453333 0.466667
vt 0.440000 0.466667
vt 0.453333 0.400000
vt 0.466667 0.400000
vt 0.466667 0.466667
vt 0.453333 0.466667
vt 0.466667 0.400000
vt 0.480000 0.400000
vt 0.480000 0.466667
vt 0.466667 0.466667
vt 0.480000 0.400000
vt 0.493333 0.400000
vt 0.493333 0.466667
vt 0.480000 0.466667
vt 0.493333 0.400000
vt 0.506667 0.400000
vt 0.506667 0.466667
vt 0.493333 0.466667
vt 0.506667 0.400000
vt 0.520000 0.400000
vt 0.520000 0.466667
vt 0.506667 0.466667
vt 0.520000 0.400000
vt 0.533333 0.400000
vt 0.533333 0.466667
vt 0.520000 0.466667
vt 0.533333 0.400000
vt 0.546667 0.400000
vt 0.546667 0.466667
vt 0.533333 0.466667
vt 0.546667 0.400000
vt 0.560000 0.400000
vt 0.560000 0.466667
vt 0.546667 0.466667
vt 0.560000 0.400000
vt 0.573333 0.400000
vt 0.573333 0.466667
vt 0.560000 0.466667
vt 0.573333 0.400000
vt 0.586667 0.400000
vt 0.586667 0.466667
vt 0.573333 0.466667
vt 0.586667 0.400000
vt 0.600000 0.400000
vt 0.600000 0.466667
vt 0.586667 0.466667
vt 0.600000 0.400000
vt 0.613333 0.400000
vt 0.613333 0.466667
vt 0.600000 0.466667
vt 0.613333 0.400000
vt 0.626667 0.400000
vt 0.626667 0.466667
vt 0.613333 0.466667
vt 0.626667 0.400000
vt 0.640000 0.400000
vt 0.640000 0.466667
vt 0.626667 0.466667
vt 0.640000 0.400000
vt 0.653333 0.400000
vt 0.653333 0.466667
vt 0.640000 0.466667
vt 0.653333 0.400000
vt 0.666667 0.400000
vt 0.666667 0.466667
vt 0.653333 0.466667
vt 0.666667 0.400000
vt 0.680000 0.400000
vt 0.680000 0.466667
vt 0.666667 0.466667
vt 0.680000 0.400000
vt 0.693333 0.400000
vt 0.693333 0.466667
vt 0.680000 0.466667
vt 0.693333 0.400000
vt 0.706667 0.400000
vt 0.706667 0.466667
vt 0.693333 0.466667
vt 0.706667 0.400000
vt 0.720000 0.400000
vt 0.720000 0.466667
vt 0.706667 0.466667
vt 0.720000 0.400000
vt 0.733333 0.400000
vt 0.733333 0.466667
vt 0.720000 0.466667
vt 0.733333 0.400000
vt 0.746667 0.400000
vt 0.746667 0.466667
vt 0.733333 0.466667
vt 0.746667 0.400000
vt 0.760000 0.400000
vt 0.760000 0.466667
vt 0.746667 0.466667
vt 0.760000 0.400000
vt 0.773333 0.400000
vt 0.773333 0.466667
vt 0.760000 0.466667
vt 0.773333 0.400000
vt 0.786667 0.400000
vt 0.786667 0.466667
vt 0.773333 0.466667
vt 0.786667 0.400000
vt 0.800000 0.400000
vt 0.800000 0.466667
vt 0.786667 0.466667
vt 0.800000 0.400000
vt 0.813333 0.400000
vt 0.813333 0.466667
vt 0.800000 0.466667
vt 0.813333 0.400000
vt 0.826667 0.400000
vt 0.826667 0.466667
vt 0.813333 0.466667
vt 0.826667 0.400000
vt 0.840000 0.400000
vt 0.840000 0.466667
vt 0.826667 0.466667
vt 0.840000 0.400000
vt 0.853333 0.400000
vt 0.853333 0.466667
vt 0.840000 0.466667
vt 0.853333 0.400000
vt 0.866667 0.400000
vt 0.866667 0.466667
vt 0.853333 0.466667
vt 0.866667 0.400000
vt 0.880000 0.400000
vt 0.880000 0.466667
vt 0.866667 0.466667
vt 0.880000 0.400000
vt 0.893333 0.400000
vt 0.893333 0.466667
vt 0.880000 0.466667
vt 0.893333 0.400000
vt 0.906667 0.400000
vt 0.906667 0.466667
vt 0.893333 0.466667
vt 0.906667 0.400000
vt 0.920000 0.400000
vt 0.920000 0.466667
vt 0.906667 0.466667
vt 0.920000 0.400000
vt 0.933333 0.400000
vt 0.933333 0.466667
vt 0.920000 0.466667
vt 0.933333 0.400000
vt 0.946667 0.400000
vt 0.946667 0.466667
vt 0.933333 0.466667
vt 0.946667 0.400000
vt 0.960000 0.400000
vt 0.960000 0.466667
vt 0.946667 0.466667
vt 0.960000 0.400000
vt 0.973333 0.400000
vt 0.973333 0.466667
vt 0.960000 0.466667
vt 0.973333 0.400000
vt 0.986667 0.400000
vt 0.986667 0.466667
vt 0.973333 0.466667
vt 0.986667 0.400000
vt 1.000000 0.400000
vt 1.000000 0.466667
vt 0.986667 0.466667
vt 0.000000 0.466667
vt 0.013333 0.466667
vt 0.013333 0.533333
vt 0.000000 0.533333
vt 0.013333 0.466667
vt 0.026667 0.466667
vt 0.026667 0.533333
vt 0.013333 0.533333
vt 0.026667 0.466667
vt 0.040000 0.466667
vt 0.040000 0.533333
vt 0.026667 0.533333
vt 0.040000 0.466667
vt 0.053333 0.466667
vt 0.053333 0.533333
vt 0.040000 0.533333
vt 0.053333 0.466667
vt 0.066667 0.466667
vt 0.066667 0.533333
vt 0.053333 0.533333
vt 0.066667 0.466667
vt 0.080000 0.466667
vt 0.080000 0.533333
vt 0.066667 0.533333
vt 0.080000 0.466667
vt 0.093333 0.466667
vt 0.093333 0.533333
vt 0.080000 0.533333
vt 0.093333 0.466667
vt 0.106667 0.466667
vt 0.106667 0.533333
vt 0.093333 0.533333
vt 0.106667 0.466667
vt 0.120000 0.466667
vt 0.120000 0.533333
vt 0.106667 0.533333
vt 0.120000 0.466667
vt 0.133333 0.466667
vt 0.133333 0.533333
vt 0.120000 0.533333
vt 0.133333 0.466667
vt 0.146667 0.466667
vt 0.146667 0.533333
vt 0.133333 0.533333
vt 0.146667 0.466667
vt 0.160000 0.466667
vt 0.160000 0.533333
vt 0.146667 0.533333
vt 0.160000 0.466667
vt 0.173333 0.466667
vt 0.173333 0.533333
vt 0.160000 0.533333
vt 0.173333 0.466667
vt 0.186667 0.466667
vt 0.186667 0.533333
vt 0.173333 0.533333
vt 0.186667 0.466667
vt 0.200000 0.466667
vt 0.200000 0.533333
vt 0.186667 0.533333
vt 0.200000 0.466667
vt 0.213333 0.466667
vt 0.213333 0.533333
vt 0.200000 0.533333
vt 0.213333 0.466667
vt 0.226667 0.466667
vt 0.226667 0.533333
vt 0.213333 0.533333
vt 0.226667 0.466667
vt 0.240000 0.466667
vt 0.240000 0.533333
vt 0.226667 0.533333
vt 0.240000 0.466667
vt 0.253333 0.466667
vt 0.253333 0.533333
vt 0.240000 0.533333
vt 0.253333 0.466667
vt 0.266667 0.466667
vt 0.266667 0.533333
vt 0.253333 0.533333
vt 0.266667 0.466667
vt 0.280000 0.466667
vt 0.280000 0.533333
vt 0.266667 0.533333
vt 0.280000 0.466667
vt 0.293333 0.466667
vt 0.293333 0.533333
vt 0.280000 0.533333
vt 0.293333 0.466667
vt 0.306667 0.466667
vt 0.306667 0.533333
vt 0.293333 0.533333
vt 0.306667 0.466667
vt 0.320000 0.466667
vt 0.320000 0.533333
vt 0.306667 0.533333
vt 0.320000 0.466667
vt 0.333333 0.466667
vt 0.333333 0.533333
vt 0.320000 0.533333
vt 0.333333 0.466667
vt 0.346667 0.466667
vt 0.346667 0.533333
vt 0.333333 0.533333
vt 0.346667 0.466667
vt 0.360000 0.466667
vt 0.360000 0.533333
vt 0.346667 0.533333
vt 0.360000 0.466667
vt 0.373333 0.466667
vt 0.373333 0.533333
vt 0.360000 0.533333
vt 0.373333 0.466667
vt 0.386667 0.466667
vt 0.386667 0.533333
vt 0.373333 0.533333
vt 0.386667 0.466667
vt 0.400000 0.466667
vt 0.400000 0.533333
vt 0.386667 0.533333
vt 0.400000 0.466667
vt 0.413333 0.466667
vt 0.413333 0.533333
vt 0.400000 0.533333
vt 0.413333 0.466667
vt 0.426667 0.466667
vt 0.426667 0.533333
vt 0.413333 0.533333
vt 0.426667 0.466667
vt 0.440000 0.466667
vt 0.440000 0.533333
vt 0.426667 0.533333
vt 0.440000 0.466667
vt 0.453333 0.466667
vt 0.453333 0.533333
vt 0.440000 0.533333
vt 0.453333 0.466667
vt 0.466667 0.466667
vt 0.466667 0.533333
vt 0.453333 0.533333
vt 0.466667 0.466667
vt 0.480000 0.466667
vt 0.480000 0.533333
vt 0.466667 0.533333
vt 0.480000 0.466667
vt 0.493333 0.466667
vt 0.493333 0.533333
vt 0.480000 0.533333
vt 0.493333 0.466667
vt 0.506667 0.466667
vt 0.506667 0.533333
vt 0.493333 0.533333
vt 0.506667 0.466667
vt 0.520000 0.466667
vt 0.520000 0.533333
vt 0.506667 0.533333
vt 0.520000 0.466667
vt 0.533333 0.466667
vt 0.533333 0.533333
vt 0.520000 0.533333
vt 0.533333 0.466667
vt 0.546667 0.466667
vt 0.546667 0.533333
vt 0.533333 0.533333
vt 0.546667 0.466667
vt 0.560000 0.466667
vt 0.560000 0.533333
vt 0.546667 0.533333
vt 0.560000 0.466667
vt 0.573333 0.466667
vt 0.573333 0.533333
vt 0.560000 0.533333
vt 0.573333 0.466667
vt 0.586667 0.466667
vt 0.586667 0.533333
vt 0.573333 0.533333
vt 0.586667 0.466667
vt 0.600000 0.466667
vt 0.600000 0.533333
vt 0.586667 0.533333
vt 0.600000 0.466667
vt 0.613333 0.466667
vt 0.613333 0.533333
vt 0.600000 0.533333
vt 0.613333 0.466667
vt 0.626667 0.466667
vt 0.626667 0.533333
vt 0.613333 0.533333
vt 0.626667 0.466667
vt 0.640000 0.466667
vt 0.640000 0.533333
vt 0.626667 0.533333
vt 0.640000 0.466667
vt 0.653333 0.466667
vt 0.653333 0.533333
vt 0.640000 0.533333
vt 0.653333 0.466667
vt 0.666667 0.466667
vt 0.666667 0.533333
vt 0.653333 0.533333
vt 0.666667 0.466667
vt 0.680000 0.466667
vt 0.680000 0.533333
vt 0.666667 0.533333
vt 0.680000 0.466667
vt 0.693333 0.466667
vt 0.693333 0.533333
vt 0.680000 0.533333
vt 0.693333 0.466667
vt 0.706667 0.466667
vt 0.706667 0.533333
vt 0.693333 0.533333
vt 0.706667 0.466667
vt 0.720000 0.466667
vt 0.720000 0.533333
vt 0.706667 0.533333
vt 0.720000 0.466667
vt 0.733333 0.466667
vt 0.733333 0.533333
vt 0.720000 0.533333
vt 0.733333 0.466667
vt 0.746667 0.466667
vt 0.746667 0.533333
vt 0.733333 0.533333
vt 0.746667 0.466667
vt 0.760000 0.466667
vt 0.760000 0.533333
vt 0.746667 0.533333
vt 0.760000 0.466667
vt 0.773333 0.466667
vt 0.773333 0.533333
vt 0.760000 0.533333
vt 0.773333 0.466667
vt 0.786667 0.466667
vt 0.786667 0.533333
vt 0.773333 0.533333
vt 0.786667 0.466667
vt 0.800000 0.466667
vt 0.800000 0.533333
vt 0.786667 0.533333
vt 0.800000 0.466667
vt 0.813333 0.466667
vt 0.813333 0.533333
vt 0.800000 0.533333
vt 0.813333 0.466667
vt 0.826667 0.466667
vt 0.826667 0.533333
vt 0.813333 0.533333
vt 0.826667 0.466667
vt 0.840000 0.466667
vt 0.840000 0.533333
vt 0.826667 0.533333
vt 0.840000 0.466667
vt 0.853333 0.466667
vt 0.853333 0.533333
vt 0.840000 0.533333
vt 0.853333 0.466667
vt 0.866667 0.466667
vt 0.866667 0.533333
vt 0.853333 0.533333
vt 0.866667 0.466667
vt 0.880000 0.466667
vt 0.880000 0.533333
vt 0.866667 0.533333
vt 0.880000 0.466667
vt 0.893333 0.466667
vt 0.893333 0.533333
vt 0.880000 0.533333
vt 0.893333 0.466667
vt 0.906667 0.466667
vt 0.906667 0.533333
vt 0.893333 0.533333
vt 0.906667 0.466667
vt 0.920000 0.466667
vt 0.920000 0.533333
vt 0.906667 0.533333
vt 0.920000 0.466667
vt 0.933333 0.466667
vt 0.933333 0.533333
vt 0.920000 0.533333
vt 0.933333 0.466667
vt 0.946667 0.466667
vt 0.946667 0.533333
vt 0.933333 0.533333
vt 0.946667 0.466667
vt 0.960000 0.466667
vt 0.960000 0.533333
vt 0.946667 0.533333
vt 0.960000 0.466667
vt 0.973333 0.466667
vt 0.973333 0.533333
vt 0.960000 0.533333
vt 0.973333 0.466667
vt 0.986667 0.466667
vt 0.986667 0.533333
vt 0.973333 0.533333
vt 0.986667 0.466667
vt 1.000000 0.466667
vt 1.000000 0.533333
vt 0.986667 0.533333
vt 0.000000 0.533333
vt 0.013333 0.533333
vt 0.013333 0.600000
vt 0.000000 0.600000
vt 0.013333 0.533333
vt 0.026667 0.533333
vt 0.026667 0.600000
vt 0.013333 0.600000
vt 0.026667 0.533333
vt 0.040000 0.533333
vt 0.040000 0.600000
vt 0.026667 0.600000
vt 0.040000 0.533333
vt 0.053333 0.533333
vt 0.053333 0.600000
vt 0.040000 0.600000
vt 0.053333 0.533333
vt 0.066667 0.533333
vt 0.066667 0.600000
vt 0.053333 0.600000
vt 0.066667 0.533333
vt 0.080000 0.533333
vt 0.080000 0.600000
vt 0.066667 0.600000
vt 0.080000 0.533333
vt 0.093333 0.533333
vt 0.093333 0.600000
vt 0.080000 0.600000
vt 0.093333 0.533333
vt 0.106667 0.533333
vt 0.106667 0.600000
vt 0.093333 0.600000
vt 0.106667 0.533333
vt 0.120000 0.533333
vt 0.120000 0.600000
vt 0.106667 0.600000
vt 0.120000 0.533333
vt 0.133333 0.533333
vt 0.133333 0.600000
vt 0.120000 0.600000
vt 0.133333 0.533333
vt 0.146667 0.533333
vt 0.146667 0.600000
vt 0.133333 0.600000
vt 0.146667 0.533333
vt 0.160000 0.533333
vt 0.160000 0.600000
vt 0.146667 0.600000
vt 0.160000 0.533333
vt 0.173333 0.533333
vt 0.173333 0.600000
vt 0.160000 0.600000
vt 0.173333 0.533333
vt 0.186667 0.533333
vt 0.186667 0.600000
vt 0.173333 0.600000
vt 0.186667 0.533333
vt 0.200000 0.533333
vt 0.200000 0.600000
vt 0.186667 0.600000
vt 0.200000 0.533333
vt 0.213333 0.533333
vt 0.213333 0.600000
vt 0.200000 0.600000
vt 0.213333 0.533333
vt 0.226667 0.533333
vt 0.226667 0.600000
vt 0.213333 0.600000
vt 0.226667 0.533333
vt 0.240000 0.533333
vt 0.240000 0.600000
vt 0.226667 0.600000
vt 0.240000 0.533333
vt 0.253333 0.533333
vt 0.253333 0.600000
vt 0.240000 0.600000
vt 0.253333 0.533333
vt 0.266667 0.533333
vt 0.266667 0.600000
vt 0.253333 0.600000
vt 0.266667 0.533333
vt 0.280000 0.533333
vt 0.280000 0.600000
vt 0.266667 0.600000
vt 0.280000 0.533333
vt 0.293333 0.533333
vt 0.293333 0.600000
vt 0.280000 0.600000
vt 0.293333 0.533333
vt 0.306667 0.533333
vt 0.306667 0.600000
vt 0.293333 0.600000
vt 0.306667 0.533333
vt 0.320000 0.533333
vt 0.320000 0.600000
vt 0.306667 0.600000
vt 0.320000 0.533333
vt 0.333333 0.533333
vt 0.333333 0.600000
vt 0.320000 0.600000
vt 0.333333 0.533333
vt 0.346667 0.533333
vt 0.346667 0.600000
vt 0.333333 0.600000
vt 0.346667 0.533333
vt 0.360000 0.533333
vt 0.360000 0.600000
vt 0.346667 0.600000
vt 0.360000 0.533333
vt 0.373333 0.533333
vt 0.373333 0.600000
vt 0.360000 0.600000
vt 0.373333 0.533333
vt 0.386667 0.533333
vt 0.386667 0.600000
vt 0.373333 0.600000
vt 0.386667 0.533333
vt 0.400000 0.533333
vt 0.400000 0.600000
vt 0.386667 0.600000
vt 0.400000 0.533333
vt 0.413333 0.533333
vt 0.413333 0.600000
vt 0.400000 0.600000
vt 0.413333 0.533333
vt 0.426667 0.533333
vt 0.426667 0.600000
vt 0.413333 0.600000
vt 0.426667 0.533333
vt 0.440000 0.533333
vt 0.440000 0.600000
vt 0.426667 0.600000
vt 0.440000 0.533333
vt 0.453333 0.533333
vt 0.453333 0.600000
vt 0.440000 0.600000
vt 0.453333 0.533333
vt 0.466667 0.533333
vt 0.466667 0.600000
vt 0.453333 0.600000
vt 0.466667 0.533333
vt 0.480000 0.533333
vt 0.480000 0.600000
vt 0.466667 0.600000
vt 0.480000 0.533333
vt 0.493333 0.533333
vt 0.493333 0.600000
vt 0.480000 0.600000
vt 0.493333 0.533333
vt 0.506667 0.533333
vt 0.506667 0.600000
vt 0.493333 0.600000
vt 0.506667 0.533333
vt 0.520000 0.533333
vt 0.520000 0.600000
vt 0.506667 0.600000
vt 0.520000 0.533333
vt 0.533333 0.533333
vt 0.533333 0.600000
vt 0.520000 0.600000
vt 0.533333 0.533333
vt 0.546667 0.533333
vt 0.546667 0.600000
vt 0.533333 0.600000
vt 0.546667 0.533333
vt 0.560000 0.533333
vt 0.560000 0.600000
vt 0.546667 0.600000
vt 0.560000 0.533333
vt 0.573333 0.533333
vt 0.573333 0.600000
vt 0.560000 0.600000
vt 0.573333 0.533333
vt 0.586667 0.533333
vt 0.586667 0.600000
vt 0.573333 0.600000
vt 0.586667 0.533333
vt 0.600000 0.533333
vt 0.600000 0.600000
vt 0.586667 0.600000
vt 0.600000 0.533333
vt 0.613333 0.533333
vt 0.613333 0.600000
vt 0.600000 0.600000
vt 0.613333 0.533333
vt 0.626667 0.533333
vt 0.626667 0.600000
vt 0.613333 0.600000
vt 0.626667 0.533333
vt 0.640000 0.533333
vt 0.640000 0.600000
vt 0.626667 0.600000
vt 0.640000 0.533333
vt 0.653333 0.533333
vt 0.653333 0.600000
vt 0.640000 0.600000
vt 0.653333 0.533333
vt 0.666667 0.533333
vt 0.666667 0.600000
vt 0.653333 0.600000
vt 0.666667 0.533333
vt 0.680000 0.533333
vt 0.680000 0.600000
vt 0.666667 0.600000
vt 0.680000 0.533333
vt 0.693333 0.533333
vt 0.693333 0.600000
vt 0.680000 0.600000
vt 0.693333 0.533333
vt 0.706667 0.533333
vt 0.706667 0.600000
vt 0.693333 0.600000
vt 0.706667 0.533333
vt 0.720000 0.533333
vt 0.720000 0.600000
vt 0.706667 0.600000
vt 0.720000 0.533333
vt 0.733333 0.533333
vt 0.733333 0.600000
vt 0.720000 0.600000
vt 0.733333 0.533333
vt 0.746667 0.533333
vt 0.746667 0.600000
vt 0.733333 0.600000
vt 0.746667 0.533333
vt 0.760000 0.533333
vt 0.760000 0.600000
vt 0.746667 0.600000
vt 0.760000 0.533333
vt 0.773333 0.533333
vt 0.773333 0.600000
vt 0.760000 0.600000
vt 0.773333 0.533333
vt 0.786667 0.533333
vt 0.786667 0.600000
vt 0.773333 0.600000
vt 0.786667 0.533333
vt 0.800000 0.533333
vt 0.800000 0.600000
vt 0.786667 0.600000
vt 0.800000 0.533333
vt 0.813333 0.533333
vt 0.813333 0.600000
vt 0.800000 0.600000
vt 0.813333 0.533333
vt 0.826667 0.533333
vt 0.826667 0.600000
vt 0.813333 0.600000
vt 0.826667 0.533333
vt 0.840000 0.533333
vt 0.840000 0.600000
vt 0.826667 0.600000
vt 0.840000 0.533333
vt 0.853333 0.533333
vt 0.853333 0.600000
vt 0.840000 0.600000
vt 0.853333 0.533333
vt 0.866667 0.533333
vt 0.866667 0.600000
vt 0.853333 0.600000
vt 0.866667 0.533333
vt 0.880000 0.533333
vt 0.880000 0.600000
vt 0.866667 0.600000
vt 0.880000 0.533333
vt 0.893333 0.533333
vt 0.893333 0.600000
vt 0.880000 0.600000
vt 0.893333 0.533333
vt 0.906667 0.533333
vt 0.906667 0.600000
vt 0.893333 0.600000
vt 0.906667 0.533333
vt 0.920000 0.533333
vt 0.920000 0.600000
vt 0.906667 0.600000
vt 0.920000 0.533333
vt 0.933333 0.533333
vt 0.933333 0.600000
vt 0.920000 0.600000
vt 0.933333 0.533333
vt 0.946667 0.533333
vt 0.946667 0.600000
vt 0.933333 0.600000
vt 0.946667 0.533333
vt 0.960000 0.533333
vt 0.960000 0.600000
vt 0.946667 0.600000
vt 0.960000 0.533333
vt 0.973333 0.533333
vt 0.973333 0.600000
vt 0.960000 0.600000
vt 0.973333 0.533333
vt 0.986667 0.533333
vt 0.986667 0.600000
vt 0.973333 0.600000
vt 0.986667 0.533333
vt 1.000000 0.533333
vt 1.000000 0.600000
vt 0.986667 0.600000
vt 0.000000 0.600000
vt 0.013333 0.600000
vt 0.013333 0.666667
vt 0.000000 0.666667
vt 0.013333 0.600000
vt 0.026667 0.600000
vt 0.026667 0.666667
vt 0.013333 0.666667
vt 0.026667 0.600000
vt 0.040000 0.600000
vt 0.040000 0.666667
vt 0.026667 0.666667
vt 0.040000 0.600000
vt 0.053333 0.600000
vt 0.053333 0.666667
vt 0.040000 0.666667
vt 0.053333 0.600000
vt 0.066667 0.600000
vt 0.066667 0.666667
vt 0.053333 0.666667
vt 0.066667 0.600000
vt 0.080000 0.600000
vt 0.080000 0.666667
vt 0.066667 0.666667
vt 0.080000 0.600000
vt 0.093333 0.600000
vt 0.093333 0.666667
vt 0.080000 0.666667
vt 0.093333 0.600000
vt 0.106667 0.600000
vt 0.106667 0.666667
vt 0.093333 0.666667
vt 0.106667 0.600000
vt 0.120000 0.600000
vt 0.120000 0.666667
vt 0.106667 0.666667
vt 0.120000 0.600000
vt 0.133333 0.600000
vt 0.133333 0.666667
vt 0.120000 0.666667
vt 0.133333 0.600000
vt 0.146667 0.600000
vt 0.146667 0.666667
vt 0.133333 0.666667
vt 0.146667 0.600000
vt 0.160000 0.600000
vt 0.160000 0.666667
vt 0.146667 0.666667
vt 0.160000 0.600000
vt 0.173333 0.600000
vt 0.173333 0.666667
vt 0.160000 0.666667
vt 0.173333 0.600000
vt 0.186667 0.600000
vt 0.186667 0.666667
vt 0.173333 0.666667
vt 0.186667 0.600000
vt 0.200000 0.600000
vt 0.200000 0.666667
vt 0.186667 0.666667
vt 0.200000 0.600000
vt 0.213333 0.600000
vt 0.213333 0.666667
vt 0.200000 0.666667
vt 0.213333 0.600000
vt 0.226667 0.600000
vt 0.226667 0.666667
vt 0.213333 0.666667
vt 0.226667 0.600000
vt 0.240000 0.600000
vt 0.240000 0.666667
vt 0.226667 0.666667
vt 0.240000 0.600000
vt 0.253333 0.600000
vt 0.253333 0.666667
vt 0.240000 0.666667
vt 0.253333 0.600000
vt 0.266667 0.600000
vt 0.266667 0.666667
vt 0.253333 0.666667
vt 0.266667 0.600000
vt 0.280000 0.600000
vt 0.280000 0.666667
vt 0.266667 0.666667
vt 0.280000 0.600000
vt 0.293333 0.600000
vt 0.293333 0.666667
vt 0.280000 0.666667
vt 0.293333 0.600000
vt 0.306667 0.600000
vt 0.306667 0.666667
vt 0.293333 0.666667
vt 0.306667 0.600000
vt 0.320000 0.600000
vt 0.320000 0.666667
vt 0.306667 0.666667
vt 0.320000 0.600000
vt 0.333333 0.600000
vt 0.333333 0.666667
vt 0.320000 0.666667
vt 0.333333 0.600000
vt 0.346667 0.600000
vt 0.346667 0.666667
vt 0.333333 0.666667
vt 0.346667 0.600000
vt 0.360000 0.600000
vt 0.360000 0.666667
vt 0.346667 0.666667
vt 0.360000 0.600000
vt 0.373333 0.600000
vt 0.373333 0.666667
vt 0.360000 0.666667
vt 0.373333 0.600000
vt 0.386667 0.600000
vt 0.386667 0.666667
vt 0.373333 0.666667
vt 0.386667 0.600000
vt 0.400000 0.600000
vt 0.400000 0.666667
vt 0.386667 0.666667
vt 0.400000 0.600000
vt 0.413333 0.600000
vt 0.413333 0.666667
vt 0.400000 0.666667
vt 0.413333 0.600000
vt 0.426667 0.600000
vt 0.426667 0.666667
vt 0.413333 0.666667
vt 0.426667 0.600000
vt 0.440000 0.600000
vt 0.440000 0.666667
vt 0.426667 0.666667
vt 0.440000 0.600000
vt 0.453333 0.600000
vt 0.453333 0.666667
vt 0.440000 0.666667
vt 0.453333 0.600000
vt 0.466667 0.600000
vt 0.466667 0.666667
vt 0.453333 0.666667
vt 0.466667 0.600000
vt 0.480000 0.600000
vt 0.480000 0.666667
vt 0.466667 0.666667
vt 0.480000 0.600000
vt 0.493333 0.600000
vt 0.493333 0.666667
vt 0.480000 0.666667
vt 0.493333 0.600000
vt 0.506667 0.600000
vt 0.506667 0.666667
vt 0.493333 0.666667
vt 0.506667 0.600000
vt 0.520000 0.600000
vt 0.520000 0.666667
vt 0.506667 0.666667
vt 0.520000 0.600000
vt 0.533333 0.600000
vt 0.533333 0.666667
vt 0.520000 0.666667
vt 0.533333 0.600000
vt 0.546667 0.600000
vt 0.546667 0.666667
vt 0.533333 0.666667
vt 0.546667 0.600000
vt 0.560000 0.600000
vt 0.560000 0.666667
vt 0.546667 0.666667
vt 0.560000 0.600000
vt 0.573333 0.600000
vt 0.573333 0.666667
vt 0.560000 0.666667
vt 0.573333 0.600000
vt 0.586667 0.600000
vt 0.586667 0.666667
vt 0.573333 0.666667
vt 0.586667 0.600000
vt 0.600000 0.600000
vt 0.600000 0.666667
vt 0.586667 0.666667
vt 0.600000 0.600000
vt 0.613333 0.600000
vt 0.613333 0.666667
vt 0.600000 0.666667
vt 0.613333 0.600000
vt 0.626667 0.600000
vt 0.626667 0.666667
vt 0.613333 0.666667
vt 0.626667 0.600000
vt 0.640000 0.600000
vt 0.640000 0.666667
vt 0.626667 0.666667
vt 0.640000 0.600000
vt 0.653333 0.600000
vt 0.653333 0.666667
vt 0.640000 0.666667
vt 0.653333 0.600000
vt 0.666667 0.600000
vt 0.666667 0.666667
vt 0.653333 0.666667
vt 0.666667 0.600000
vt 0.680000 0.600000
vt 0.680000 0.666667
vt 0.666667 0.666667
vt 0.680000 0.600000
vt 0.693333 0.600000
vt 0.693333 0.666667
vt 0.680000 0.666667
vt 0.693333 0.600000
vt 0.706667 0.600000
vt 0.706667 0.666667
vt 0.693333 0.666667
vt 0.706667 0.600000
vt 0.720000 0.600000
vt 0.720000 0.666667
vt 0.706667 0.666667
vt 0.720000 0.600000
vt 0.733333 0.600000
vt 0.733333 0.666667
vt 0.720000 0.666667
vt 0.733333 0.600000
vt 0.746667 0.600000
vt 0.746667 0.666667
vt 0.733333 0.666667
vt 0.746667 0.600000
vt 0.760000 0.600000
vt 0.760000 0.666667
vt 0.746667 0.666667
vt 0.760000 0.600000
vt 0.773333 0.600000
vt 0.773333 0.666667
vt 0.760000 0.666667
vt 0.773333 0.600000
vt 0.786667 0.600000
vt 0.786667 0.666667
vt 0.773333 0.666667
vt 0.786667 0.600000
vt 0.800000 0.600000
vt 0.800000 0.666667
vt 0.786667 0.666667
vt 0.800000 0.600000
vt 0.813333 0.600000
vt 0.813333 0.666667
vt 0.800000 0.666667
vt 0.813333 0.600000
vt 0.826667 0.600000
vt 0.826667 0.666667
vt 0.813333 0.666667
vt 0.826667 0.600000
vt 0.840000 0.600000
vt 0.840000 0.666667
vt 0.826667 0.666667
vt 0.840000 0.600000
vt 0.853333 0.600000
vt 0.853333 0.666667
vt 0.840000 0.666667
vt 0.853333 0.600000
vt 0.866667 0.600000
vt 0.866667 0.666667
vt 0.853333 0.666667
vt 0.866667 0.600000
vt 0.880000 0.600000
vt 0.880000 0.666667
vt 0.866667 0.666667
vt 0.880000 0.600000
vt 0.893333 0.600000
vt 0.893333 0.666667
vt 0.880000 0.666667
vt 0.893333 0.600000
vt 0.906667 0.600000
vt 0.906667 0.666667
vt 0.893333 0.666667
vt 0.906667 0.600000
vt 0.920000 0.600000
vt 0.920000 0.666667
vt 0.906667 0.666667
vt 0.920000 0.600000
vt 0.933333 0.600000
vt 0.933333 0.666667
vt 0.920000 0.666667
vt 0.933333 0.600000
vt 0.946667 0.600000
vt 0.946667 0.666667
vt 0.933333 0.666667
vt 0.946667 0.600000
vt 0.960000 0.600000
vt 0.960000 0.666667
vt 0.946667 0.666667
vt 0.960000 0.600000
vt 0.973333 0.600000
vt 0.973333 0.666667
vt 0.960000 0.666667
vt 0.973333 0.600000
vt 0.986667 0.600000
vt 0.986667 0.666667
vt 0.973333 0.666667
vt 0.986667 0.600000
vt 1.000000 0.600000
vt 1.000000 0.666667
vt 0.986667 0.666667
vt 0.000000 0.666667
vt 0.013333 0.666667
vt 0.013333 0.733333
vt 0.000000 0.733333
vt 0.013333 0.666667
vt 0.026667 0.666667
vt 0.026667 0.733333
vt 0.013333 0.733333
vt 0.026667 0.666667
vt 0.040000 0.666667
vt 0.040000 0.733333
vt 0.026667 0.733333
vt 0.040000 0.666667
vt 0.053333 0.666667
vt 0.053333 0.733333
vt 0.040000 0.733333
vt 0.053333 0.666667
vt 0.066667 0.666667
vt 0.066667 0.733333
vt 0.053333 0.733333
vt 0.066667 0.666667
vt 0.080000 0.666667
vt 0.080000 0.733333
vt 0.066667 0.733333
vt 0.080000 0.666667
vt 0.093333 0.666667
vt 0.093333 0.733333
vt 0.080000 0.733333
vt 0.093333 0.666667
vt 0.106667 0.666667
vt 0.106667 0.733333
vt 0.093333 0.733333
vt 0.106667 0.666667
vt 0.120000 0.666667
vt 0.120000 0.733333
vt 0.106667 0.733333
vt 0.120000 0.666667
vt 0.133333 0.666667
vt 0.133333 0.733333
vt 0.120000 0.733333
vt 0.133333 0.666667
vt 0.146667 0.666667
vt 0.146667 0.733333
vt 0.133333 0.733333
vt 0.146667 0.666667
vt 0.160000 0.666667
vt 0.160000 0.733333
vt 0.146667 0.733333
vt 0.160000 0.666667
vt 0.173333 0.666667
vt 0.173333 0.733333
vt 0.160000 0.733333
vt 0.173333 0.666667
vt 0.186667 0.666667
vt 0.186667 0.733333
vt 0.173333 0.733333
vt 0.186667 0.666667
vt 0.200000 0.666667
vt 0.200000 0.733333
vt 0.186667 0.733333
vt 0.200000 0.666667
vt 0.213333 0.666667
vt 0.213333 0.733333
vt 0.200000 0.733333
vt 0.213333 0.666667
vt 0.226667 0.666667
vt 0.226667 0.733333
vt 0.213333 0.733333
vt 0.226667 0.666667
vt 0.240000 0.666667
vt 0.240000 0.733333
vt 0.226667 0.733333
vt 0.240000 0.666667
vt 0.253333 0.666667
vt 0.253333 0.733333
vt 0.240000 0.733333
vt 0.253333 0.666667
vt 0.266667 0.666667
vt 0.266667 0.733333
vt 0.253333 0.733333
vt 0.266667 0.666667
vt 0.280000 0.666667
vt 0.280000 0.733333
vt 0.266667 0.733333
vt 0.280000 0.666667
vt 0.293333 0.666667
vt 0.293333 0.733333
vt 0.280000 0.733333
vt 0.293333 0.666667
vt 0.306667 0.666667
vt 0.306667 0.733333
vt 0.293333 0.733333
vt 0.306667 0.666667
vt 0.320000 0.666667
vt 0.320000 0.733333
vt 0.306667 0.733333
vt 0.320000 0.666667
vt 0.333333 0.666667
vt 0.333333 0.733333
vt 0.320000 0.733333
vt 0.333333 0.666667
vt 0.346667 0.666667
vt 0.346667 0.733333
vt 0.333333 0.733333
vt 0.346667 0.666667
vt 0.360000 0.666667
vt 0.360000 0.733333
vt 0.346667 0.733333
vt 0.360000 0.666667
vt 0.373333 0.666667
vt 0.373333 0.733333
vt 0.360000 0.733333
vt 0.373333 0.666667
vt 0.386667 0.666667
vt 0.386667 0.733333
vt 0.373333 0.733333
vt 0.386667 0.666667
vt 0.400000 0.666667
vt 0.400000 0.733333
vt 0.386667 0.733333
vt 0.400000 0.666667
vt 0.413333 0.666667
vt 0.413333 0.733333
vt 0.400000 0.733333
vt 0.413333 0.666667
vt 0.426667 0.666667
vt 0.426667 0.733333
vt 0.413333 0.733333
vt 0.426667 0.666667
vt 0.440000 0.666667
vt 0.440000 0.733333
vt 0.426667 0.733333
vt 0.440000 0.666667
vt 0.453333 0.666667
vt 0.453333 0.733333
vt 0.440000 0.733333
vt 0.453333 0.666667
vt 0.466667 0.666667
vt 0.466667 0.733333
vt 0.453333 0.733333
vt 0.466667 0.666667
vt 0.480000 0.666667
vt 0.480000 0.733333
vt 0.466667 0.733333
vt 0.480000 0.666667
vt 0.493333 0.666667
vt 0.493333 0.733333
vt 0.480000 0.733333
vt 0.493333 0.666667
vt 0.506667 0.666667
vt 0.506667 0.733333
vt 0.493333 0.733333
vt 0.506667 0.666667
vt 0.520000 0.666667
vt 0.520000 0.733333
vt 0.506667 0.733333
vt 0.520000 0.666667
vt 0.533333 0.666667
vt 0.533333 0.733333
vt 0.520000 0.733333
vt 0.533333 0.666667
vt 0.546667 0.666667
vt 0.546667 0.733333
vt 0.533333 0.733333
vt 0.546667 0.666667
vt 0.560000 0.666667
vt 0.560000 0.733333
vt 0.546667 0.733333
vt 0.560000 0.666667
vt 0.573333 0.666667
vt 0.573333 0.733333
vt 0.560000 0.733333
vt 0.573333 0.666667
vt 0.586667 0.666667
vt 0.586667 0.733333
vt 0.573333 0.733333
vt 0.586667 0.666667
vt 0.600000 0.666667
vt 0.600000 0.733333
vt 0.586667 0.733333
vt 0.600000 0.666667
vt 0.613333 0.666667
vt 0.613333 0.733333
vt 0.600000 0.733333
vt 0.613333 0.666667
vt 0.626667 0.666667
vt 0.626667 0.733333
vt 0.613333 0.733333
vt 0.626667 0.666667
vt 0.640000 0.666667
vt 0.640000 0.733333
vt 0.626667 0.733333
vt 0.640000 0.666667
vt 0.653333 0.666667
vt 0.653333 0.733333
vt 0.640000 0.733333
vt 0.653333 0.666667
vt 0.666667 0.666667
vt 0.666667 0.733333
vt 0.653333 0.733333
vt 0.666667 0.666667
vt 0.680000 0.666667
vt 0.680000 0.733333
vt 0.666667 0.733333
vt 0.680000 0.666667
vt 0.693333 0.666667
vt 0.693333 0.733333
vt 0.680000 0.733333
vt 0.693333 0.666667
vt 0.706667 0.666667
vt 0.706667 0.733333
vt 0.693333 0.733333
vt 0.706667 0.666667
vt 0.720000 0.666667
vt 0.720000 0.733333
vt 0.706667 0.733333
vt 0.720000 0.666667
vt 0.733333 0.666667
vt 0.733333 0.733333
vt 0.720000 0.733333
vt 0.733333 0.666667
vt 0.746667 0.666667
vt 0.746667 0.733333
vt 0.733333 0.733333
vt 0.746667 0.666667
vt 0.760000 0.666667
vt 0.760000 0.733333
vt 0.746667 0.733333
vt 0.760000 0.666667
vt 0.773333 0.666667
vt 0.773333 0.733333
vt 0.760000 0.733333
vt 0.773333 0.666667
vt 0.786667 0.666667
vt 0.786667 0.733333
vt 0.773333 0.733333
vt 0.786667 0.666667
vt 0.800000 0.666667
vt 0.800000 0.733333
vt 0.786667 0.733333
vt 0.800000 0.666667
vt 0.813333 0.666667
vt 0.813333 0.733333
vt 0.800000 0.733333
vt 0.813333 0.666667
vt 0.826667 0.666667
vt 0.826667 0.733333
vt 0.813333 0.733333
vt 0.826667 0.666667
vt 0.840000 0.666667
vt 0.840000 0.733333
vt 0.826667 0.733333
vt 0.840000 0.666667
vt 0.853333 0.666667
vt 0.853333 0.733333
vt 0.840000 0.733333
vt 0.853333 0.666667
vt 0.866667 0.666667
vt 0.866667 0.733333
vt 0.853333 0.733333
vt 0.866667 0.666667
vt 0.880000 0.666667
vt 0.880000 0.733333
vt 0.866667 0.733333
vt 0.880000 0.666667
vt 0.893333 0.666667
vt 0.893333 0.733333
vt 0.880000 0.733333
vt 0.893333 0.666667
vt 0.906667 0.666667
vt 0.906667 0.733333
vt 0.893333 0.733333
vt 0.906667 0.666667
vt 0.920000 0.666667
vt 0.920000 0.733333
vt 0.906667 0.733333
vt 0.920000 0.666667
vt 0.933333 0.666667
vt 0.933333 0.733333
vt 0.920000 0.733333
vt 0.933333 0.666667
vt 0.946667 0.666667
vt 0.946667 0.733333
vt 0.933333 0.733333
vt 0.946667 0.666667
vt 0.960000 0.666667
vt 0.960000 0.733333
vt 0.946667 0.733333
vt 0.960000 0.666667
vt 0.973333 0.666667
vt 0.973333 0.733333
vt 0.960000 0.733333
vt 0.973333 0.666667
vt 0.986667 0.666667
vt 0.986667 0.733333
vt 0.973333 0.733333
vt 0.986667 0.666667
vt 1.000000 0.666667
vt 1.000000 0.733333
vt 0.986667 0.733333
vt 0.000000 0.733333
vt 0.013333 0.733333
vt 0.013333 0.800000
vt 0.000000 0.800000
vt 0.013333 0.733333
vt 0.026667 0.733333
vt 0.026667 0.800000
vt 0.013333 0.800000
vt 0.026667 0.733333
vt 0.040000 0.733333
vt 0.040000 0.800000
vt 0.026667 0.800000
vt 0.040000 0.733333
vt 0.053333 0.733333
vt 0.053333 0.800000
vt 0.040000 0.800000
vt 0.053333 0.733333
vt 0.066667 0.733333
vt 0.066667 0.800000
vt 0.053333 0.800000
vt 0.066667 0.733333
vt 0.080000 0.733333
vt 0.080000 0.800000
vt 0.066667 0.800000
vt 0.080000 0.733333
vt 0.093333 0.733333
vt 0.093333 0.800000
vt 0.080000 0.800000
vt 0.093333 0.733333
vt 0.106667 0.733333
vt 0.106667 0.800000
vt 0.093333 0.800000
vt 0.106667 0.733333
vt 0.120000 0.733333
vt 0.120000 0.800000
vt 0.106667 0.800000
vt 0.120000 0.733333
vt 0.133333 0.733333
vt 0.133333 0.800000
vt 0.120000 0.800000
vt 0.133333 0.733333
vt 0.146667 0.733333
vt 0.146667 0.800000
vt 0.133333 0.800000
vt 0.146667 0.733333
vt 0.160000 0.733333
vt 0.160000 0.800000
vt 0.146667 0.800000
vt 0.160000 0.733333
vt 0.173333 0.733333
vt 0.173333 0.800000
vt 0.160000 0.800000
vt 0.173333 0.733333
vt 0.186667 0.733333
vt 0.186667 0.800000
vt 0.173333 0.800000
vt 0.186667 0.733333
vt 0.200000 0.733333
vt 0.200000 0.800000
vt 0.186667 0.800000
vt 0.200000 0.733333
vt 0.213333 0.733333
vt 0.213333 0.800000
vt 0.200000 0.800000
vt 0.213333 0.733333
vt 0.226667 0.733333
vt 0.226667 0.800000
vt 0.213333 0.800000
vt 0.226667 0.733333
vt 0.240000 0.733333
vt 0.240000 0.800000
vt 0.226667 0.800000
vt 0.240000 0.733333
vt 0.253333 0.733333
vt 0.253333 0.800000
vt 0.240000 0.800000
vt 0.253333 0.733333
vt 0.266667 0.733333
vt 0.266667 0.800000
vt 0.253333 0.800000
vt 0.266667 0.733333
vt 0.280000 0.733333
vt 0.280000 0.800000
vt 0.266667 0.800000
vt 0.280000 0.733333
vt 0.293333 0.733333
vt 0.293333 0.800000
vt 0.280000 0.800000
vt 0.293333 0.733333
vt 0.306667 0.733333
vt 0.306667 0.800000
vt 0.293333 0.800000
vt 0.306667 0.733333
vt 0.320000 0.733333
vt 0.320000 0.800000
vt 0.306667 0.800000
vt 0.320000 0.733333
vt 0.333333 0.733333
vt 0.333333 0.800000
vt 0.320000 0.800000
vt 0.333333 0.733333
vt 0.346667 0.733333
vt 0.346667 0.800000
vt 0.333333 0.800000
vt 0.346667 0.733333
vt 0.360000 0.733333
vt 0.360000 0.800000
vt 0.346667 0.800000
vt 0.360000 0.733333
vt 0.373333 0.733333
vt 0.373333 0.800000
vt 0.360000 0.800000
vt 0.373333 0.733333
vt 0.386667 0.733333
vt 0.386667 0.800000
vt 0.373333 0.800000
vt 0.386667 0.733333
vt 0.400000 0.733333
vt 0.400000 0.800000
vt 0.386667 0.800000
vt 0.400000 0.733333
vt 0.413333 0.733333
vt 0.413333 0.800000
vt 0.400000 0.800000
vt 0.413333 0.733333
vt 0.426667 0.733333
vt 0.426667 0.800000
vt 0.413333 0.800000
vt 0.426667 0.733333
vt 0.440000 0.733333
vt 0.440000 0.800000
vt 0.426667 0.800000
vt 0.440000 0.733333
vt 0.453333 0.733333
vt 0.453333 0.800000
vt 0.440000 0.800000
vt 0.453333 0.733333
vt 0.466667 0.733333
vt 0.466667 0.800000
vt 0.453333 0.800000
vt 0.466667 0.733333
vt 0.480000 0.733333
vt 0.480000 0.800000
vt 0.466667 0.800000
vt 0.480000 0.733333
vt 0.493333 0.733333
vt 0.493333 0.800000
vt 0.480000 0.800000
vt 0.493333 0.733333
vt 0.506667 0.733333
vt 0.506667 0.800000
vt 0.493333 0.800000
vt 0.506667 0.733333
vt 0.520000 0.733333
vt 0.520000 0.800000
vt 0.506667 0.800000
vt 0.520000 0.733333
vt 0.533333 0.733333
vt 0.533333 0.800000
vt 0.520000 0.800000
vt 0.533333 0.733333
vt 0.546667 0.733333
vt 0.546667 0.800000
vt 0.533333 0.800000
vt 0.546667 0.733333
vt 0.560000 0.733333
vt 0.560000 0.800000
vt 0.546667 0.800000
vt 0.560000 0.733333
vt 0.573333 0.733333
vt 0.573333 0.800000
vt 0.560000 0.800000
vt 0.573333 0.733333
vt 0.586667 0.733333
vt 0.586667 0.800000
vt 0.573333 0.800000
vt 0.586667 0.733333
vt 0.600000 0.733333
vt 0.600000 0.800000
vt 0.586667 0.800000
vt 0.600000 0.733333
vt 0.613333 0.733333
vt 0.613333 0.800000
vt 0.600000 0.800000
vt 0.613333 0.733333
vt 0.626667 0.733333
vt 0.626667 0.800000
vt 0.613333 0.800000
vt 0.626667 0.733333
vt 0.640000 0.733333
vt 0.640000 0.800000
vt 0.626667 0.800000
vt 0.640000 0.733333
vt 0.653333 0.733333
vt 0.653333 0.800000
vt 0.640000 0.800000
vt 0.653333 0.733333
vt 0.666667 0.733333
vt 0.666667 0.800000
vt 0.653333 0.800000
vt 0.666667 0.733333
vt 0.680000 0.733333
vt 0.680000 0.800000
vt 0.666667 0.800000
vt 0.680000 0.733333
vt 0.693333 0.733333
vt 0.693333 0.800000
vt 0.680000 0.800000
vt 0.693333 0.733333
vt 0.706667 0.733333
vt 0.706667 0.800000
vt 0.693333 0.800000
vt 0.706667 0.733333
vt 0.720000 0.733333
vt 0.720000 0.800000
vt 0.706667 0.800000
vt 0.720000 0.733333
vt 0.733333 0.733333
vt 0.733333 0.800000
vt 0.720000 0.800000
vt 0.733333 0.733333
vt 0.746667 0.733333
vt 0.746667 0.800000
vt 0.733333 0.800000
vt 0.746667 0.733333
vt 0.760000 0.733333
vt 0.760000 0.800000
vt 0.746667 0.800000
vt 0.760000 0.733333
vt 0.773333 0.733333
vt 0.773333 0.800000
vt 0.760000 0.800000
vt 0.773333 0.733333
vt 0.786667 0.733333
vt 0.786667 0.800000
vt 0.773333 0.800000
vt 0.786667 0.733333
vt 0.800000 0.733333
vt 0.800000 0.800000
vt 0.786667 0.800000
vt 0.800000 0.733333
vt 0.813333 0.733333
vt 0.813333 0.800000
vt 0.800000 0.800000
vt 0.813333 0.733333
vt 0.826667 0.733333
vt 0.826667 0.800000
vt 0.813333 0.800000
vt 0.826667 0.733333
vt 0.840000 0.733333
vt 0.840000 0.800000
vt 0.826667 0.800000
vt 0.840000 0.733333
vt 0.853333 0.733333
vt 0.853333 0.800000
vt 0.840000 0.800000
vt 0.853333 0.733333
vt 0.866667 0.733333
vt 0.866667 0.800000
vt 0.853333 0.800000
vt 0.866667 0.733333
vt 0.880000 0.733333
vt 0.880000 0.800000
vt 0.866667 0.800000
vt 0.880000 0.733333
vt 0.893333 0.733333
vt 0.893333 0.800000
vt 0.880000 0.800000
vt 0.893333 0.733333
vt 0.906667 0.733333
vt 0.906667 0.800000
vt 0.893333 0.800000
vt 0.906667 0.733333
vt 0.920000 0.733333
vt 0.920000 0.800000
vt 0.906667 0.800000
vt 0.920000 0.733333
vt 0.933333 0.733333
vt 0.933333 0.800000
vt 0.920000 0.800000
vt 0.933333 0.733333
vt 0.946667 0.733333
vt 0.946667 0.800000
vt 0.933333 0.800000
vt 0.946667 0.733333
vt 0.960000 0.733333
vt 0.960000 0.800000
vt 0.946667 0.800000
vt 0.960000 0.733333
vt 0.973333 0.733333
vt 0.973333 0.800000
vt 0.960000 0.800000
vt 0.973333 0.733333
vt 0.986667 0.733333
vt 0.986667 0.800000
vt 0.973333 0.800000
vt 0.986667 0.733333
vt 1.000000 0.733333
vt 1.000000 0.800000
vt 0.986667 0.800000
vt 0.000000 0.800000
vt 0.013333 0.800000
vt 0.013333 0.866667
vt 0.000000 0.866667
vt 0.013333 0.800000
vt 0.026667 0.800000
vt 0.026667 0.866667
vt 0.013333 0.866667
vt 0.026667 0.800000
vt 0.040000 0.800000
vt 0.040000 0.866667
vt 0.026667 0.866667
vt 0.040000 0.800000
vt 0.053333 0.800000
vt 0.053333 0.866667
vt 0.040000 0.866667
vt 0.053333 0.800000
vt 0.066667 0.800000
vt 0.066667 0.866667
vt 0.053333 0.866667
vt 0.066667 0.800000
vt 0.080000 0.800000
vt 0.080000 0.866667
vt 0.066667 0.866667
vt 0.080000 0.800000
vt 0.093333 0.800000
vt 0.093333 0.866667
vt 0.080000 0.866667
vt 0.093333 0.800000
vt 0.106667 0.800000
vt 0.106667 0.866667
vt 0.093333 0.866667
vt 0.106667 0.800000
vt 0.120000 0.800000
vt 0.120000 0.866667
vt 0.106667 0.866667
vt 0.120000 0.800000
vt 0.133333 0.800000
vt 0.133333 0.866667
vt 0.120000 0.866667
vt 0.133333 0.800000
vt 0.146667 0.800000
vt 0.146667 0.866667
vt 0.133333 0.866667
vt 0.146667 0.800000
vt 0.160000 0.800000
vt 0.160000 0.866667
vt 0.146667 0.866667
vt 0.160000 0.800000
vt 0.173333 0.800000
vt 0.173333 0.866667
vt 0.160000 0.866667
vt 0.173333 0.800000
vt 0.186667 0.800000
vt 0.186667 0.866667
vt 0.173333 0.866667
vt 0.186667 0.800000
vt 0.200000 0.800000
vt 0.200000 0.866667
vt 0.186667 0.866667
vt 0.200000 0.800000
vt 0.213333 0.800000
vt 0.213333 0.866667
vt 0.200000 0.866667
vt 0.213333 0.800000
vt 0.226667 0.800000
vt 0.226667 0.866667
vt 0.213333 0.866667
vt 0.226667 0.800000
vt 0.240000 0.800000
vt 0.240000 0.866667
vt 0.226667 0.866667
vt 0.240000 0.800000
vt 0.253333 0.800000
vt 0.253333 0.866667
vt 0.240000 0.866667
vt 0.253333 0.800000
vt 0.266667 0.800000
vt 0.266667 0.866667
vt 0.253333 0.866667
vt 0.266667 0.800000
vt 0.280000 0.800000
vt 0.280000 0.866667
vt 0.266667 0.866667
vt 0.280000 0.800000
vt 0.293333 0.800000
vt 0.293333 0.866667
vt 0.280000 0.866667
vt 0.293333 0.800000
vt 0.306667 0.800000
vt 0.306667 0.866667
vt 0.293333 0.866667
vt 0.306667 0.800000
vt 0.320000 0.800000
vt 0.320000 0.866667
vt 0.306667 0.866667
vt 0.320000 0.800000
vt 0.333333 0.800000
vt 0.333333 0.866667
vt 0.320000 0.866667
vt 0.333333 0.800000
vt 0.346667 0.800000
vt 0.346667 0.866667
vt 0.333333 0.866667
vt 0.346667 0.800000
vt 0.360000 0.800000
vt 0.360000 0.866667
vt 0.346667 0.866667
vt 0.360000 0.800000
vt 0.373333 0.800000
vt 0.373333 0.866667
vt 0.360000 0.866667
vt 0.373333 0.800000
vt 0.386667 0.800000
vt 0.386667 0.866667
vt 0.373333 0.866667
vt 0.386667 0.800000
vt 0.400000 0.800000
vt 0.400000 0.866667
vt 0.386667 0.866667
vt 0.400000 0.800000
vt 0.413333 0.800000
vt 0.413333 0.866667
vt 0.400000 0.866667
vt 0.413333 0.800000
vt 0.426667 0.800000
vt 0.426667 0.866667
vt 0.413333 0.866667
vt 0.426667 0.800000
vt 0.440000 0.800000
vt 0.440000 0.866667
vt 0.426667 0.866667
vt 0.440000 0.800000
vt 0.453333 0.800000
vt 0.453333 0.866667
vt 0.440000 0.866667
vt 0.453333 0.800000
vt 0.466667 0.800000
vt 0.466667 0.866667
vt 0.453333 0.866667
vt 0.466667 0.800000
vt 0.480000 0.800000
vt 0.480000 0.866667
vt 0.466667 0.866667
vt 0.480000 0.800000
vt 0.493333 0.800000
vt 0.493333 0.866667
vt 0.480000 0.866667
vt 0.493333 0.800000
vt 0.506667 0.800000
vt 0.506667 0.866667
vt 0.493333 0.866667
vt 0.506667 0.800000
vt 0.520000 0.800000
vt 0.520000 0.866667
vt 0.506667 0.866667
vt 0.520000 0.800000
vt 0.533333 0.800000
vt 0.533333 0.866667
vt 0.520000 0.866667
vt 0.533333 0.800000
vt 0.546667 0.800000
vt 0.546667 0.866667
vt 0.533333 0.866667
vt 0.546667 0.800000
vt 0.560000 0.800000
vt 0.560000 0.866667
vt 0.546667 0.866667
vt 0.560000 0.800000
vt 0.573333 0.800000
vt 0.573333 0.866667
vt 0.560000 0.866667
vt 0.573333 0.800000
vt 0.586667 0.800000
vt 0.586667 0.866667
vt 0.573333 0.866667
vt 0.586667 0.800000
vt 0.600000 0.800000
vt 0.600000 0.866667
vt 0.586667 0.866667
vt 0.600000 0.800000
vt 0.613333 0.800000
vt 0.613333 0.866667
vt 0.600000 0.866667
vt 0.613333 0.800000
vt 0.626667 0.800000
vt 0.626667 0.866667
vt 0.613333 0.866667
vt 0.626667 0.800000
vt 0.640000 0.800000
vt 0.640000 0.866667
vt 0.626667 0.866667
vt 0.640000 0.800000
vt 0.653333 0.800000
vt 0.653333 0.866667
vt 0.640000 0.866667
vt 0.653333 0.800000
vt 0.666667 0.800000
vt 0.666667 0.866667
vt 0.653333 0.866667
vt 0.666667 0.800000
vt 0.680000 0.800000
vt 0.680000 0.866667
vt 0.666667 0.866667
vt 0.680000 0.800000
vt 0.693333 0.800000
vt 0.693333 0.866667
vt 0.680000 0.866667
vt 0.693333 0.800000
vt 0.706667 0.800000
vt 0.706667 0.866667
vt 0.693333 0.866667
vt 0.706667 0.800000
vt 0.720000 0.800000
vt 0.720000 0.866667
vt 0.706667 0.866667
vt 0.720000 0.800000
vt 0.733333 0.800000
vt 0.733333 0.866667
vt 0.720000 0.866667
vt 0.733333 0.800000
vt 0.746667 0.800000
vt 0.746667 0.866667
vt 0.733333 0.866667
vt 0.746667 0.800000
vt 0.760000 0.800000
vt 0.760000 0.866667
vt 0.746667 0.866667
vt 0.760000 0.800000
vt 0.773333 0.800000
vt 0.773333 0.866667
vt 0.760000 0.866667
vt 0.773333 0.800000
vt 0.786667 0.800000
vt 0.786667 0.866667
vt 0.773333 0.866667
vt 0.786667 0.800000
vt 0.800000 0.800000
vt 0.800000 0.866667
vt 0.786667 0.866667
vt 0.800000 0.800000
vt 0.813333 0.800000
vt 0.813333 0.866667
vt 0.800000 0.866667
vt 0.813333 0.800000
vt 0.826667 0.800000
vt 0.826667 0.866667
vt 0.813333 0.866667
vt 0.826667 0.800000
vt 0.840000 0.800000
vt 0.840000 0.866667
vt 0.826667 0.866667
vt 0.840000 0.800000
vt 0.853333 0.800000
vt 0.853333 0.866667
vt 0.840000 0.866667
vt 0.853333 0.800000
vt 0.866667 0.800000
vt 0.866667 0.866667
vt 0.853333 0.866667
vt 0.866667 0.800000
vt 0.880000 0.800000
vt 0.880000 0.866667
vt 0.866667 0.866667
vt 0.880000 0.800000
vt 0.893333 0.800000
vt 0.893333 0.866667
vt 0.880000 0.866667
vt 0.893333 0.800000
vt 0.906667 0.800000
vt 0.906667 0.866667
vt 0.893333 0.866667
vt 0.906667 0.800000
vt 0.920000 0.800000
vt 0.920000 0.866667
vt 0.906667 0.866667
vt 0.920000 0.800000
vt 0.933333 0.800000
vt 0.933333 0.866667
vt 0.920000 0.866667
vt 0.933333 0.800000
vt 0.946667 0.800000
vt 0.946667 0.866667
vt 0.933333 0.866667
vt 0.946667 0.800000
vt 0.960000 0.800000
vt 0.960000 0.866667
vt 0.946667 0.866667
vt 0.960000 0.800000
vt 0.973333 0.800000
vt 0.973333 0.866667
vt 0.960000 0.866667
vt 0.973333 0.800000
vt 0.986667 0.800000
vt 0.986667 0.866667
vt 0.973333 0.866667
vt 0.986667 0.800000
vt 1.000000 0.800000
vt 1.000000 0.866667
vt 0.986667 0.866667
vt 0.000000 0.866667
vt 0.013333 0.866667
vt 0.013333 0.933333
vt 0.000000 0.933333
vt 0.013333 0.866667
vt 0.026667 0.866667
vt 0.026667 0.933333
vt 0.013333 0.933333
vt 0.026667 0.866667
vt 0.040000 0.866667
vt 0.040000 0.933333
vt 0.026667 0.933333
vt 0.040000 0.866667
vt 0.053333 0.866667
vt 0.053333 0.933333
vt 0.040000 0.933333
vt 0.053333 0.866667
vt 0.066667 0.866667
vt 0.066667 0.933333
vt 0.053333 0.933333
vt 0.066667 0.866667
vt 0.080000 0.866667
vt 0.080000 0.933333
vt 0.066667 0.933333
vt 0.080000 0.866667
vt 0.093333 0.866667
vt 0.093333 0.933333
vt 0.080000 0.933333
vt 0.093333 0.866667
vt 0.106667 0.866667
vt 0.106667 0.933333
vt 0.093333 0.933333
vt 0.106667 0.866667
vt 0.120000 0.866667
vt 0.120000 0.933333
vt 0.106667 0.933333
vt 0.120000 0.866667
vt 0.133333 0.866667
vt 0.133333 0.933333
vt 0.120000 0.933333
vt 0.133333 0.866667
vt 0.146667 0.866667
vt 0.146667 0.933333
vt 0.133333 0.933333
vt 0.146667 0.866667
vt 0.160000 0.866667
vt 0.160000 0.933333
vt 0.146667 0.933333
vt 0.160000 0.866667
vt 0.173333 0.866667
vt 0.173333 0.933333
vt 0.160000 0.933333
vt 0.173333 0.866667
vt 0.186667 0.866667
vt 0.186667 0.933333
vt 0.173333 0.933333
vt 0.186667 0.866667
vt 0.200000 0.866667
vt 0.200000 0.933333
vt 0.186667 0.933333
vt 0.200000 0.866667
vt 0.213333 0.866667
vt 0.213333 0.933333
vt 0.200000 0.933333
vt 0.213333 0.866667
vt 0.226667 0.866667
vt 0.226667 0.933333
vt 0.213333 0.933333
vt 0.226667 0.866667
vt 0.240000 0.866667
vt 0.240000 0.933333
vt 0.226667 0.933333
vt 0.240000 0.866667
vt 0.253333 0.866667
vt 0.253333 0.933333
vt 0.240000 0.933333
vt 0.253333 0.866667
vt 0.266667 0.866667
vt 0.266667 0.933333
vt 0.253333 0.933333
vt 0.266667 0.866667
vt 0.280000 0.866667
vt 0.280000 0.933333
vt 0.266667 0.933333
vt 0.280000 0.866667
vt 0.293333 0.866667
vt 0.293333 0.933333
vt 0.280000 0.933333
vt 0.293333 0.866667
vt 0.306667 0.866667
vt 0.306667 0.933333
vt 0.293333 0.933333
vt 0.306667 0.866667
vt 0.320000 0.866667
vt 0.320000 0.933333
vt 0.306667 0.933333
vt 0.320000 0.866667
vt 0.333333 0.866667
vt 0.333333 0.933333
vt 0.320000 0.933333
vt 0.333333 0.866667
vt 0.346667 0.866667
vt 0.346667 0.933333
vt 0.333333 0.933333
vt 0.346667 0.866667
vt 0.360000 0.866667
vt 0.360000 0.933333
vt 0.346667 0.933333
vt 0.360000 0.866667
vt 0.373333 0.866667
vt 0.373333 0.933333
vt 0.360000 0.933333
vt 0.373333 0.866667
vt 0.386667 0.866667
vt 0.386667 0.933333
vt 0.373333 0.933333
vt 0.386667 0.866667
vt 0.400000 0.866667
vt 0.400000 0.933333
vt 0.386667 0.933333
vt 0.400000 0.866667
vt 0.413333 0.866667
vt 0.413333 0.933333
vt 0.400000 0.933333
vt 0.413333 0.866667
vt 0.426667 0.866667
vt 0.426667 0.933333
vt 0.413333 0.933333
vt 0.426667 0.866667
vt 0.440000 0.866667
vt 0.440000 0.933333
vt 0.426667 0.933333
vt 0.440000 0.866667
vt 0.453333 0.866667
vt 0.453333 0.933333
vt 0.440000 0.933333
vt 0.453333 0.866667
vt 0.466667 0.866667
vt 0.466667 0.933333
vt 0.453333 0.933333
vt 0.466667 0.866667
vt 0.480000 0.866667
vt 0.480000 0.933333
vt 0.466667 0.933333
vt 0.480000 0.866667
vt 0.493333 0.866667
vt 0.493333 0.933333
vt 0.480000 0.933333
vt 0.493333 0.866667
vt 0.506667 0.866667
vt 0.506667 0.933333
vt 0.493333 0.933333
vt 0.506667 0.866667
vt 0.520000 0.866667
vt 0.520000 0.933333
vt 0.506667 0.933333
vt 0.520000 0.866667
vt 0.533333 0.866667
vt 0.533333 0.933333
vt 0.520000 0.933333
vt 0.533333 0.866667
vt 0.546667 0.866667
vt 0.546667 0.933333
vt 0.533333 0.933333
vt 0.546667 0.866667
vt 0.560000 0.866667
vt 0.560000 0.933333
vt 0.546667 0.933333
vt 0.560000 0.866667
vt 0.573333 0.866667
vt 0.573333 0.933333
vt 0.560000 0.933333
vt 0.573333 0.866667
vt 0.586667 0.866667
vt 0.586667 0.933333
vt 0.573333 0.933333
vt 0.586667 0.866667
vt 0.600000 0.866667
vt 0.600000 0.933333
vt 0.586667 0.933333
vt 0.600000 0.866667
vt 0.613333 0.866667
vt 0.613333 0.933333
vt 0.600000 0.933333
vt 0.613333 0.866667
vt 0.626667 0.866667
vt 0.626667 0.933333
vt 0.613333 0.933333
vt 0.626667 0.866667
vt 0.640000 0.866667
vt 0.640000 0.933333
vt 0.626667 0.933333
vt 0.640000 0.866667
vt 0.653333 0.866667
vt 0.653333 0.933333
vt 0.640000 0.933333
vt 0.653333 0.866667
vt 0.666667 0.866667
vt 0.666667 0.933333
vt 0.653333 0.933333
vt 0.666667 0.866667
vt 0.680000 0.866667
vt 0.680000 0.933333
vt 0.666667 0.933333
vt 0.680000 0.866667
vt 0.693333 0.866667
vt 0.693333 0.933333
vt 0.680000 0.933333
vt 0.693333 0.866667
vt 0.706667 0.866667
vt 0.706667 0.933333
vt 0.693333 0.933333
vt 0.706667 0.866667
vt 0.720000 0.866667
vt 0.720000 0.933333
vt 0.706667 0.933333
vt 0.720000 0.866667
vt 0.733333 0.866667
vt 0.733333 0.933333
vt 0.720000 0.933333
vt 0.733333 0.866667
vt 0.746667 0.866667
vt 0.746667 0.933333
vt 0.733333 0.933333
vt 0.746667 0.866667
vt 0.760000 0.866667
vt 0.760000 0.933333
vt 0.746667 0.933333
vt 0.760000 0.866667
vt 0.773333 0.866667
vt 0.773333 0.933333
vt 0.760000 0.933333
vt 0.773333 0.866667
vt 0.786667 0.866667
vt 0.786667 0.933333
vt 0.773333 0.933333
vt 0.786667 0.866667
vt 0.800000 0.866667
vt 0.800000 0.933333
vt 0.786667 0.933333
vt 0.800000 0.866667
vt 0.813333 0.866667
vt 0.813333 0.933333
vt 0.800000 0.933333
vt 0.813333 0.866667
vt 0.826667 0.866667
vt 0.826667 0.933333
vt 0.813333 0.933333
vt 0.826667 0.866667
vt 0.840000 0.866667
vt 0.840000 0.933333
vt 0.826667 0.933333
vt 0.840000 0.866667
vt 0.853333 0.866667
vt 0.853333 0.933333
vt 0.840000 0.933333
vt 0.853333 0.866667
vt 0.866667 0.866667
vt 0.866667 0.933333
vt 0.853333 0.933333
vt 0.866667 0.866667
vt 0.880000 0.866667
vt 0.880000 0.933333
vt 0.866667 0.933333
vt 0.880000 0.866667
vt 0.893333 0.866667
vt 0.893333 0.933333
vt 0.880000 0.933333
vt 0.893333 0.866667
vt 0.906667 0.866667
vt 0.906667 0.933333
vt 0.893333 0.933333
vt 0.906667 0.866667
vt 0.920000 0.866667
vt 0.920000 0.933333
vt 0.906667 0.933333
vt 0.920000 0.866667
vt 0.933333 0.866667
vt 0.933333 0.933333
vt 0.920000 0.933333
vt 0.933333 0.866667
vt 0.946667 0.866667
vt 0.946667 0.933333
vt 0.933333 0.933333
vt 0.946667 0.866667
vt 0.960000 0.866667
vt 0.960000 0.933333
vt 0.946667 0.933333
vt 0.960000 0.866667
vt 0.973333 0.866667
vt 0.973333 0.933333
vt 0.960000 0.933333
vt 0.973333 0.866667
vt 0.986667 0.866667
vt 0.986667 0.933333
vt 0.973333 0.933333
vt 0.986667 0.866667
vt 1.000000 0.866667
vt 1.000000 0.933333
vt 0.986667 0.933333
vt 0.000000 0.933333
vt 0.013333 0.933333
vt 0.013333 1.000000
vt 0.000000 1.000000
vt 0.013333 0.933333
vt 0.026667 0.933333
vt 0.026667 1.000000
vt 0.013333 1.000000
vt 0.026667 0.933333
vt 0.040000 0.933333
vt 0.040000 1.000000
vt 0.026667 1.000000
vt 0.040000 0.933333
vt 0.053333 0.933333
vt 0.053333 1.000000
vt 0.040000 1.000000
vt 0.053333 0.933333
vt 0.066667 0.933333
vt 0.066667 1.000000
vt 0.053333 1.000000
vt 0.066667 0.933333
vt 0.080000 0.933333
vt 0.080000 1.000000
vt 0.066667 1.000000
vt 0.080000 0.933333
vt 0.093333 0.933333
vt 0.093333 1.000000
vt 0.080000 1.000000
vt 0.093333 0.933333
vt 0.106667 0.933333
vt 0.106667 1.000000
vt 0.093333 1.000000
vt 0.106667 0.933333
vt 0.120000 0.933333
vt 0.120000 1.000000
vt 0.106667 1.000000
vt 0.120000 0.933333
vt 0.133333 0.933333
vt 0.133333 1.000000
vt 0.120000 1.000000
vt 0.133333 0.933333
vt 0.146667 0.933333
vt 0.146667 1.000000
vt 0.133333 1.000000
vt 0.146667 0.933333
vt 0.160000 0.933333
vt 0.160000 1.000000
vt 0.146667 1.000000
vt 0.160000 0.933333
vt 0.173333 0.933333
vt 0.173333 1.000000
vt 0.160000 1.000000
vt 0.173333 0.933333
vt 0.186667 0.933333
vt 0.186667 1.000000
vt 0.173333 1.000000
vt 0.186667 0.933333
vt 0.200000 0.933333
vt 0.200000 1.000000
vt 0.186667 1.000000
vt 0.200000 0.933333
vt 0.213333 0.933333
vt 0.213333 1.000000
vt 0.200000 1.000000
vt 0.213333 0.933333
vt 0.226667 0.933333
vt 0.226667 1.000000
vt 0.213333 1.000000
vt 0.226667 0.933333
vt 0.240000 0.933333
vt 0.240000 1.000000
vt 0.226667 1.000000
vt 0.240000 0.933333
vt 0.253333 0.933333
vt 0.253333 1.000000
vt 0.240000 1.000000
vt 0.253333 0.933333
vt 0.266667 0.933333
vt 0.266667 1.000000
vt 0.253333 1.000000
vt 0.266667 0.933333
vt 0.280000 0.933333
vt 0.280000 1.000000
vt 0.266667 1.000000
vt 0.280000 0.933333
vt 0.293333 0.933333
vt 0.293333 1.000000
vt 0.280000 1.000000
vt 0.293333 0.933333
vt 0.306667 0.933333
vt 0.306667 1.000000
vt 0.293333 1.000000
vt 0.306667 0.933333
vt 0.320000 0.933333
vt 0.320000 1.000000
vt 0.306667 1.000000
vt 0.320000 0.933333
vt 0.333333 0.933333
vt 0.333333 1.000000
vt 0.320000 1.000000
vt 0.333333 0.933333
vt 0.346667 0.933333
vt 0.346667 1.000000
vt 0.333333 1.000000
vt 0.346667 0.933333
vt 0.360000 0.933333
vt 0.360000 1.000000
vt 0.346667 1.000000
vt 0.360000 0.933333
vt 0.373333 0.933333
vt 0.373333 1.000000
vt 0.360000 1.000000
vt 0.373333 0.933333
vt 0.386667 0.933333
vt 0.386667 1.000000
vt 0.373333 1.000000
vt 0.386667 0.933333
vt 0.400000 0.933333
vt 0.400000 1.000000
vt 0.386667 1.000000
vt 0.400000 0.933333
vt 0.413333 0.933333
vt 0.413333 1.000000
vt 0.400000 1.000000
vt 0.413333 0.933333
vt 0.426667 0.933333
vt 0.426667 1.000000
vt 0.413333 1.000000
vt 0.426667 0.933333
vt 0.440000 0.933333
vt 0.440000 1.000000
vt 0.426667 1.000000
vt 0.440000 0.933333
vt 0.453333 0.933333
vt 0.453333 1.000000
vt 0.440000 1.000000
vt 0.453333 0.933333
vt 0.466667 0.933333
vt 0.466667 1.000000
vt 0.453333 1.000000
vt 0.466667 0.933333
vt 0.480000 0.933333
vt 0.480000 1.000000
vt 0.466667 1.000000
vt 0.480000 0.933333
vt 0.493333 0.933333
vt 0.493333 1.000000
vt 0.480000 1.000000
vt 0.493333 0.933333
vt 0.506667 0.933333
vt 0.506667 1.000000
vt 0.493333 1.000000
vt 0.506667 0.933333
vt 0.520000 0.933333
vt 0.520000 1.000000
vt 0.506667 1.000000
vt 0.520000 0.933333
vt 0.533333 0.933333
vt 0.533333 1.000000
vt 0.520000 1.000000
vt 0.533333 0.933333
vt 0.546667 0.933333
vt 0.546667 1.000000
vt 0.533333 1.000000
vt 0.546667 0.933333
vt 0.560000 0.933333
vt 0.560000 1.000000
vt 0.546667 1.000000
vt 0.560000 0.933333
vt 0.573333 0.933333
vt 0.573333 1.000000
vt 0.560000 1.000000
vt 0.573333 0.933333
vt 0.586667 0.933333
vt 0.586667 1.000000
vt 0.573333 1.000000
vt 0.586667 0.933333
vt 0.600000 0.933333
vt 0.600000 1.000000
vt 0.586667 1.000000
vt 0.600000 0.933333
vt 0.613333 0.933333
vt 0.613333 1.000000
vt 0.600000 1.000000
vt 0.613333 0.933333
vt 0.626667 0.933333
vt 0.626667 1.000000
vt 0.613333 1.000000
vt 0.626667 0.933333
vt 0.640000 0.933333
vt 0.640000 1.000000
vt 0.626667 1.000000
vt 0.640000 0.933333
vt 0.653333 0.933333
vt 0.653333 1.000000
vt 0.640000 1.000000
vt 0.653333 0.933333
vt 0.666667 0.933333
vt 0.666667 1.000000
vt 0.653333 1.000000
vt 0.666667 0.933333
vt 0.680000 0.933333
vt 0.680000 1.000000
vt 0.666667 1.000000
vt 0.680000 0.933333
vt 0.693333 0.933333
vt 0.693333 1.000000
vt 0.680000 1.000000
vt 0.693333 0.933333
vt 0.706667 0.933333
vt 0.706667 1.000000
vt 0.693333 1.000000
vt 0.706667 0.933333
vt 0.720000 0.933333
vt 0.720000 1.000000
vt 0.706667 1.000000
vt 0.720000 0.933333
vt 0.733333 0.933333
vt 0.733333 1.000000
vt 0.720000 1.000000
vt 0.733333 0.933333
vt 0.746667 0.933333
vt 0.746667 1.000000
vt 0.733333 1.000000
vt 0.746667 0.933333
vt 0.760000 0.933333
vt 0.760000 1.000000
vt 0.746667 1.000000
vt 0.760000 0.933333
vt 0.773333 0.933333
vt 0.773333 1.000000
vt 0.760000 1.000000
vt 0.773333 0.933333
vt 0.786667 0.933333
vt 0.786667 1.000000
vt 0.773333 1.000000
vt 0.786667 0.933333
vt 0.800000 0.933333
vt 0.800000 1.000000
vt 0.786667 1.000000
vt 0.800000 0.933333
vt 0.813333 0.933333
vt 0.813333 1.000000
vt 0.800000 1.000000
vt 0.813333 0.933333
vt 0.826667 0.933333
vt 0.826667 1.000000
vt 0.813333 1.000000
vt 0.826667 0.933333
vt 0.840000 0.933333
vt 0.840000 1.000000
vt 0.826667 1.000000
vt 0.840000 0.933333
vt 0.853333 0.933333
vt 0.853333 1.000000
vt 0.840000 1.000000
vt 0.853333 0.933333
vt 0.866667 0.933333
vt 0.866667 1.000000
vt 0.853333 1.000000
vt 0.866667 0.933333
vt 0.880000 0.933333
vt 0.880000 1.000000
vt 0.866667 1.000000
vt 0.880000 0.933333
vt 0.893333 0.933333
vt 0.893333 1.000000
vt 0.880000 1.000000
vt 0.893333 0.933333
vt 0.906667 0.933333
vt 0.906667 1.000000
vt 0.893333 1.000000
vt 0.906667 0.933333
vt 0.920000 0.933333
vt 0.920000 1.000000
vt 0.906667 1.000000
vt 0.920000 0.933333
vt 0.933333 0.933333
vt 0.933333 1.000000
vt 0.920000 1.000000
vt 0.933333 0.933333
vt 0.946667 0.933333
vt 0.946667 1.000000
vt 0.933333 1.000000
vt 0.946667 0.933333
vt 0.960000 0.933333
vt 0.960000 1.000000
vt 0.946667 1.000000
vt 0.960000 0.933333
vt 0.973333 0.933333
vt 0.973333 1.000000
vt 0.960000 1.000000
vt 0.973333 0.933333
vt 0.986667 0.933333
vt 0.986667 1.000000
vt 0.973333 1.000000
vt 0.986667 0.933333
vt 1.000000 0.933333
vt 1.000000 1.000000
vt 0.986667 1.000000
vt 0.000000 0.000000
vt 1.800000 0.000000
vt 1.800000 0.018000
vt 0.000000 0.018000
vt 0.000000 0.000000
vt 1.800000 0.000000
vt 1.800000 0.018000
vt 0.000000 0.018000
vt 0.000000 0.000000
vt 1.800000 0.000000
vt 1.800000 0.080000
vt 0.000000 0.080000
vt 0.000000 0.000000
vt 1.800000 0.000000
vt 1.800000 0.080000
vt 0.000000 0.080000
vt 0.000000 0.000000
vt 0.080000 0.000000
vt 0.080000 0.018000
vt 0.000000 0.018000
vt 0.000000 0.000000
vt 0.080000 0.000000
vt 0.080000 0.018000
vt 0.000000 0.018000
vt 0.000000 0.000000
vt 0.125000 0.000000
vt 0.125000 0.403268
vt 0.000000 0.403268
vt 0.125000 0.000000
vt 0.250000 0.000000
vt 0.250000 0.403268
vt 0.125000 0.403268
vt 0.250000 0.000000
vt 0.375000 0.000000
vt 0.375000 0.403268
vt 0.250000 0.403268
vt 0.375000 0.000000
vt 0.500000 0.000000
vt 0.500000 0.403268
vt 0.375000 0.403268
vt 0.500000 0.000000
vt 0.625000 0.000000
vt 0.625000 0.403268
vt 0.500000 0.403268
vt 0.625000 0.000000
vt 0.750000 0.000000
vt 0.750000 0.403268
vt 0.625000 0.403268
vt 0.750000 0.000000
vt 0.875000 0.000000
vt 0.875000 0.403268
vt 0.750000 0.403268
vt 0.875000 0.000000
vt 1.000000 0.000000
vt 1.000000 0.403268
vt 0.875000 0.403268
vt 0.500000 0.500000
vt 1.000000 0.500000
vt 0.853553 0.853553
vt 0.853553 0.853553
vt 0.500000 1.000000
vt 0.500000 1.000000
vt 0.146447 0.853553
vt 0.146447 0.853553
vt 0.000000 0.500000
vt 0.000000 0.500000
vt 0.146447 0.146447
vt 0.146447 0.146447
vt 0.500000 0.000000
vt 0.500000 0.000000
vt 0.853553 0.146447
vt 0.853553 0.146447
vt 1.000000 0.500000
vt 0.000000 0.000000
vt 0.125000 0.000000
vt 0.125000 0.403268
vt 0.000000 0.403268
vt 0.125000 0.000000
vt 0.250000 0.000000
vt 0.250000 0.403268
vt 0.125000 0.403268
vt 0.250000 0.000000
vt 0.375000 0.000000
vt 0.375000 0.403268
vt 0.250000 0.403268
vt 0.375000 0.000000
vt 0.500000 0.000000
vt 0.500000 0.403268
vt 0.375000 0.403268
vt 0.500000 0.000000
vt 0.625000 0.000000
vt 0.625000 0.403268
vt 0.500000 0.403268
vt 0.625000 0.000000
vt 0.750000 0.000000
vt 0.750000 0.403268
vt 0.625000 0.403268
vt 0.750000 0.000000
vt 0.875000 0.000000
vt 0.875000 0.403268
vt 0.750000 0.403268
vt 0.875000 0.000000
vt 1.000000 0.000000
vt 1.000000 0.403268
vt 0.875000 0.403268
vt 0.500000 0.500000
vt 1.000000 0.500000
vt 0.853553 0.853553
vt 0.853553 0.853553
vt 0.500000 1.000000
vt 0.500000 1.000000
vt 0.146447 0.853553
vt 0.146447 0.853553
vt 0.000000 0.500000
vt 0.000000 0.500000
vt 0.146447 0.146447
vt 0.146447 0.146447
vt 0.500000 0.000000
vt 0.500000 0.000000
vt 0.853553 0.146447
vt 0.853553 0.146447
vt 1.000000 0.500000
vt 0.000000 0.000000
vt 0.125000 0.000000
vt 0.125000 0.403268
vt 0.000000 0.403268
vt 0.125000 0.000000
vt 0.250000 0.000000
vt 0.250000 0.403268
vt 0.125000 0.403268
vt 0.250000 0.000000
vt 0.375000 0.000000
vt 0.375000 0.403268
vt 0.250000 0.403268
vt 0.375000 0.000000
vt 0.500000 0.000000
vt 0.500000 0.403268
vt 0.375000 0.403268
vt 0.500000 0.000000
vt 0.625000 0.000000
vt 0.625000 0.403268
vt 0.500000 0.403268
vt 0.625000 0.000000
vt 0.750000 0.000000
vt 0.750000 0.403268
vt 0.625000 0.403268
vt 0.750000 0.000000
vt 0.875000 0.000000
vt 0.875000 0.403268
vt 0.750000 0.403268
vt 0.875000 0.000000
vt 1.000000 0.000000
vt 1.000000 0.403268
vt 0.875000 0.403268
vt 0.500000 0.500000
vt 1.000000 0.500000
vt 0.853553 0.853553
vt 0.853553 0.853553
vt 0.500000 1.000000
vt 0.500000 1.000000
vt 0.146447 0.853553
vt 0.146447 0.853553
vt 0.000000 0.500000
vt 0.000000 0.500000
vt 0.146447 0.146447
vt 0.146447 0.146447
vt 0.500000 0.000000
vt 0.500000 0.000000
vt 0.853553 0.146447
vt 0.853553 0.146447
vt 1.000000 0.500000
vt 0.000000 0.000000
vt 0.125000 0.000000
vt 0.125000 0.403268
vt 0.000000 0.403268
vt 0.125000 0.000000
vt 0.250000 0.000000
vt 0.250000 0.403268
vt 0.125000 0.403268
vt 0.250000 0.000000
vt 0.375000 0.000000
vt 0.375000 0.403268
vt 0.250000 0.403268
vt 0.375000 0.000000
vt 0.500000 0.000000
vt 0.500000 0.403268
vt 0.375000 0.403268
vt 0.500000 0.000000
vt 0.625000 0.000000
vt 0.625000 0.403268
vt 0.500000 0.403268
vt 0.625000 0.000000
vt 0.750000 0.000000
vt 0.750000 0.403268
vt 0.625000 0.403268
vt 0.750000 0.000000
vt 0.875000 0.000000
vt 0.875000 0.403268
vt 0.750000 0.403268
vt 0.875000 0.000000
vt 1.000000 0.000000
vt 1.000000 0.403268
vt 0.875000 0.403268
vt 0.500000 0.500000
vt 1.000000 0.500000
vt 0.853553 0.853553
vt 0.853553 0.853553
vt 0.500000 1.000000
vt 0.500000 1.000000
vt 0.146447 0.853553
vt 0.146447 0.853553
vt 0.000000 0.500000
vt 0.000000 0.500000
vt 0.146447 0.146447
vt 0.146447 0.146447
vt 0.500000 0.000000
vt 0.500000 0.000000
vt 0.853553 0.146447
vt 0.853553 0.146447
vt 1.000000 0.500000
vn -0.552563 0.791488 0.261191
vn 0.314647 0.901396 0.297461
vn 0.314647 0.901396 0.297461
vn -0.552563 0.791488 0.261191
vn 0.314647 0.901396 0.297461
vn 0.314647 0.901396 0.297461
vn 0.314647 0.901396 0.297461
vn 0.314647 0.901396 0.297461
vn 0.314647 0.901396 0.297461
vn -0.552563 0.791488 0.261191
vn -0.552563 0.791488 0.261191
vn 0.314647 0.901396 0.297461
vn -0.552563 0.791488 0.261191
vn 0.314647 0.901396 0.297461
vn 0.314647 0.901396 0.297461
vn -0.552563 0.791488 0.261191
vn 0.314647 0.901396 0.297461
vn 0.314647 0.901396 0.297461
vn 0.314647 0.901396 0.297461
vn 0.314647 0.901396 0.297461
vn 0.314647 0.901396 0.297461
vn -0.552563 0.791488 0.261191
vn -0.552563 0.791488 0.261191
vn 0.314647 0.901396 0.297461
vn -0.552563 0.791488 0.261191
vn 0.314647 0.901396 0.297461
vn 0.314647 0.901396 0.297461
vn -0.552563 0.791488 0.261191
vn 0.314647 0.901396 0.297461
vn 0.314647 0.901396 0.297461
vn 0.314647 0.901396 0.297461
vn 0.314647 0.901396 0.297461
vn 0.314647 0.901396 0.297461
vn -0.552563 0.791488 0.261191
vn -0.552563 0.791488 0.261191
vn 0.314647 0.901396 0.297461
vn -0.552563 0.791488 0.261191
vn 0.314647 0.901396 0.297461
vn 0.314647 0.901396 0.297461
vn -0.552563 0.791488 0.261191
vn 0.314647 0.901396 0.297461
vn 0.314647 0.901396 0.297461
vn 0.314647 0.901396 0.297461
vn 0.314647 0.901396 0.297461
vn 0.314647 0.901396 0.297461
vn -0.552563 0.791488 0.261191
vn -0.552563 0.791488 0.261191
vn 0.314647 0.901396 0.297461
vn -0.552563 0.791488 0.261191
vn 0.314647 0.901396 0.297461
vn 0.314647 0.901396 0.297461
vn -0.552563 0.791488 0.261191
vn 0.314647 0.901396 0.297461
vn 0.314647 0.901396 0.297461
vn 0.314647 0.901396 0.297461
vn 0.314647 0.901396 0.297461
vn 0.314647 0.901396 0.297461
vn -0.552563 0.791488 0.261191
vn -0.552563 0.791488 0.261191
vn 0.314647 0.901396 0.297461
vn -0.552563 0.791488 0.261191
vn 0.314647 0.901396 0.297461
vn 0.314647 0.901396 0.297461
vn -0.552563 0.791488 0.261191
vn 0.314647 0.901396 0.297461
vn 0.314647 0.901396 0.297461
vn 0.314647 0.901396 0.297461
vn 0.314647 0.901396 0.297461
vn 0.314647 0.901396 0.297461
vn -0.552563 0.791488 0.261191
vn -0.552563 0.791488 0.261191
vn 0.314647 0.901396 0.297461
vn -0.552563 0.791488 0.261191
vn 0.314647 0.901396 0.297461
vn 0.314647 0.901396 0.297461
vn -0.552563 0.791488 0.261191
vn 0.314647 0.901396 0.297461
vn 0.314647 0.901396 0.297461
vn 0.314647 0.901396 0.297461
vn 0.314647 0.901396 0.297461
vn 0.314647 0.901396 0.297461
vn -0.552563 0.791488 0.261191
vn -0.552563 0.791488 0.261191
vn 0.314647 0.901396 0.297461
vn -0.552563 0.791488 0.261191
vn 0.314647 0.901396 0.297461
vn 0.314647 0.901396 0.297461
vn -0.552563 0.791488 0.261191
vn 0.314647 0.901396 0.297461
vn 0.314647 0.901396 0.297461
vn 0.314647 0.901396 0.297461
vn 0.314647 0.901396 0.297461
vn 0.314647 0.901396 0.297461
vn -0.552563 0.791488 0.261191
vn -0.552563 0.791488 0.261191
vn 0.314647 0.901396 0.297461
vn -0.552563 0.791488 0.261191
vn 0.314647 0.901396 0.297461
vn 0.314647 0.901396 0.297461
vn -0.552563 0.791488 0.261191
vn 0.314647 0.901396 0.297461
vn 0.314647 0.901396 0.297461
vn 0.314647 0.901396 0.297461
vn 0.314647 0.901396 0.297461
vn 0.314647 0.901396 0.297461
vn -0.552563 0.791488 0.261191
vn -0.552563 0.791488 0.261191
vn 0.314647 0.901396 0.297461
vn -0.552563 0.791488 0.261191
vn 0.314647 0.901396 0.297461
vn 0.314647 0.901396 0.297461
vn -0.552563 0.791488 0.261191
vn 0.314647 0.901396 0.297461
vn 0.314647 0.901396 0.297461
vn 0.314647 0.901396 0.297461
vn 0.314647 0.901396 0.297461
vn 0.314647 0.901396 0.297461
vn -0.552563 0.791488 0.261191
vn -0.552563 0.791488 0.261191
vn 0.314647 0.901396 0.297461
vn -0.552563 0.791488 0.261191
vn 0.314647 0.901396 0.297461
vn 0.314647 0.901396 0.297461
vn -0.552563 0.791488 0.261191
vn 0.314647 0.901396 0.297461
vn 0.314647 0.901396 0.297461
vn 0.314647 0.901396 0.297461
vn 0.314647 0.901396 0.297461
vn 0.314647 0.901396 0.297461
vn -0.552563 0.791488 0.261191
vn -0.552563 0.791488 0.261191
vn 0.314647 0.901396 0.297461
vn -0.552563 0.791488 0.261191
vn 0.314647 0.901396 0.297461
vn 0.314647 0.901396 0.297461
vn -0.552563 0.791488 0.261191
vn 0.314647 0.901396 0.297461
vn 0.314647 0.901396 0.297461
vn 0.314647 0.901396 0.297461
vn 0.314647 0.901396 0.297461
vn 0.314647 0.901396 0.297461
vn -0.552563 0.791488 0.261191
vn -0.552563 0.791488 0.261191
vn 0.314647 0.901396 0.297461
vn -0.552563 0.791488 0.261191
vn 0.314647 0.901396 0.297461
vn 0.314647 0.901396 0.297461
vn -0.552563 0.791488 0.261191
vn 0.314647 0.901396 0.297461
vn 0.314647 0.901396 0.297461
vn 0.314647 0.901396 0.297461
vn 0.314647 0.901396 0.297461
vn 0.314647 0.901396 0.297461
vn -0.552563 0.791488 0.261191
vn -0.552563 0.791488 0.261191
vn 0.314647 0.901396 0.297461
vn -0.552563 0.791488 0.261191
vn 0.314647 0.901396 0.297461
vn 0.314647 0.901396 0.297461
vn -0.552563 0.791488 0.261191
vn 0.314647 0.901396 0.297461
vn 0.314647 0.901396 0.297461
vn 0.314647 0.901396 0.297461
vn 0.314647 0.901396 0.297461
vn 0.314647 0.901396 0.297461
vn -0.552563 0.791488 0.261191
vn -0.552563 0.791488 0.261191
vn 0.314647 0.901396 0.297461
vn -0.552563 0.791488 0.261191
vn 0.314647 0.901396 0.297461
vn 0.314647 0.901396 0.297461
vn -0.552563 0.791488 0.261191
vn 0.314647 0.901396 0.297461
vn 0.314647 0.901396 0.297461
vn 0.314647 0.901396 0.297461
vn 0.314647 0.901396 0.297461
vn 0.314647 0.901396 0.297461
vn -0.552563 0.791488 0.261191
vn -0.552563 0.791488 0.261191
vn 0.314647 0.901396 0.297461
vn -0.552563 0.791488 0.261191
vn 0.314647 0.901396 0.297461
vn 0.314647 0.901396 0.297461
vn -0.552563 0.791488 0.261191
vn 0.314647 0.901396 0.297461
vn 0.314647 0.901396 0.297461
vn 0.314647 0.901396 0.297461
vn 0.314647 0.901396 0.297461
vn 0.314647 0.901396 0.297461
vn -0.552563 0.791488 0.261191
vn -0.552563 0.791488 0.261191
vn 0.314647 0.901396 0.297461
vn -0.552563 0.791488 0.261191
vn 0.314647 0.901396 0.297461
vn 0.314647 0.901396 0.297461
vn -0.552563 0.791488 0.261191
vn 0.314647 0.901396 0.297461
vn 0.314647 0.901396 0.297461
vn 0.314647 0.901396 0.297461
vn 0.314647 0.901396 0.297461
vn 0.314647 0.901396 0.297461
vn -0.552563 0.791488 0.261191
vn -0.552563 0.791488 0.261191
vn 0.314647 0.901396 0.297461
vn -0.552563 0.791488 0.261191
vn 0.314647 0.901396 0.297461
vn 0.314647 0.901396 0.297461
vn -0.552563 0.791488 0.261191
vn 0.314647 0.901396 0.297461
vn 0.314647 0.901396 0.297461
vn 0.314647 0.901396 0.297461
vn 0.314647 0.901396 0.297461
vn 0.314647 0.901396 0.297461
vn -0.552563 0.791488 0.261191
vn -0.552563 0.791488 0.261191
vn 0.314647 0.901396 0.297461
vn -0.552563 0.791488 0.261191
vn 0.314647 0.901396 0.297461
vn 0.314647 0.901396 0.297461
vn -0.552563 0.791488 0.261191
vn 0.314647 0.901396 0.297461
vn 0.314647 0.901396 0.297461
vn 0.314647 0.901396 0.297461
vn 0.314647 0.901396 0.297461
vn 0.314647 0.901396 0.297461
vn -0.552563 0.791488 0.261191
vn -0.552563 0.791488 0.261191
vn 0.314647 0.901396 0.297461
vn -0.552563 0.791488 0.261191
vn 0.314647 0.901396 0.297461
vn 0.314647 0.901396 0.297461
vn -0.552563 0.791488 0.261191
vn 0.314647 0.901396 0.297461
vn 0.314647 0.901396 0.297461
vn 0.314647 0.901396 0.297461
vn 0.314647 0.901396 0.297461
vn 0.314647 0.901396 0.297461
vn -0.552563 0.791488 0.261191
vn -0.552563 0.791488 0.261191
vn 0.314647 0.901396 0.297461
vn -0.552563 0.791488 0.261191
vn 0.314647 0.901396 0.297461
vn 0.314647 0.901396 0.297461
vn -0.552563 0.791488 0.261191
vn 0.314647 0.901396 0.297461
vn 0.314647 0.901396 0.297461
vn 0.314647 0.901396 0.297461
vn 0.314647 0.901396 0.297461
vn 0.314647 0.901396 0.297461
vn -0.552563 0.791488 0.261191
vn -0.552563 0.791488 0.261191
vn 0.314647 0.901396 0.297461
vn -0.552563 0.791488 0.261191
vn 0.314647 0.901396 0.297461
vn 0.314647 0.901396 0.297461
vn -0.552563 0.791488 0.261191
vn 0.314647 0.901396 0.297461
vn 0.314647 0.901396 0.297461
vn 0.314647 0.901396 0.297461
vn 0.314647 0.901396 0.297461
vn 0.314647 0.901396 0.297461
vn -0.552563 0.791488 0.261191
vn -0.552563 0.791488 0.261191
vn 0.314647 0.901396 0.297461
vn -0.552563 0.791488 0.261191
vn 0.314647 0.901396 0.297461
vn 0.314647 0.901396 0.297461
vn -0.552563 0.791488 0.261191
vn 0.314647 0.901396 0.297461
vn 0.314647 0.901396 0.297461
vn 0.314647 0.901396 0.297461
vn 0.314647 0.901396 0.297461
vn 0.314647 0.901396 0.297461
vn -0.552563 0.791488 0.261191
vn -0.552563 0.791488 0.261191
vn 0.314647 0.901396 0.297461
vn -0.552563 0.791488 0.261191
vn 0.314647 0.901396 0.297461
vn 0.314647 0.901396 0.297461
vn -0.552563 0.791488 0.261191
vn 0.314647 0.901396 0.297461
vn 0.314647 0.901396 0.297461
vn 0.314647 0.901396 0.297461
vn 0.314647 0.901396 0.297461
vn 0.314647 0.901396 0.297461
vn -0.552563 0.791488 0.261191
vn -0.552563 0.791488 0.261191
vn 0.314647 0.901396 0.297461
vn -0.552563 0.791488 0.261191
vn 0.314647 0.901396 0.297461
vn 0.314647 0.901396 0.297461
vn -0.552563 0.791488 0.261191
vn 0.314647 0.901396 0.297461
vn 0.314647 0.901396 0.297461
vn 0.314647 0.901396 0.297461
vn 0.314647 0.901396 0.297461
vn 0.314647 0.901396 0.297461
vn -0.552563 0.791488 0.261191
vn -0.552563 0.791488 0.261191
vn 0.314647 0.901396 0.297461
vn -0.552563 0.791488 0.261191
vn 0.314647 0.901396 0.297461
vn 0.314647 0.901396 0.297461
vn -0.552563 0.791488 0.261191
vn 0.314647 0.901396 0.297461
vn 0.314647 0.901396 0.297461
vn 0.314647 0.901396 0.297461
vn 0.314647 0.901396 0.297461
vn 0.314647 0.901396 0.297461
vn -0.552563 0.791488 0.261191
vn -0.552563 0.791488 0.261191
vn 0.314647 0.901396 0.297461
vn -0.552563 0.791488 0.261191
vn 0.314647 0.901396 0.297461
vn 0.314647 0.901396 0.297461
vn -0.552563 0.791488 0.261191
vn 0.314647 0.901396 0.297461
vn 0.314647 0.901396 0.297461
vn 0.314647 0.901396 0.297461
vn 0.314647 0.901396 0.297461
vn 0.314647 0.901396 0.297461
vn -0.552563 0.791488 0.261191
vn -0.552563 0.791488 0.261191
vn 0.314647 0.901396 0.297461
vn -0.552563 0.791488 0.261191
vn 0.314647 0.901396 0.297461
vn 0.314647 0.901396 0.297461
vn -0.552563 0.791488 0.261191
vn 0.314647 0.901396 0.297461
vn 0.314647 0.901396 0.297461
vn 0.314647 0.901396 0.297461
vn 0.314647 0.901396 0.297461
vn 0.314647 0.901396 0.297461
vn -0.552563 0.791488 0.261191
vn -0.552563 0.791488 0.261191
vn 0.314647 0.901396 0.297461
vn -0.552563 0.791488 0.261191
vn 0.314647 0.901396 0.297461
vn 0.314647 0.901396 0.297461
vn -0.552563 0.791488 0.261191
vn 0.314647 0.901396 0.297461
vn 0.314647 0.901396 0.297461
vn 0.314647 0.901396 0.297461
vn 0.314647 0.901396 0.297461
vn 0.314647 0.901396 0.297461
vn -0.552563 0.791488 0.261191
vn -0.552563 0.791488 0.261191
vn 0.314647 0.901396 0.297461
vn -0.552563 0.791488 0.261191
vn 0.314647 0.901396 0.297461
vn 0.314647 0.901396 0.297461
vn -0.552563 0.791488 0.261191
vn 0.314647 0.901396 0.297461
vn 0.314647 0.901396 0.297461
vn 0.314647 0.901396 0.297461
vn 0.314647 0.901396 0.297461
vn 0.314647 0.901396 0.297461
vn -0.552563 0.791488 0.261191
vn -0.552563 0.791488 0.261191
vn 0.314647 0.901396 0.297461
vn -0.552563 0.791488 0.261191
vn 0.314647 0.901396 0.297461
vn 0.314647 0.901396 0.297461
vn -0.552563 0.791488 0.261191
vn 0.314647 0.901396 0.297461
vn 0.314647 0.901396 0.297461
vn 0.314647 0.901396 0.297461
vn 0.314647 0.901396 0.297461
vn 0.314647 0.901396 0.297461
vn -0.552563 0.791488 0.261191
vn -0.552563 0.791488 0.261191
vn 0.314647 0.901396 0.297461
vn -0.552563 0.791488 0.261191
vn 0.314647 0.901396 0.297461
vn 0.314647 0.901396 0.297461
vn -0.552563 0.791488 0.261191
vn 0.314647 0.901396 0.297461
vn 0.314647 0.901396 0.297461
vn 0.314647 0.901396 0.297461
vn 0.314647 0.901396 0.297461
vn 0.314647 0.901396 0.297461
vn -0.552563 0.791488 0.261191
vn -0.552563 0.791488 0.261191
vn 0.314647 0.901396 0.297461
vn -0.552563 0.791488 0.261191
vn 0.314647 0.901396 0.297461
vn 0.314647 0.901396 0.297461
vn -0.552563 0.791488 0.261191
vn 0.314647 0.901396 0.297461
vn 0.314647 0.901396 0.297461
vn 0.314647 0.901396 0.297461
vn 0.314647 0.901396 0.297461
vn 0.314647 0.901396 0.297461
vn -0.552563 0.791488 0.261191
vn -0.552563 0.791488 0.261191
vn 0.314647 0.901396 0.297461
vn -0.552563 0.791488 0.261191
vn 0.314647 0.901396 0.297461
vn 0.314647 0.901396 0.297461
vn -0.552563 0.791488 0.261191
vn 0.314647 0.901396 0.297461
vn 0.314647 0.901396 0.297461
vn 0.314647 0.901396 0.297461
vn 0.314647 0.901396 0.297461
vn 0.314647 0.901396 0.297461
vn -0.552563 0.791488 0.261191
vn -0.552563 0.791488 0.261191
vn 0.314647 0.901396 0.297461
vn -0.552563 0.791488 0.261191
vn 0.314647 0.901396 0.297461
vn 0.314647 0.901396 0.297461
vn -0.552563 0.791488 0.261191
vn 0.314647 0.901396 0.297461
vn 0.314647 0.901396 0.297461
vn 0.314647 0.901396 0.297461
vn 0.314647 0.901396 0.297461
vn 0.314647 0.901396 0.297461
vn -0.552563 0.791488 0.261191
vn -0.552563 0.791488 0.261191
vn 0.314647 0.901396 0.297461
vn -0.552563 0.791488 0.261191
vn 0.314647 0.901396 0.297461
vn 0.314647 0.901396 0.297461
vn -0.552563 0.791488 0.261191
vn 0.314647 0.901396 0.297461
vn 0.314647 0.901396 0.297461
vn 0.314647 0.901396 0.297461
vn 0.314647 0.901396 0.297461
vn 0.314647 0.901396 0.297461
vn -0.552563 0.791488 0.261191
vn -0.552563 0.791488 0.261191
vn 0.314647 0.901396 0.297461
vn -0.552563 0.791488 0.261191
vn 0.314647 0.901396 0.297461
vn 0.314647 0.901396 0.297461
vn -0.552563 0.791488 0.261191
vn 0.314647 0.901396 0.297461
vn 0.314647 0.901396 0.297461
vn 0.314647 0.901396 0.297461
vn 0.314647 0.901396 0.297461
vn 0.314647 0.901396 0.297461
vn -0.552563 0.791488 0.261191
vn -0.552563 0.791488 0.261191
vn 0.314647 0.901396 0.297461
vn -0.552563 0.791488 0.261191
vn 0.314647 0.901396 0.297461
vn 0.314647 0.901396 0.297461
vn -0.552563 0.791488 0.261191
vn 0.314647 0.901396 0.297461
vn 0.314647 0.901396 0.297461
vn 0.314647 0.901396 0.297461
vn 0.314647 0.901396 0.297461
vn 0.314647 0.901396 0.297461
vn -0.552563 0.791488 0.261191
vn -0.552563 0.791488 0.261191
vn 0.314647 0.901396 0.297461
vn -0.552563 0.791488 0.261191
vn 0.314647 0.901396 0.297461
vn 0.314647 0.901396 0.297461
vn -0.552563 0.791488 0.261191
vn 0.314647 0.901396 0.297461
vn 0.314647 0.901396 0.297461
vn 0.314647 0.901396 0.297461
vn 0.314647 0.901396 0.297461
vn 0.314647 0.901396 0.297461
vn -0.552563 0.791488 0.261191
vn -0.552563 0.791488 0.261191
vn 0.314647 0.901396 0.297461
vn -0.552563 0.791488 0.261191
vn 0.314647 0.901396 0.297461
vn 0.314647 0.901396 0.297461
vn -0.552563 0.791488 0.261191
vn 0.314647 0.901396 0.297461
vn 0.314647 0.901396 0.297461
vn 0.314647 0.901396 0.297461
vn 0.314647 0.901396 0.297461
vn 0.314647 0.901396 0.297461
vn -0.552563 0.791488 0.261191
vn -0.552563 0.791488 0.261191
vn 0.314647 0.901396 0.297461
vn -0.552563 0.791488 0.261191
vn 0.314647 0.901396 0.297461
vn 0.314647 0.901396 0.297461
vn -0.552563 0.791488 0.261191
vn 0.314647 0.901396 0.297461
vn 0.314647 0.901396 0.297461
vn 0.314647 0.901396 0.297461
vn 0.314647 0.901396 0.297461
vn 0.314647 0.901396 0.297461
vn -0.552563 0.791488 0.261191
vn -0.552563 0.791488 0.261191
vn 0.314647 0.901396 0.297461
vn -0.552563 0.791488 0.261191
vn 0.314647 0.901396 0.297461
vn 0.314647 0.901396 0.297461
vn -0.552563 0.791488 0.261191
vn 0.314647 0.901396 0.297461
vn 0.314647 0.901396 0.297461
vn 0.314647 0.901396 0.297461
vn 0.314647 0.901396 0.297461
vn 0.314647 0.901396 0.297461
vn -0.552563 0.791488 0.261191
vn -0.552563 0.791488 0.261191
vn 0.314647 0.901396 0.297461
vn -0.552563 0.791488 0.261191
vn 0.314647 0.901396 0.297461
vn 0.314647 0.901396 0.297461
vn -0.552563 0.791488 0.261191
vn 0.314647 0.901396 0.297461
vn 0.314647 0.901396 0.297461
vn 0.314647 0.901396 0.297461
vn 0.314647 0.901396 0.297461
vn 0.314647 0.901396 0.297461
vn -0.552563 0.791488 0.261191
vn -0.552563 0.791488 0.261191
vn 0.314647 0.901396 0.297461
vn -0.552563 0.791488 0.261191
vn 0.314647 0.901396 0.297461
vn 0.314647 0.901396 0.297461
vn -0.552563 0.791488 0.261191
vn 0.314647 0.901396 0.297461
vn 0.314647 0.901396 0.297461
vn 0.314647 0.901396 0.297461
vn 0.314647 0.901396 0.297461
vn 0.314647 0.901396 0.297461
vn -0.552563 0.791488 0.261191
vn -0.552563 0.791488 0.261191
vn 0.314647 0.901396 0.297461
vn -0.552563 0.791488 0.261191
vn 0.314647 0.901396 0.297461
vn 0.314647 0.901396 0.297461
vn -0.552563 0.791488 0.261191
vn 0.314647 0.901396 0.297461
vn 0.314647 0.901396 0.297461
vn 0.314647 0.901396 0.297461
vn 0.314647 0.901396 0.297461
vn 0.314647 0.901396 0.297461
vn -0.552563 0.791488 0.261191
vn -0.552563 0.791488 0.261191
vn 0.314647 0.901396 0.297461
vn -0.552563 0.791488 0.261191
vn 0.314647 0.901396 0.297461
vn 0.314647 0.901396 0.297461
vn -0.552563 0.791488 0.261191
vn 0.314647 0.901396 0.297461
vn 0.314647 0.901396 0.297461
vn 0.314647 0.901396 0.297461
vn 0.314647 0.901396 0.297461
vn 0.314647 0.901396 0.297461
vn -0.552563 0.791488 0.261191
vn -0.552563 0.791488 0.261191
vn 0.314647 0.901396 0.297461
vn -0.552563 0.791488 0.261191
vn 0.314647 0.901396 0.297461
vn 0.314647 0.901396 0.297461
vn -0.552563 0.791488 0.261191
vn 0.314647 0.901396 0.297461
vn 0.314647 0.901396 0.297461
vn 0.314647 0.901396 0.297461
vn 0.314647 0.901396 0.297461
vn 0.314647 0.901396 0.297461
vn -0.552563 0.791488 0.261191
vn -0.552563 0.791488 0.261191
vn 0.314647 0.901396 0.297461
vn -0.552563 0.791488 0.261191
vn 0.314647 0.901396 0.297461
vn 0.314647 0.901396 0.297461
vn -0.552563 0.791488 0.261191
vn 0.314647 0.901396 0.297461
vn 0.314647 0.901396 0.297461
vn 0.314647 0.901396 0.297461
vn 0.314647 0.901396 0.297461
vn 0.314647 0.901396 0.297461
vn -0.552563 0.791488 0.261191
vn -0.552563 0.791488 0.261191
vn 0.314647 0.901396 0.297461
vn -0.552563 0.791488 0.261191
vn 0.314647 0.901396 0.297461
vn 0.314647 0.901396 0.297461
vn -0.552563 0.791488 0.261191
vn 0.314647 0.901396 0.297461
vn 0.314647 0.901396 0.297461
vn 0.314647 0.901396 0.297461
vn 0.314647 0.901396 0.297461
vn 0.314647 0.901396 0.297461
vn -0.552563 0.791488 0.261191
vn -0.552563 0.791488 0.261191
vn 0.314647 0.901396 0.297461
vn -0.552563 0.791488 0.261191
vn 0.314647 0.901396 0.297461
vn 0.314647 0.901396 0.297461
vn -0.552563 0.791488 0.261191
vn 0.314647 0.901396 0.297461
vn 0.314647 0.901396 0.297461
vn 0.314647 0.901396 0.297461
vn 0.314647 0.901396 0.297461
vn 0.314647 0.901396 0.297461
vn -0.552563 0.791488 0.261191
vn -0.552563 0.791488 0.261191
vn 0.314647 0.901396 0.297461
vn -0.552563 0.791488 0.261191
vn 0.314647 0.901396 0.297461
vn 0.314647 0.901396 0.297461
vn -0.552563 0.791488 0.261191
vn 0.314647 0.901396 0.297461
vn 0.314647 0.901396 0.297461
vn 0.314647 0.901396 0.297461
vn 0.314647 0.901396 0.297461
vn 0.314647 0.901396 0.297461
vn -0.552563 0.791488 0.261191
vn -0.552563 0.791488 0.261191
vn 0.314647 0.901396 0.297461
vn -0.552563 0.791488 0.261191
vn 0.314647 0.901396 0.297461
vn 0.314647 0.901396 0.297461
vn -0.552563 0.791488 0.261191
vn 0.314647 0.901396 0.297461
vn 0.314647 0.901396 0.297461
vn 0.314647 0.901396 0.297461
vn 0.314647 0.901396 0.297461
vn 0.314647 0.901396 0.297461
vn -0.552563 0.791488 0.261191
vn -0.552563 0.791488 0.261191
vn 0.314647 0.901396 0.297461
vn -0.552563 0.791488 0.261191
vn 0.314647 0.901396 0.297461
vn 0.314647 0.901396 0.297461
vn -0.552563 0.791488 0.261191
vn 0.314647 0.901396 0.297461
vn 0.314647 0.901396 0.297461
vn 0.314647 0.901396 0.297461
vn 0.314647 0.901396 0.297461
vn 0.314647 0.901396 0.297461
vn -0.552563 0.791488 0.261191
vn -0.552563 0.791488 0.261191
vn 0.314647 0.901396 0.297461
vn -0.552563 0.791488 0.261191
vn 0.314647 0.901396 0.297461
vn 0.314647 0.901396 0.297461
vn -0.552563 0.791488 0.261191
vn 0.314647 0.901396 0.297461
vn 0.314647 0.901396 0.297461
vn 0.314647 0.901396 0.297461
vn 0.314647 0.901396 0.297461
vn 0.314647 0.901396 0.297461
vn -0.552563 0.791488 0.261191
vn -0.552563 0.791488 0.261191
vn 0.314647 0.901396 0.297461
vn -0.552563 0.791488 0.261191
vn 0.314647 0.901396 0.297461
vn 0.314647 0.901396 0.297461
vn -0.552563 0.791488 0.261191
vn 0.314647 0.901396 0.297461
vn 0.314647 0.901396 0.297461
vn 0.314647 0.901396 0.297461
vn 0.314647 0.901396 0.297461
vn 0.314647 0.901396 0.297461
vn -0.552563 0.791488 0.261191
vn -0.552563 0.791488 0.261191
vn 0.314647 0.901396 0.297461
vn -0.552563 0.791488 0.261191
vn 0.314647 0.901396 0.297461
vn 0.314647 0.901396 0.297461
vn -0.552563 0.791488 0.261191
vn 0.314647 0.901396 0.297461
vn 0.314647 0.901396 0.297461
vn 0.314647 0.901396 0.297461
vn 0.314647 0.901396 0.297461
vn 0.314647 0.901396 0.297461
vn -0.552563 0.791488 0.261191
vn -0.552563 0.791488 0.261191
vn 0.314647 0.901396 0.297461
vn -0.552563 0.791488 0.261191
vn 0.314647 0.901396 0.297461
vn 0.314647 0.901396 0.297461
vn -0.552563 0.791488 0.261191
vn 0.314647 0.901396 0.297461
vn 0.314647 0.901396 0.297461
vn 0.314647 0.901396 0.297461
vn 0.314647 0.901396 0.297461
vn 0.314647 0.901396 0.297461
vn -0.552563 0.791488 0.261191
vn -0.552563 0.791488 0.261191
vn 0.314647 0.901396 0.297461
vn -0.552563 0.791488 0.261191
vn 0.314647 0.901396 0.297461
vn 0.314647 0.901396 0.297461
vn -0.552563 0.791488 0.261191
vn 0.314647 0.901396 0.297461
vn 0.314647 0.901396 0.297461
vn 0.314647 0.901396 0.297461
vn 0.314647 0.901396 0.297461
vn 0.314647 0.901396 0.297461
vn -0.552563 0.791488 0.261191
vn -0.552563 0.791488 0.261191
vn 0.314647 0.901396 0.297461
vn -0.552563 0.791488 0.261191
vn 0.314647 0.901396 0.297461
vn 0.314647 0.901396 0.297461
vn -0.552563 0.791488 0.261191
vn 0.314647 0.901396 0.297461
vn 0.314647 0.901396 0.297461
vn 0.314647 0.901396 0.297461
vn 0.314647 0.901396 0.297461
vn 0.314647 0.901396 0.297461
vn -0.552563 0.791488 0.261191
vn -0.552563 0.791488 0.261191
vn 0.314647 0.901396 0.297461
vn -0.552563 0.791488 0.261191
vn 0.314647 0.901396 0.297461
vn 0.314647 0.901396 0.297461
vn -0.552563 0.791488 0.261191
vn 0.314647 0.901396 0.297461
vn 0.314647 0.901396 0.297461
vn 0.314647 0.901396 0.297461
vn 0.314647 0.901396 0.297461
vn 0.314647 0.901396 0.297461
vn -0.552563 0.791488 0.261191
vn -0.552563 0.791488 0.261191
vn 0.314647 0.901396 0.297461
vn -0.552563 0.791488 0.261191
vn 0.314647 0.901396 0.297461
vn 0.314647 0.901396 0.297461
vn -0.552563 0.791488 0.261191
vn 0.314647 0.901396 0.297461
vn 0.314647 0.901396 0.297461
vn 0.314647 0.901396 0.297461
vn 0.314647 0.901396 0.297461
vn 0.314647 0.901396 0.297461
vn -0.552563 0.791488 0.261191
vn -0.552563 0.791488 0.261191
vn 0.314647 0.901396 0.297461
vn -0.552563 0.791488 0.261191
vn 0.314647 0.901396 0.297461
vn 0.314647 0.901396 0.297461
vn -0.552563 0.791488 0.261191
vn 0.314647 0.901396 0.297461
vn 0.314647 0.901396 0.297461
vn 0.314647 0.901396 0.297461
vn 0.314647 0.901396 0.297461
vn 0.314647 0.901396 0.297461
vn -0.552563 0.791488 0.261191
vn -0.552563 0.791488 0.261191
vn 0.314647 0.901396 0.297461
vn -0.552563 0.791488 0.261191
vn 0.314647 0.901396 0.297461
vn 0.314647 0.901396 0.297461
vn -0.552563 0.791488 0.261191
vn 0.314647 0.901396 0.297461
vn 0.314647 0.901396 0.297461
vn 0.314647 0.901396 0.297461
vn 0.314647 0.901396 0.297461
vn 0.314647 0.901396 0.297461
vn -0.552563 0.791488 0.261191
vn -0.552563 0.791488 0.261191
vn 0.314647 0.901396 0.297461
vn -0.552563 0.791488 0.261191
vn 0.314647 0.901396 0.297461
vn 0.314647 0.901396 0.297461
vn -0.552563 0.791488 0.261191
vn 0.314647 0.901396 0.297461
vn 0.314647 0.901396 0.297461
vn 0.314647 0.901396 0.297461
vn 0.314647 0.901396 0.297461
vn 0.314647 0.901396 0.297461
vn -0.552563 0.791488 0.261191
vn -0.552563 0.791488 0.261191
vn 0.314647 0.901396 0.297461
vn -0.552563 0.791488 0.261191
vn 0.314647 0.901396 0.297461
vn 0.314647 0.901396 0.297461
vn -0.552563 0.791488 0.261191
vn 0.314647 0.901396 0.297461
vn 0.314647 0.901396 0.297461
vn 0.314647 0.901396 0.297461
vn 0.314647 0.901396 0.297461
vn 0.314647 0.901396 0.297461
vn -0.552563 0.791488 0.261191
vn -0.552563 0.791488 0.261191
vn 0.314647 0.901396 0.297461
vn -0.552563 0.791488 0.261191
vn 0.314647 0.901396 0.297461
vn 0.314647 0.901396 0.297461
vn -0.552563 0.791488 0.261191
vn 0.314647 0.901396 0.297461
vn 0.314647 0.901396 0.297461
vn 0.314647 0.901396 0.297461
vn 0.314647 0.901396 0.297461
vn 0.314647 0.901396 0.297461
vn -0.552563 0.791488 0.261191
vn -0.552563 0.791488 0.261191
vn 0.314647 0.901396 0.297461
vn -0.552563 0.791488 0.261191
vn 0.314647 0.901396 0.297461
vn 0.314647 0.901396 0.297461
vn -0.552563 0.791488 0.261191
vn 0.314647 0.901396 0.297461
vn 0.314647 0.901396 0.297461
vn 0.314647 0.901396 0.297461
vn 0.314647 0.901396 0.297461
vn 0.314647 0.901396 0.297461
vn -0.552563 0.791488 0.261191
vn -0.552563 0.791488 0.261191
vn 0.314647 0.901396 0.297461
vn -0.552563 0.791488 0.261191
vn 0.314647 0.901396 0.297461
vn 0.314647 0.901396 0.297461
vn -0.552563 0.791488 0.261191
vn 0.314647 0.901396 0.297461
vn 0.314647 0.901396 0.297461
vn 0.314647 0.901396 0.297461
vn 0.314647 0.901396 0.297461
vn 0.314647 0.901396 0.297461
vn -0.552563 0.791488 0.261191
vn -0.552563 0.791488 0.261191
vn 0.314647 0.901396 0.297461
vn -0.552563 0.791488 0.261191
vn 0.314647 0.901396 0.297461
vn 0.314647 0.901396 0.297461
vn -0.552563 0.791488 0.261191
vn 0.314647 0.901396 0.297461
vn 0.314647 0.901396 0.297461
vn 0.314647 0.901396 0.297461
vn 0.314647 0.901396 0.297461
vn 0.314647 0.901396 0.297461
vn -0.552563 0.791488 0.261191
vn -0.552563 0.791488 0.261191
vn 0.314647 0.901396 0.297461
vn -0.552563 0.791488 0.261191
vn 0.314647 0.901396 0.297461
vn 0.314647 0.901396 0.297461
vn -0.552563 0.791488 0.261191
vn 0.314647 0.901396 0.297461
vn 0.314647 0.901396 0.297461
vn 0.314647 0.901396 0.297461
vn 0.314647 0.901396 0.297461
vn 0.314647 0.901396 0.297461
vn -0.552563 0.791488 0.261191
vn -0.552563 0.791488 0.261191
vn 0.314647 0.901396 0.297461
vn -0.552563 0.791488 0.261191
vn 0.314647 0.901396 0.297461
vn 0.314647 0.901396 0.297461
vn -0.552563 0.791488 0.261191
vn 0.314647 0.901396 0.297461
vn 0.314647 0.901396 0.297461
vn 0.314647 0.901396 0.297461
vn 0.314647 0.901396 0.297461
vn 0.314647 0.901396 0.297461
vn -0.552563 0.791488 0.261191
vn -0.552563 0.791488 0.261191
vn 0.314647 0.901396 0.297461
vn -0.552563 0.791488 0.261191
vn 0.314647 0.901396 0.297461
vn 0.314647 0.901396 0.297461
vn -0.552563 0.791488 0.261191
vn 0.314647 0.901396 0.297461
vn 0.314647 0.901396 0.297461
vn 0.314647 0.901396 0.297461
vn 0.314647 0.901396 0.297461
vn 0.314647 0.901396 0.297461
vn -0.552563 0.791488 0.261191
vn -0.552563 0.791488 0.261191
vn 0.314647 0.901396 0.297461
vn -0.552563 0.791488 0.261191
vn 0.314647 0.901396 0.297461
vn 0.314647 0.901396 0.297461
vn -0.552563 0.791488 0.261191
vn 0.314647 0.901396 0.297461
vn 0.314647 0.901396 0.297461
vn 0.314647 0.901396 0.297461
vn 0.314647 0.901396 0.297461
vn 0.314647 0.901396 0.297461
vn -0.552563 0.791488 0.261191
vn -0.552563 0.791488 0.261191
vn 0.314647 0.901396 0.297461
vn -0.552563 0.791488 0.261191
vn 0.314647 0.901396 0.297461
vn 0.314647 0.901396 0.297461
vn -0.552563 0.791488 0.261191
vn 0.314647 0.901396 0.297461
vn 0.314647 0.901396 0.297461
vn 0.314647 0.901396 0.297461
vn 0.314647 0.901396 0.297461
vn 0.314647 0.901396 0.297461
vn -0.552563 0.791488 0.261191
vn -0.552563 0.791488 0.261191
vn 0.314647 0.901396 0.297461
vn -0.552563 0.791488 0.261191
vn 0.314647 0.901396 0.297461
vn 0.314647 0.901396 0.297461
vn -0.552563 0.791488 0.261191
vn 0.314647 0.901396 0.297461
vn 0.314647 0.901396 0.297461
vn 0.314647 0.901396 0.297461
vn 0.314647 0.901396 0.297461
vn 0.314647 0.901396 0.297461
vn -0.552563 0.791488 0.261191
vn -0.552563 0.791488 0.261191
vn 0.314647 0.901396 0.297461
vn -0.552563 0.791488 0.261191
vn 0.314647 0.901396 0.297461
vn 0.314647 0.901396 0.297461
vn -0.552563 0.791488 0.261191
vn 0.314647 0.901396 0.297461
vn 0.314647 0.901396 0.297461
vn 0.314647 0.901396 0.297461
vn 0.314647 0.901396 0.297461
vn 0.314647 0.901396 0.297461
vn -0.552563 0.791488 0.261191
vn -0.552563 0.791488 0.261191
vn 0.314647 0.901396 0.297461
vn -0.552563 0.791488 0.261191
vn 0.314647 0.901396 0.297461
vn 0.314647 0.901396 0.297461
vn -0.552563 0.791488 0.261191
vn 0.314647 0.901396 0.297461
vn 0.314647 0.901396 0.297461
vn 0.314647 0.901396 0.297461
vn 0.314647 0.901396 0.297461
vn 0.314647 0.901396 0.297461
vn -0.552563 0.791488 0.261191
vn -0.552563 0.791488 0.261191
vn 0.314647 0.901396 0.297461
vn -0.552563 0.791488 0.261191
vn 0.314647 0.901396 0.297461
vn 0.314647 0.901396 0.297461
vn -0.552563 0.791488 0.261191
vn 0.314647 0.901396 0.297461
vn 0.314647 0.901396 0.297461
vn 0.314647 0.901396 0.297461
vn 0.314647 0.901396 0.297461
vn 0.314647 0.901396 0.297461
vn -0.552563 0.791488 0.261191
vn -0.552563 0.791488 0.261191
vn 0.314647 0.901396 0.297461
vn -0.552563 0.791488 0.261191
vn 0.314647 0.901396 0.297461
vn 0.314647 0.901396 0.297461
vn -0.552563 0.791488 0.261191
vn 0.314647 0.901396 0.297461
vn 0.314647 0.901396 0.297461
vn 0.314647 0.901396 0.297461
vn 0.314647 0.901396 0.297461
vn 0.314647 0.901396 0.297461
vn -0.552563 0.791488 0.261191
vn -0.552563 0.791488 0.261191
vn 0.314647 0.901396 0.297461
vn -0.552563 0.791488 0.261191
vn 0.314647 0.901396 0.297461
vn 0.314647 0.901396 0.297461
vn -0.552563 0.791488 0.261191
vn 0.314647 0.901396 0.297461
vn 0.314647 0.901396 0.297461
vn 0.314647 0.901396 0.297461
vn 0.314647 0.901396 0.297461
vn 0.314647 0.901396 0.297461
vn -0.552563 0.791488 0.261191
vn -0.552563 0.791488 0.261191
vn 0.314647 0.901396 0.297461
vn -0.552563 0.791488 0.261191
vn 0.314647 0.901396 0.297461
vn 0.314647 0.901396 0.297461
vn -0.552563 0.791488 0.261191
vn 0.314647 0.901396 0.297461
vn 0.314647 0.901396 0.297461
vn 0.314647 0.901396 0.297461
vn 0.314647 0.901396 0.297461
vn 0.314647 0.901396 0.297461
vn -0.552563 0.791488 0.261191
vn -0.552563 0.791488 0.261191
vn 0.314647 0.901396 0.297461
vn -0.552563 0.791488 0.261191
vn 0.314647 0.901396 0.297461
vn 0.314647 0.901396 0.297461
vn -0.552563 0.791488 0.261191
vn 0.314647 0.901396 0.297461
vn 0.314647 0.901396 0.297461
vn 0.314647 0.901396 0.297461
vn 0.314647 0.901396 0.297461
vn 0.314647 0.901396 0.297461
vn -0.552563 0.791488 0.261191
vn -0.552563 0.791488 0.261191
vn 0.314647 0.901396 0.297461
vn -0.552563 0.791488 0.261191
vn 0.314647 0.901396 0.297461
vn 0.314647 0.901396 0.297461
vn -0.552563 0.791488 0.261191
vn 0.314647 0.901396 0.297461
vn 0.314647 0.901396 0.297461
vn 0.314647 0.901396 0.297461
vn 0.314647 0.901396 0.297461
vn 0.314647 0.901396 0.297461
vn -0.552563 0.791488 0.261191
vn -0.552563 0.791488 0.261191
vn 0.314647 0.901396 0.297461
vn -0.552563 0.791488 0.261191
vn 0.314647 0.901396 0.297461
vn 0.314647 0.901396 0.297461
vn -0.552563 0.791488 0.261191
vn 0.314647 0.901396 0.297461
vn 0.314647 0.901396 0.297461
vn 0.314647 0.901396 0.297461
vn 0.314647 0.901396 0.297461
vn 0.314647 0.901396 0.297461
vn -0.552563 0.791488 0.261191
vn -0.552563 0.791488 0.261191
vn 0.314647 0.901396 0.297461
vn -0.552563 0.791488 0.261191
vn 0.314647 0.901396 0.297461
vn 0.314647 0.901396 0.297461
vn -0.552563 0.791488 0.261191
vn 0.314647 0.901396 0.297461
vn 0.314647 0.901396 0.297461
vn 0.314647 0.901396 0.297461
vn 0.314647 0.901396 0.297461
vn 0.314647 0.901396 0.297461
vn -0.552563 0.791488 0.261191
vn -0.552563 0.791488 0.261191
vn 0.314647 0.901396 0.297461
vn -0.552563 0.791488 0.261191
vn 0.314647 0.901396 0.297461
vn 0.314647 0.901396 0.297461
vn -0.552563 0.791488 0.261191
vn 0.314647 0.901396 0.297461
vn 0.314647 0.901396 0.297461
vn 0.314647 0.901396 0.297461
vn 0.314647 0.901396 0.297461
vn 0.314647 0.901396 0.297461
vn -0.552563 0.791488 0.261191
vn -0.552563 0.791488 0.261191
vn 0.314647 0.901396 0.297461
vn -0.552563 0.791488 0.261191
vn 0.314647 0.901396 0.297461
vn 0.314647 0.901396 0.297461
vn -0.552563 0.791488 0.261191
vn 0.314647 0.901396 0.297461
vn 0.314647 0.901396 0.297461
vn 0.314647 0.901396 0.297461
vn 0.314647 0.901396 0.297461
vn 0.314647 0.901396 0.297461
vn -0.552563 0.791488 0.261191
vn -0.552563 0.791488 0.261191
vn 0.314647 0.901396 0.297461
vn -0.552563 0.791488 0.261191
vn 0.314647 0.901396 0.297461
vn 0.314647 0.901396 0.297461
vn -0.552563 0.791488 0.261191
vn 0.314647 0.901396 0.297461
vn 0.314647 0.901396 0.297461
vn 0.314647 0.901396 0.297461
vn 0.314647 0.901396 0.297461
vn 0.314647 0.901396 0.297461
vn -0.552563 0.791488 0.261191
vn -0.552563 0.791488 0.261191
vn 0.314647 0.901396 0.297461
vn -0.552563 0.791488 0.261191
vn 0.314647 0.901396 0.297461
vn 0.314647 0.901396 0.297461
vn -0.552563 0.791488 0.261191
vn 0.314647 0.901396 0.297461
vn 0.314647 0.901396 0.297461
vn 0.314647 0.901396 0.297461
vn 0.314647 0.901396 0.297461
vn 0.314647 0.901396 0.297461
vn -0.552563 0.791488 0.261191
vn -0.552563 0.791488 0.261191
vn 0.314647 0.901396 0.297461
vn -0.552563 0.791488 0.261191
vn 0.314647 0.901396 0.297461
vn 0.314647 0.901396 0.297461
vn -0.552563 0.791488 0.261191
vn 0.314647 0.901396 0.297461
vn 0.314647 0.901396 0.297461
vn 0.314647 0.901396 0.297461
vn 0.314647 0.901396 0.297461
vn 0.314647 0.901396 0.297461
vn -0.552563 0.791488 0.261191
vn -0.552563 0.791488 0.261191
vn 0.314647 0.901396 0.297461
vn -0.552563 0.791488 0.261191
vn 0.314647 0.901396 0.297461
vn 0.314647 0.901396 0.297461
vn -0.552563 0.791488 0.261191
vn 0.314647 0.901396 0.297461
vn 0.314647 0.901396 0.297461
vn 0.314647 0.901396 0.297461
vn 0.314647 0.901396 0.297461
vn 0.314647 0.901396 0.297461
vn -0.552563 0.791488 0.261191
vn -0.552563 0.791488 0.261191
vn 0.314647 0.901396 0.297461
vn -0.552563 0.791488 0.261191
vn 0.314647 0.901396 0.297461
vn 0.314647 0.901396 0.297461
vn -0.552563 0.791488 0.261191
vn 0.314647 0.901396 0.297461
vn 0.314647 0.901396 0.297461
vn 0.314647 0.901396 0.297461
vn 0.314647 0.901396 0.297461
vn 0.314647 0.901396 0.297461
vn -0.552563 0.791488 0.261191
vn -0.552563 0.791488 0.261191
vn 0.314647 0.901396 0.297461
vn -0.552563 0.791488 0.261191
vn 0.314647 0.901396 0.297461
vn 0.314647 0.901396 0.297461
vn -0.552563 0.791488 0.261191
vn 0.314647 0.901396 0.297461
vn 0.314647 0.901396 0.297461
vn 0.314647 0.901396 0.297461
vn 0.314647 0.901396 0.297461
vn 0.314647 0.901396 0.297461
vn -0.552563 0.791488 0.261191
vn -0.552563 0.791488 0.261191
vn 0.314647 0.901396 0.297461
vn -0.552563 0.791488 0.261191
vn 0.314647 0.901396 0.297461
vn 0.314647 0.901396 0.297461
vn -0.552563 0.791488 0.261191
vn 0.314647 0.901396 0.297461
vn 0.314647 0.901396 0.297461
vn 0.314647 0.901396 0.297461
vn 0.314647 0.901396 0.297461
vn 0.314647 0.901396 0.297461
vn -0.552563 0.791488 0.261191
vn -0.552563 0.791488 0.261191
vn 0.314647 0.901396 0.297461
vn -0.552563 0.791488 0.261191
vn 0.314647 0.901396 0.297461
vn 0.314647 0.901396 0.297461
vn -0.552563 0.791488 0.261191
vn 0.314647 0.901396 0.297461
vn 0.314647 0.901396 0.297461
vn 0.314647 0.901396 0.297461
vn 0.314647 0.901396 0.297461
vn 0.314647 0.901396 0.297461
vn -0.552563 0.791488 0.261191
vn -0.552563 0.791488 0.261191
vn 0.314647 0.901396 0.297461
vn -0.552563 0.791488 0.261191
vn 0.314647 0.901396 0.297461
vn 0.314647 0.901396 0.297461
vn -0.552563 0.791488 0.261191
vn 0.314647 0.901396 0.297461
vn 0.314647 0.901396 0.297461
vn 0.314647 0.901396 0.297461
vn 0.314647 0.901396 0.297461
vn 0.314647 0.901396 0.297461
vn -0.552563 0.791488 0.261191
vn -0.552563 0.791488 0.261191
vn 0.314647 0.901396 0.297461
vn -0.552563 0.791488 0.261191
vn 0.314647 0.901396 0.297461
vn 0.314647 0.901396 0.297461
vn -0.552563 0.791488 0.261191
vn 0.314647 0.901396 0.297461
vn 0.314647 0.901396 0.297461
vn 0.314647 0.901396 0.297461
vn 0.314647 0.901396 0.297461
vn 0.314647 0.901396 0.297461
vn -0.552563 0.791488 0.261191
vn -0.552563 0.791488 0.261191
vn 0.314647 0.901396 0.297461
vn -0.552563 0.791488 0.261191
vn 0.314647 0.901396 0.297461
vn 0.314647 0.901396 0.297461
vn -0.552563 0.791488 0.261191
vn 0.314647 0.901396 0.297461
vn 0.314647 0.901396 0.297461
vn 0.314647 0.901396 0.297461
vn 0.314647 0.901396 0.297461
vn 0.314647 0.901396 0.297461
vn -0.552563 0.791488 0.261191
vn -0.552563 0.791488 0.261191
vn 0.314647 0.901396 0.297461
vn -0.552563 0.791488 0.261191
vn 0.314647 0.901396 0.297461
vn 0.314647 0.901396 0.297461
vn -0.552563 0.791488 0.261191
vn 0.314647 0.901396 0.297461
vn 0.314647 0.901396 0.297461
vn 0.314647 0.901396 0.297461
vn 0.314647 0.901396 0.297461
vn 0.314647 0.901396 0.297461
vn -0.552563 0.791488 0.261191
vn -0.552563 0.791488 0.261191
vn 0.314647 0.901396 0.297461
vn -0.552563 0.791488 0.261191
vn 0.314647 0.901396 0.297461
vn 0.314647 0.901396 0.297461
vn -0.552563 0.791488 0.261191
vn 0.314647 0.901396 0.297461
vn 0.314647 0.901396 0.297461
vn 0.314647 0.901396 0.297461
vn 0.314647 0.901396 0.297461
vn 0.314647 0.901396 0.297461
vn -0.552563 0.791488 0.261191
vn -0.552563 0.791488 0.261191
vn 0.314647 0.901396 0.297461
vn -0.552563 0.791488 0.261191
vn 0.314647 0.901396 0.297461
vn 0.314647 0.901396 0.297461
vn -0.552563 0.791488 0.261191
vn 0.314647 0.901396 0.297461
vn 0.314647 0.901396 0.297461
vn 0.314647 0.901396 0.297461
vn 0.314647 0.901396 0.297461
vn 0.314647 0.901396 0.297461
vn -0.552563 0.791488 0.261191
vn -0.552563 0.791488 0.261191
vn 0.314647 0.901396 0.297461
vn -0.552563 0.791488 0.261191
vn 0.314647 0.901396 0.297461
vn 0.314647 0.901396 0.297461
vn -0.552563 0.791488 0.261191
vn 0.314647 0.901396 0.297461
vn 0.314647 0.901396 0.297461
vn 0.314647 0.901396 0.297461
vn 0.314647 0.901396 0.297461
vn 0.314647 0.901396 0.297461
vn -0.552563 0.791488 0.261191
vn -0.552563 0.791488 0.261191
vn 0.314647 0.901396 0.297461
vn -0.552563 0.791488 0.261191
vn 0.314647 0.901396 0.297461
vn 0.314647 0.901396 0.297461
vn -0.552563 0.791488 0.261191
vn 0.314647 0.901396 0.297461
vn 0.314647 0.901396 0.297461
vn 0.314647 0.901396 0.297461
vn 0.314647 0.901396 0.297461
vn 0.314647 0.901396 0.297461
vn -0.552563 0.791488 0.261191
vn -0.552563 0.791488 0.261191
vn 0.314647 0.901396 0.297461
vn -0.552563 0.791488 0.261191
vn 0.314647 0.901396 0.297461
vn 0.314647 0.901396 0.297461
vn -0.552563 0.791488 0.261191
vn 0.314647 0.901396 0.297461
vn 0.314647 0.901396 0.297461
vn 0.314647 0.901396 0.297461
vn 0.314647 0.901396 0.297461
vn 0.314647 0.901396 0.297461
vn -0.552563 0.791488 0.261191
vn -0.552563 0.791488 0.261191
vn 0.314647 0.901396 0.297461
vn -0.552563 0.791488 0.261191
vn 0.314647 0.901396 0.297461
vn 0.314647 0.901396 0.297461
vn -0.552563 0.791488 0.261191
vn 0.314647 0.901396 0.297461
vn 0.314647 0.901396 0.297461
vn 0.314647 0.901396 0.297461
vn 0.314647 0.901396 0.297461
vn 0.314647 0.901396 0.297461
vn -0.552563 0.791488 0.261191
vn -0.552563 0.791488 0.261191
vn 0.314647 0.901396 0.297461
vn -0.552563 0.791488 0.261191
vn 0.314647 0.901396 0.297461
vn 0.314647 0.901396 0.297461
vn -0.552563 0.791488 0.261191
vn 0.314647 0.901396 0.297461
vn 0.314647 0.901396 0.297461
vn 0.314647 0.901396 0.297461
vn 0.314647 0.901396 0.297461
vn 0.314647 0.901396 0.297461
vn -0.552563 0.791488 0.261191
vn -0.552563 0.791488 0.261191
vn 0.314647 0.901396 0.297461
vn -0.552563 0.791488 0.261191
vn 0.314647 0.901396 0.297461
vn 0.314647 0.901396 0.297461
vn -0.552563 0.791488 0.261191
vn 0.314647 0.901396 0.297461
vn 0.314647 0.901396 0.297461
vn 0.314647 0.901396 0.297461
vn 0.314647 0.901396 0.297461
vn 0.314647 0.901396 0.297461
vn -0.552563 0.791488 0.261191
vn -0.552563 0.791488 0.261191
vn 0.314647 0.901396 0.297461
vn -0.552563 0.791488 0.261191
vn 0.314647 0.901396 0.297461
vn 0.314647 0.901396 0.297461
vn -0.552563 0.791488 0.261191
vn 0.314647 0.901396 0.297461
vn 0.314647 0.901396 0.297461
vn 0.314647 0.901396 0.297461
vn 0.314647 0.901396 0.297461
vn 0.314647 0.901396 0.297461
vn -0.552563 0.791488 0.261191
vn -0.552563 0.791488 0.261191
vn 0.314647 0.901396 0.297461
vn -0.552563 0.791488 0.261191
vn 0.314647 0.901396 0.297461
vn 0.314647 0.901396 0.297461
vn -0.552563 0.791488 0.261191
vn 0.314647 0.901396 0.297461
vn 0.314647 0.901396 0.297461
vn 0.314647 0.901396 0.297461
vn 0.314647 0.901396 0.297461
vn 0.314647 0.901396 0.297461
vn -0.552563 0.791488 0.261191
vn -0.552563 0.791488 0.261191
vn 0.314647 0.901396 0.297461
vn -0.552563 0.791488 0.261191
vn 0.314647 0.901396 0.297461
vn 0.314647 0.901396 0.297461
vn -0.552563 0.791488 0.261191
vn 0.314647 0.901396 0.297461
vn 0.314647 0.901396 0.297461
vn 0.314647 0.901396 0.297461
vn 0.314647 0.901396 0.297461
vn 0.314647 0.901396 0.297461
vn -0.552563 0.791488 0.261191
vn -0.552563 0.791488 0.261191
vn 0.314647 0.901396 0.297461
vn -0.552563 0.791488 0.261191
vn 0.314647 0.901396 0.297461
vn 0.314647 0.901396 0.297461
vn -0.552563 0.791488 0.261191
vn 0.314647 0.901396 0.297461
vn 0.314647 0.901396 0.297461
vn 0.314647 0.901396 0.297461
vn 0.314647 0.901396 0.297461
vn 0.314647 0.901396 0.297461
vn -0.552563 0.791488 0.261191
vn -0.552563 0.791488 0.261191
vn 0.314647 0.901396 0.297461
vn -0.552563 0.791488 0.261191
vn 0.314647 0.901396 0.297461
vn 0.314647 0.901396 0.297461
vn -0.552563 0.791488 0.261191
vn 0.314647 0.901396 0.297461
vn 0.314647 0.901396 0.297461
vn 0.314647 0.901396 0.297461
vn 0.314647 0.901396 0.297461
vn 0.314647 0.901396 0.297461
vn -0.552563 0.791488 0.261191
vn -0.552563 0.791488 0.261191
vn 0.314647 0.901396 0.297461
vn -0.552563 0.791488 0.261191
vn 0.314647 0.901396 0.297461
vn 0.314647 0.901396 0.297461
vn -0.552563 0.791488 0.261191
vn 0.314647 0.901396 0.297461
vn 0.314647 0.901396 0.297461
vn 0.314647 0.901396 0.297461
vn 0.314647 0.901396 0.297461
vn 0.314647 0.901396 0.297461
vn -0.552563 0.791488 0.261191
vn -0.552563 0.791488 0.261191
vn 0.314647 0.901396 0.297461
vn -0.552563 0.791488 0.261191
vn 0.314647 0.901396 0.297461
vn 0.314647 0.901396 0.297461
vn -0.552563 0.791488 0.261191
vn 0.314647 0.901396 0.297461
vn 0.314647 0.901396 0.297461
vn 0.314647 0.901396 0.297461
vn 0.314647 0.901396 0.297461
vn 0.314647 0.901396 0.297461
vn -0.552563 0.791488 0.261191
vn -0.552563 0.791488 0.261191
vn 0.314647 0.901396 0.297461
vn -0.552563 0.791488 0.261191
vn 0.314647 0.901396 0.297461
vn 0.314647 0.901396 0.297461
vn -0.552563 0.791488 0.261191
vn 0.314647 0.901396 0.297461
vn 0.314647 0.901396 0.297461
vn 0.314647 0.901396 0.297461
vn 0.314647 0.901396 0.297461
vn 0.314647 0.901396 0.297461
vn -0.552563 0.791488 0.261191
vn -0.552563 0.791488 0.261191
vn 0.314647 0.901396 0.297461
vn -0.552563 0.791488 0.261191
vn 0.314647 0.901396 0.297461
vn 0.314647 0.901396 0.297461
vn -0.552563 0.791488 0.261191
vn 0.314647 0.901396 0.297461
vn 0.314647 0.901396 0.297461
vn 0.314647 0.901396 0.297461
vn 0.314647 0.901396 0.297461
vn 0.314647 0.901396 0.297461
vn -0.552563 0.791488 0.261191
vn -0.552563 0.791488 0.261191
vn 0.314647 0.901396 0.297461
vn -0.552563 0.791488 0.261191
vn 0.314647 0.901396 0.297461
vn 0.314647 0.901396 0.297461
vn -0.552563 0.791488 0.261191
vn 0.314647 0.901396 0.297461
vn 0.314647 0.901396 0.297461
vn 0.314647 0.901396 0.297461
vn 0.314647 0.901396 0.297461
vn 0.314647 0.901396 0.297461
vn -0.552563 0.791488 0.261191
vn -0.552563 0.791488 0.261191
vn 0.314647 0.901396 0.297461
vn -0.552563 0.791488 0.261191
vn 0.314647 0.901396 0.297461
vn 0.314647 0.901396 0.297461
vn -0.552563 0.791488 0.261191
vn 0.314647 0.901396 0.297461
vn 0.314647 0.901396 0.297461
vn 0.314647 0.901396 0.297461
vn 0.314647 0.901396 0.297461
vn 0.314647 0.901396 0.297461
vn -0.552563 0.791488 0.261191
vn -0.552563 0.791488 0.261191
vn 0.314647 0.901396 0.297461
vn -0.552563 0.791488 0.261191
vn 0.314647 0.901396 0.297461
vn 0.314647 0.901396 0.297461
vn -0.552563 0.791488 0.261191
vn 0.314647 0.901396 0.297461
vn 0.314647 0.901396 0.297461
vn 0.314647 0.901396 0.297461
vn 0.314647 0.901396 0.297461
vn 0.314647 0.901396 0.297461
vn -0.552563 0.791488 0.261191
vn -0.552563 0.791488 0.261191
vn 0.314647 0.901396 0.297461
vn -0.552563 0.791488 0.261191
vn 0.314647 0.901396 0.297461
vn 0.314647 0.901396 0.297461
vn -0.552563 0.791488 0.261191
vn 0.314647 0.901396 0.297461
vn 0.314647 0.901396 0.297461
vn 0.314647 0.901396 0.297461
vn 0.314647 0.901396 0.297461
vn 0.314647 0.901396 0.297461
vn -0.552563 0.791488 0.261191
vn -0.552563 0.791488 0.261191
vn 0.314647 0.901396 0.297461
vn -0.552563 0.791488 0.261191
vn 0.314647 0.901396 0.297461
vn 0.314647 0.901396 0.297461
vn -0.552563 0.791488 0.261191
vn 0.314647 0.901396 0.297461
vn 0.314647 0.901396 0.297461
vn 0.314647 0.901396 0.297461
vn 0.314647 0.901396 0.297461
vn 0.314647 0.901396 0.297461
vn -0.552563 0.791488 0.261191
vn -0.552563 0.791488 0.261191
vn 0.314647 0.901396 0.297461
vn -0.552563 0.791488 0.261191
vn 0.314647 0.901396 0.297461
vn 0.314647 0.901396 0.297461
vn -0.552563 0.791488 0.261191
vn 0.314647 0.901396 0.297461
vn 0.314647 0.901396 0.297461
vn 0.314647 0.901396 0.297461
vn 0.314647 0.901396 0.297461
vn 0.314647 0.901396 0.297461
vn -0.552563 0.791488 0.261191
vn -0.552563 0.791488 0.261191
vn 0.314647 0.901396 0.297461
vn -0.552563 0.791488 0.261191
vn 0.314647 0.901396 0.297461
vn 0.314647 0.901396 0.297461
vn -0.552563 0.791488 0.261191
vn 0.314647 0.901396 0.297461
vn 0.314647 0.901396 0.297461
vn 0.314647 0.901396 0.297461
vn 0.314647 0.901396 0.297461
vn 0.314647 0.901396 0.297461
vn -0.552563 0.791488 0.261191
vn -0.552563 0.791488 0.261191
vn 0.314647 0.901396 0.297461
vn -0.552563 0.791488 0.261191
vn 0.314647 0.901396 0.297461
vn 0.314647 0.901396 0.297461
vn -0.552563 0.791488 0.261191
vn 0.314647 0.901396 0.297461
vn 0.314647 0.901396 0.297461
vn 0.314647 0.901396 0.297461
vn 0.314647 0.901396 0.297461
vn 0.314647 0.901396 0.297461
vn -0.552563 0.791488 0.261191
vn -0.552563 0.791488 0.261191
vn 0.314647 0.901396 0.297461
vn -0.552563 0.791488 0.261191
vn 0.314647 0.901396 0.297461
vn 0.314647 0.901396 0.297461
vn -0.552563 0.791488 0.261191
vn 0.314647 0.901396 0.297461
vn 0.314647 0.901396 0.297461
vn 0.314647 0.901396 0.297461
vn 0.314647 0.901396 0.297461
vn 0.314647 0.901396 0.297461
vn -0.552563 0.791488 0.261191
vn -0.552563 0.791488 0.261191
vn 0.314647 0.901396 0.297461
vn -0.552563 0.791488 0.261191
vn 0.314647 0.901396 0.297461
vn 0.314647 0.901396 0.297461
vn -0.552563 0.791488 0.261191
vn 0.314647 0.901396 0.297461
vn 0.314647 0.901396 0.297461
vn 0.314647 0.901396 0.297461
vn 0.314647 0.901396 0.297461
vn 0.314647 0.901396 0.297461
vn -0.552563 0.791488 0.261191
vn -0.552563 0.791488 0.261191
vn 0.314647 0.901396 0.297461
vn -0.552563 0.791488 0.261191
vn 0.314647 0.901396 0.297461
vn 0.314647 0.901396 0.297461
vn -0.552563 0.791488 0.261191
vn 0.314647 0.901396 0.297461
vn 0.314647 0.901396 0.297461
vn 0.314647 0.901396 0.297461
vn 0.314647 0.901396 0.297461
vn 0.314647 0.901396 0.297461
vn -0.552563 0.791488 0.261191
vn -0.552563 0.791488 0.261191
vn 0.314647 0.901396 0.297461
vn -0.552563 0.791488 0.261191
vn 0.314647 0.901396 0.297461
vn 0.314647 0.901396 0.297461
vn -0.552563 0.791488 0.261191
vn 0.314647 0.901396 0.297461
vn 0.314647 0.901396 0.297461
vn 0.314647 0.901396 0.297461
vn 0.314647 0.901396 0.297461
vn 0.314647 0.901396 0.297461
vn -0.552563 0.791488 0.261191
vn -0.552563 0.791488 0.261191
vn 0.314647 0.901396 0.297461
vn -0.552563 0.791488 0.261191
vn 0.314647 0.901396 0.297461
vn 0.314647 0.901396 0.297461
vn -0.552563 0.791488 0.261191
vn 0.314647 0.901396 0.297461
vn 0.314647 0.901396 0.297461
vn 0.314647 0.901396 0.297461
vn 0.314647 0.901396 0.297461
vn 0.314647 0.901396 0.297461
vn -0.552563 0.791488 0.261191
vn -0.552563 0.791488 0.261191
vn 0.314647 0.901396 0.297461
vn -0.552563 0.791488 0.261191
vn 0.314647 0.901396 0.297461
vn 0.314647 0.901396 0.297461
vn -0.552563 0.791488 0.261191
vn 0.314647 0.901396 0.297461
vn 0.314647 0.901396 0.297461
vn 0.314647 0.901396 0.297461
vn 0.314647 0.901396 0.297461
vn 0.314647 0.901396 0.297461
vn -0.552563 0.791488 0.261191
vn -0.552563 0.791488 0.261191
vn 0.314647 0.901396 0.297461
vn -0.552563 0.791488 0.261191
vn 0.314647 0.901396 0.297461
vn 0.314647 0.901396 0.297461
vn -0.552563 0.791488 0.261191
vn 0.314647 0.901396 0.297461
vn 0.314647 0.901396 0.297461
vn 0.314647 0.901396 0.297461
vn 0.314647 0.901396 0.297461
vn 0.314647 0.901396 0.297461
vn -0.552563 0.791488 0.261191
vn -0.552563 0.791488 0.261191
vn 0.314647 0.901396 0.297461
vn -0.552563 0.791488 0.261191
vn 0.314647 0.901396 0.297461
vn 0.314647 0.901396 0.297461
vn -0.552563 0.791488 0.261191
vn 0.314647 0.901396 0.297461
vn 0.314647 0.901396 0.297461
vn 0.314647 0.901396 0.297461
vn 0.314647 0.901396 0.297461
vn 0.314647 0.901396 0.297461
vn -0.552563 0.791488 0.261191
vn -0.552563 0.791488 0.261191
vn 0.314647 0.901396 0.297461
vn -0.552563 0.791488 0.261191
vn 0.314647 0.901396 0.297461
vn 0.314647 0.901396 0.297461
vn -0.552563 0.791488 0.261191
vn 0.314647 0.901396 0.297461
vn 0.314647 0.901396 0.297461
vn 0.314647 0.901396 0.297461
vn 0.314647 0.901396 0.297461
vn 0.314647 0.901396 0.297461
vn -0.552563 0.791488 0.261191
vn -0.552563 0.791488 0.261191
vn 0.314647 0.901396 0.297461
vn -0.552563 0.791488 0.261191
vn 0.314647 0.901396 0.297461
vn 0.314647 0.901396 0.297461
vn -0.552563 0.791488 0.261191
vn 0.314647 0.901396 0.297461
vn 0.314647 0.901396 0.297461
vn 0.314647 0.901396 0.297461
vn 0.314647 0.901396 0.297461
vn 0.314647 0.901396 0.297461
vn -0.552563 0.791488 0.261191
vn -0.552563 0.791488 0.261191
vn 0.314647 0.901396 0.297461
vn -0.552563 0.791488 0.261191
vn 0.314647 0.901396 0.297461
vn 0.314647 0.901396 0.297461
vn -0.552563 0.791488 0.261191
vn 0.314647 0.901396 0.297461
vn 0.314647 0.901396 0.297461
vn 0.314647 0.901396 0.297461
vn 0.314647 0.901396 0.297461
vn 0.314647 0.901396 0.297461
vn -0.552563 0.791488 0.261191
vn -0.552563 0.791488 0.261191
vn 0.314647 0.901396 0.297461
vn -0.552563 0.791488 0.261191
vn 0.314647 0.901396 0.297461
vn 0.314647 0.901396 0.297461
vn -0.552563 0.791488 0.261191
vn 0.314647 0.901396 0.297461
vn 0.314647 0.901396 0.297461
vn 0.314647 0.901396 0.297461
vn 0.314647 0.901396 0.297461
vn 0.314647 0.901396 0.297461
vn -0.552563 0.791488 0.261191
vn -0.552563 0.791488 0.261191
vn 0.314647 0.901396 0.297461
vn -0.552563 0.791488 0.261191
vn 0.314647 0.901396 0.297461
vn 0.314647 0.901396 0.297461
vn -0.552563 0.791488 0.261191
vn 0.314647 0.901396 0.297461
vn 0.314647 0.901396 0.297461
vn 0.314647 0.901396 0.297461
vn 0.314647 0.901396 0.297461
vn 0.314647 0.901396 0.297461
vn -0.552563 0.791488 0.261191
vn -0.552563 0.791488 0.261191
vn 0.314647 0.901396 0.297461
vn -0.552563 0.791488 0.261191
vn 0.314647 0.901396 0.297461
vn 0.314647 0.901396 0.297461
vn -0.552563 0.791488 0.261191
vn 0.314647 0.901396 0.297461
vn 0.314647 0.901396 0.297461
vn 0.314647 0.901396 0.297461
vn 0.314647 0.901396 0.297461
vn 0.314647 0.901396 0.297461
vn -0.552563 0.791488 0.261191
vn -0.552563 0.791488 0.261191
vn 0.314647 0.901396 0.297461
vn -0.552563 0.791488 0.261191
vn 0.314647 0.901396 0.297461
vn 0.314647 0.901396 0.297461
vn -0.552563 0.791488 0.261191
vn 0.314647 0.901396 0.297461
vn 0.314647 0.901396 0.297461
vn 0.314647 0.901396 0.297461
vn 0.314647 0.901396 0.297461
vn 0.314647 0.901396 0.297461
vn -0.552563 0.791488 0.261191
vn -0.552563 0.791488 0.261191
vn 0.314647 0.901396 0.297461
vn -0.552563 0.791488 0.261191
vn 0.314647 0.901396 0.297461
vn 0.314647 0.901396 0.297461
vn -0.552563 0.791488 0.261191
vn 0.314647 0.901396 0.297461
vn 0.314647 0.901396 0.297461
vn 0.314647 0.901396 0.297461
vn 0.314647 0.901396 0.297461
vn 0.314647 0.901396 0.297461
vn -0.552563 0.791488 0.261191
vn -0.552563 0.791488 0.261191
vn 0.314647 0.901396 0.297461
vn -0.552563 0.791488 0.261191
vn 0.314647 0.901396 0.297461
vn 0.314647 0.901396 0.297461
vn -0.552563 0.791488 0.261191
vn 0.314647 0.901396 0.297461
vn 0.314647 0.901396 0.297461
vn 0.314647 0.901396 0.297461
vn 0.314647 0.901396 0.297461
vn 0.314647 0.901396 0.297461
vn -0.552563 0.791488 0.261191
vn -0.552563 0.791488 0.261191
vn 0.314647 0.901396 0.297461
vn -0.552563 0.791488 0.261191
vn 0.314647 0.901396 0.297461
vn 0.314647 0.901396 0.297461
vn -0.552563 0.791488 0.261191
vn 0.314647 0.901396 0.297461
vn 0.314647 0.901396 0.297461
vn 0.314647 0.901396 0.297461
vn 0.314647 0.901396 0.297461
vn 0.314647 0.901396 0.297461
vn -0.552563 0.791488 0.261191
vn -0.552563 0.791488 0.261191
vn 0.314647 0.901396 0.297461
vn -0.552563 0.791488 0.261191
vn 0.314647 0.901396 0.297461
vn 0.314647 0.901396 0.297461
vn -0.552563 0.791488 0.261191
vn 0.314647 0.901396 0.297461
vn 0.314647 0.901396 0.297461
vn 0.314647 0.901396 0.297461
vn 0.314647 0.901396 0.297461
vn 0.314647 0.901396 0.297461
vn -0.552563 0.791488 0.261191
vn -0.552563 0.791488 0.261191
vn 0.314647 0.901396 0.297461
vn -0.552563 0.791488 0.261191
vn 0.314647 0.901396 0.297461
vn 0.314647 0.901396 0.297461
vn -0.552563 0.791488 0.261191
vn 0.314647 0.901396 0.297461
vn 0.314647 0.901396 0.297461
vn 0.314647 0.901396 0.297461
vn 0.314647 0.901396 0.297461
vn 0.314647 0.901396 0.297461
vn -0.552563 0.791488 0.261191
vn -0.552563 0.791488 0.261191
vn 0.314647 0.901396 0.297461
vn -0.552563 0.791488 0.261191
vn 0.314647 0.901396 0.297461
vn 0.314647 0.901396 0.297461
vn -0.552563 0.791488 0.261191
vn 0.314647 0.901396 0.297461
vn 0.314647 0.901396 0.297461
vn 0.314647 0.901396 0.297461
vn 0.314647 0.901396 0.297461
vn 0.314647 0.901396 0.297461
vn -0.552563 0.791488 0.261191
vn -0.552563 0.791488 0.261191
vn 0.314647 0.901396 0.297461
vn -0.552563 0.791488 0.261191
vn 0.314647 0.901396 0.297461
vn 0.314647 0.901396 0.297461
vn -0.552563 0.791488 0.261191
vn 0.314647 0.901396 0.297461
vn 0.314647 0.901396 0.297461
vn 0.314647 0.901396 0.297461
vn 0.314647 0.901396 0.297461
vn 0.314647 0.901396 0.297461
vn -0.552563 0.791488 0.261191
vn -0.552563 0.791488 0.261191
vn 0.314647 0.901396 0.297461
vn -0.552563 0.791488 0.261191
vn 0.314647 0.901396 0.297461
vn 0.314647 0.901396 0.297461
vn -0.552563 0.791488 0.261191
vn 0.314647 0.901396 0.297461
vn 0.314647 0.901396 0.297461
vn 0.314647 0.901396 0.297461
vn 0.314647 0.901396 0.297461
vn 0.314647 0.901396 0.297461
vn -0.552563 0.791488 0.261191
vn -0.552563 0.791488 0.261191
vn 0.314647 0.901396 0.297461
vn -0.552563 0.791488 0.261191
vn 0.314647 0.901396 0.297461
vn 0.314647 0.901396 0.297461
vn -0.552563 0.791488 0.261191
vn 0.314647 0.901396 0.297461
vn 0.314647 0.901396 0.297461
vn 0.314647 0.901396 0.297461
vn 0.314647 0.901396 0.297461
vn 0.314647 0.901396 0.297461
vn -0.552563 0.791488 0.261191
vn -0.552563 0.791488 0.261191
vn 0.314647 0.901396 0.297461
vn -0.552563 0.791488 0.261191
vn 0.314647 0.901396 0.297461
vn 0.314647 0.901396 0.297461
vn -0.552563 0.791488 0.261191
vn 0.314647 0.901396 0.297461
vn 0.314647 0.901396 0.297461
vn 0.314647 0.901396 0.297461
vn 0.314647 0.901396 0.297461
vn 0.314647 0.901396 0.297461
vn -0.552563 0.791488 0.261191
vn -0.552563 0.791488 0.261191
vn 0.314647 0.901396 0.297461
vn -0.552563 0.791488 0.261191
vn 0.314647 0.901396 0.297461
vn 0.314647 0.901396 0.297461
vn -0.552563 0.791488 0.261191
vn 0.314647 0.901396 0.297461
vn 0.314647 0.901396 0.297461
vn 0.314647 0.901396 0.297461
vn 0.314647 0.901396 0.297461
vn 0.314647 0.901396 0.297461
vn -0.552563 0.791488 0.261191
vn -0.552563 0.791488 0.261191
vn 0.314647 0.901396 0.297461
vn -0.552563 0.791488 0.261191
vn 0.314647 0.901396 0.297461
vn 0.314647 0.901396 0.297461
vn -0.552563 0.791488 0.261191
vn 0.314647 0.901396 0.297461
vn 0.314647 0.901396 0.297461
vn 0.314647 0.901396 0.297461
vn 0.314647 0.901396 0.297461
vn 0.314647 0.901396 0.297461
vn -0.552563 0.791488 0.261191
vn -0.552563 0.791488 0.261191
vn 0.314647 0.901396 0.297461
vn -0.552563 0.791488 0.261191
vn 0.314647 0.901396 0.297461
vn 0.314647 0.901396 0.297461
vn -0.552563 0.791488 0.261191
vn 0.314647 0.901396 0.297461
vn 0.314647 0.901396 0.297461
vn 0.314647 0.901396 0.297461
vn 0.314647 0.901396 0.297461
vn 0.314647 0.901396 0.297461
vn -0.552563 0.791488 0.261191
vn -0.552563 0.791488 0.261191
vn 0.314647 0.901396 0.297461
vn -0.552563 0.791488 0.261191
vn 0.314647 0.901396 0.297461
vn 0.314647 0.901396 0.297461
vn -0.552563 0.791488 0.261191
vn 0.314647 0.901396 0.297461
vn 0.314647 0.901396 0.297461
vn 0.314647 0.901396 0.297461
vn 0.314647 0.901396 0.297461
vn 0.314647 0.901396 0.297461
vn -0.552563 0.791488 0.261191
vn -0.552563 0.791488 0.261191
vn 0.314647 0.901396 0.297461
vn -0.552563 0.791488 0.261191
vn 0.314647 0.901396 0.297461
vn 0.314647 0.901396 0.297461
vn -0.552563 0.791488 0.261191
vn 0.314647 0.901396 0.297461
vn 0.314647 0.901396 0.297461
vn 0.314647 0.901396 0.297461
vn 0.314647 0.901396 0.297461
vn 0.314647 0.901396 0.297461
vn -0.552563 0.791488 0.261191
vn -0.552563 0.791488 0.261191
vn 0.314647 0.901396 0.297461
vn -0.552563 0.791488 0.261191
vn 0.314647 0.901396 0.297461
vn 0.314647 0.901396 0.297461
vn -0.552563 0.791488 0.261191
vn 0.314647 0.901396 0.297461
vn 0.314647 0.901396 0.297461
vn 0.314647 0.901396 0.297461
vn 0.314647 0.901396 0.297461
vn 0.314647 0.901396 0.297461
vn -0.552563 0.791488 0.261191
vn -0.552563 0.791488 0.261191
vn 0.314647 0.901396 0.297461
vn -0.552563 0.791488 0.261191
vn 0.314647 0.901396 0.297461
vn 0.314647 0.901396 0.297461
vn -0.552563 0.791488 0.261191
vn 0.314647 0.901396 0.297461
vn 0.314647 0.901396 0.297461
vn 0.314647 0.901396 0.297461
vn 0.314647 0.901396 0.297461
vn 0.314647 0.901396 0.297461
vn -0.552563 0.791488 0.261191
vn -0.552563 0.791488 0.261191
vn 0.314647 0.901396 0.297461
vn -0.552563 0.791488 0.261191
vn 0.314647 0.901396 0.297461
vn 0.314647 0.901396 0.297461
vn -0.552563 0.791488 0.261191
vn 0.314647 0.901396 0.297461
vn 0.314647 0.901396 0.297461
vn 0.314647 0.901396 0.297461
vn 0.314647 0.901396 0.297461
vn 0.314647 0.901396 0.297461
vn -0.552563 0.791488 0.261191
vn -0.552563 0.791488 0.261191
vn 0.314647 0.901396 0.297461
vn -0.552563 0.791488 0.261191
vn 0.314647 0.901396 0.297461
vn 0.314647 0.901396 0.297461
vn -0.552563 0.791488 0.261191
vn 0.314647 0.901396 0.297461
vn 0.314647 0.901396 0.297461
vn 0.314647 0.901396 0.297461
vn 0.314647 0.901396 0.297461
vn 0.314647 0.901396 0.297461
vn -0.552563 0.791488 0.261191
vn -0.552563 0.791488 0.261191
vn 0.314647 0.901396 0.297461
vn -0.552563 0.791488 0.261191
vn 0.314647 0.901396 0.297461
vn 0.314647 0.901396 0.297461
vn -0.552563 0.791488 0.261191
vn 0.314647 0.901396 0.297461
vn 0.314647 0.901396 0.297461
vn 0.314647 0.901396 0.297461
vn 0.314647 0.901396 0.297461
vn 0.314647 0.901396 0.297461
vn -0.552563 0.791488 0.261191
vn -0.552563 0.791488 0.261191
vn 0.314647 0.901396 0.297461
vn -0.552563 0.791488 0.261191
vn 0.314647 0.901396 0.297461
vn 0.314647 0.901396 0.297461
vn -0.552563 0.791488 0.261191
vn 0.314647 0.901396 0.297461
vn 0.314647 0.901396 0.297461
vn 0.314647 0.901396 0.297461
vn 0.314647 0.901396 0.297461
vn 0.314647 0.901396 0.297461
vn -0.552563 0.791488 0.261191
vn -0.552563 0.791488 0.261191
vn 0.314647 0.901396 0.297461
vn -0.552563 0.791488 0.261191
vn 0.314647 0.901396 0.297461
vn 0.314647 0.901396 0.297461
vn -0.552563 0.791488 0.261191
vn 0.314647 0.901396 0.297461
vn 0.314647 0.901396 0.297461
vn 0.314647 0.901396 0.297461
vn 0.314647 0.901396 0.297461
vn 0.314647 0.901396 0.297461
vn -0.552563 0.791488 0.261191
vn -0.552563 0.791488 0.261191
vn 0.314647 0.901396 0.297461
vn -0.552563 0.791488 0.261191
vn 0.314647 0.901396 0.297461
vn 0.314647 0.901396 0.297461
vn -0.552563 0.791488 0.261191
vn 0.314647 0.901396 0.297461
vn 0.314647 0.901396 0.297461
vn 0.314647 0.901396 0.297461
vn 0.314647 0.901396 0.297461
vn 0.314647 0.901396 0.297461
vn -0.552563 0.791488 0.261191
vn -0.552563 0.791488 0.261191
vn 0.314647 0.901396 0.297461
vn -0.552563 0.791488 0.261191
vn 0.314647 0.901396 0.297461
vn 0.314647 0.901396 0.297461
vn -0.552563 0.791488 0.261191
vn 0.314647 0.901396 0.297461
vn 0.314647 0.901396 0.297461
vn 0.314647 0.901396 0.297461
vn 0.314647 0.901396 0.297461
vn 0.314647 0.901396 0.297461
vn -0.552563 0.791488 0.261191
vn -0.552563 0.791488 0.261191
vn 0.314647 0.901396 0.297461
vn -0.552563 0.791488 0.261191
vn 0.314647 0.901396 0.297461
vn 0.314647 0.901396 0.297461
vn -0.552563 0.791488 0.261191
vn 0.314647 0.901396 0.297461
vn 0.314647 0.901396 0.297461
vn 0.314647 0.901396 0.297461
vn 0.314647 0.901396 0.297461
vn 0.314647 0.901396 0.297461
vn -0.552563 0.791488 0.261191
vn -0.552563 0.791488 0.261191
vn 0.314647 0.901396 0.297461
vn -0.552563 0.791488 0.261191
vn 0.314647 0.901396 0.297461
vn 0.314647 0.901396 0.297461
vn -0.552563 0.791488 0.261191
vn 0.314647 0.901396 0.297461
vn 0.314647 0.901396 0.297461
vn 0.314647 0.901396 0.297461
vn 0.314647 0.901396 0.297461
vn 0.314647 0.901396 0.297461
vn -0.552563 0.791488 0.261191
vn -0.552563 0.791488 0.261191
vn 0.314647 0.901396 0.297461
vn -0.552563 0.791488 0.261191
vn 0.314647 0.901396 0.297461
vn 0.314647 0.901396 0.297461
vn -0.552563 0.791488 0.261191
vn 0.314647 0.901396 0.297461
vn 0.314647 0.901396 0.297461
vn 0.314647 0.901396 0.297461
vn 0.314647 0.901396 0.297461
vn 0.314647 0.901396 0.297461
vn -0.552563 0.791488 0.261191
vn -0.552563 0.791488 0.261191
vn 0.314647 0.901396 0.297461
vn -0.552563 0.791488 0.261191
vn 0.314647 0.901396 0.297461
vn 0.314647 0.901396 0.297461
vn -0.552563 0.791488 0.261191
vn 0.314647 0.901396 0.297461
vn 0.314647 0.901396 0.297461
vn 0.314647 0.901396 0.297461
vn 0.314647 0.901396 0.297461
vn 0.314647 0.901396 0.297461
vn -0.552563 0.791488 0.261191
vn -0.552563 0.791488 0.261191
vn 0.314647 0.901396 0.297461
vn -0.552563 0.791488 0.261191
vn 0.314647 0.901396 0.297461
vn 0.314647 0.901396 0.297461
vn -0.552563 0.791488 0.261191
vn 0.314647 0.901396 0.297461
vn 0.314647 0.901396 0.297461
vn 0.314647 0.901396 0.297461
vn 0.314647 0.901396 0.297461
vn 0.314647 0.901396 0.297461
vn -0.552563 0.791488 0.261191
vn -0.552563 0.791488 0.261191
vn 0.314647 0.901396 0.297461
vn -0.552563 0.791488 0.261191
vn 0.314647 0.901396 0.297461
vn 0.314647 0.901396 0.297461
vn -0.552563 0.791488 0.261191
vn 0.314647 0.901396 0.297461
vn 0.314647 0.901396 0.297461
vn 0.314647 0.901396 0.297461
vn 0.314647 0.901396 0.297461
vn 0.314647 0.901396 0.297461
vn -0.552563 0.791488 0.261191
vn -0.552563 0.791488 0.261191
vn 0.314647 0.901396 0.297461
vn -0.552563 0.791488 0.261191
vn 0.314647 0.901396 0.297461
vn 0.314647 0.901396 0.297461
vn -0.552563 0.791488 0.261191
vn 0.314647 0.901396 0.297461
vn 0.314647 0.901396 0.297461
vn 0.314647 0.901396 0.297461
vn 0.314647 0.901396 0.297461
vn 0.314647 0.901396 0.297461
vn -0.552563 0.791488 0.261191
vn -0.552563 0.791488 0.261191
vn 0.314647 0.901396 0.297461
vn -0.552563 0.791488 0.261191
vn 0.314647 0.901396 0.297461
vn 0.314647 0.901396 0.297461
vn -0.552563 0.791488 0.261191
vn 0.314647 0.901396 0.297461
vn 0.314647 0.901396 0.297461
vn 0.314647 0.901396 0.297461
vn 0.314647 0.901396 0.297461
vn 0.314647 0.901396 0.297461
vn -0.552563 0.791488 0.261191
vn -0.552563 0.791488 0.261191
vn 0.314647 0.901396 0.297461
vn -0.552563 0.791488 0.261191
vn 0.314647 0.901396 0.297461
vn 0.314647 0.901396 0.297461
vn -0.552563 0.791488 0.261191
vn 0.314647 0.901396 0.297461
vn 0.314647 0.901396 0.297461
vn 0.314647 0.901396 0.297461
vn 0.314647 0.901396 0.297461
vn 0.314647 0.901396 0.297461
vn -0.552563 0.791488 0.261191
vn -0.552563 0.791488 0.261191
vn 0.314647 0.901396 0.297461
vn -0.552563 0.791488 0.261191
vn 0.314647 0.901396 0.297461
vn 0.314647 0.901396 0.297461
vn -0.552563 0.791488 0.261191
vn 0.314647 0.901396 0.297461
vn 0.314647 0.901396 0.297461
vn 0.314647 0.901396 0.297461
vn 0.314647 0.901396 0.297461
vn 0.314647 0.901396 0.297461
vn -0.552563 0.791488 0.261191
vn -0.552563 0.791488 0.261191
vn 0.314647 0.901396 0.297461
vn -0.552563 0.791488 0.261191
vn 0.314647 0.901396 0.297461
vn 0.314647 0.901396 0.297461
vn -0.552563 0.791488 0.261191
vn 0.314647 0.901396 0.297461
vn 0.314647 0.901396 0.297461
vn 0.314647 0.901396 0.297461
vn 0.314647 0.901396 0.297461
vn 0.314647 0.901396 0.297461
vn -0.552563 0.791488 0.261191
vn -0.552563 0.791488 0.261191
vn 0.314647 0.901396 0.297461
vn -0.552563 0.791488 0.261191
vn 0.314647 0.901396 0.297461
vn 0.314647 0.901396 0.297461
vn -0.552563 0.791488 0.261191
vn 0.314647 0.901396 0.297461
vn 0.314647 0.901396 0.297461
vn 0.314647 0.901396 0.297461
vn 0.314647 0.901396 0.297461
vn 0.314647 0.901396 0.297461
vn -0.552563 0.791488 0.261191
vn -0.552563 0.791488 0.261191
vn 0.314647 0.901396 0.297461
vn -0.552563 0.791488 0.261191
vn 0.314647 0.901396 0.297461
vn 0.314647 0.901396 0.297461
vn -0.552563 0.791488 0.261191
vn 0.314647 0.901396 0.297461
vn 0.314647 0.901396 0.297461
vn 0.314647 0.901396 0.297461
vn 0.314647 0.901396 0.297461
vn 0.314647 0.901396 0.297461
vn -0.552563 0.791488 0.261191
vn -0.552563 0.791488 0.261191
vn 0.314647 0.901396 0.297461
vn -0.552563 0.791488 0.261191
vn 0.314647 0.901396 0.297461
vn 0.314647 0.901396 0.297461
vn -0.552563 0.791488 0.261191
vn 0.314647 0.901396 0.297461
vn 0.314647 0.901396 0.297461
vn 0.314647 0.901396 0.297461
vn 0.314647 0.901396 0.297461
vn 0.314647 0.901396 0.297461
vn -0.552563 0.791488 0.261191
vn -0.552563 0.791488 0.261191
vn 0.314647 0.901396 0.297461
vn -0.552563 0.791488 0.261191
vn 0.314647 0.901396 0.297461
vn 0.314647 0.901396 0.297461
vn -0.552563 0.791488 0.261191
vn 0.314647 0.901396 0.297461
vn 0.314647 0.901396 0.297461
vn 0.314647 0.901396 0.297461
vn 0.314647 0.901396 0.297461
vn 0.314647 0.901396 0.297461
vn -0.552563 0.791488 0.261191
vn -0.552563 0.791488 0.261191
vn 0.314647 0.901396 0.297461
vn -0.552563 0.791488 0.261191
vn 0.314647 0.901396 0.297461
vn 0.314647 0.901396 0.297461
vn -0.552563 0.791488 0.261191
vn 0.314647 0.901396 0.297461
vn 0.314647 0.901396 0.297461
vn 0.314647 0.901396 0.297461
vn 0.314647 0.901396 0.297461
vn 0.314647 0.901396 0.297461
vn -0.552563 0.791488 0.261191
vn -0.552563 0.791488 0.261191
vn 0.314647 0.901396 0.297461
vn -0.552563 0.791488 0.261191
vn 0.314647 0.901396 0.297461
vn 0.314647 0.901396 0.297461
vn -0.552563 0.791488 0.261191
vn 0.314647 0.901396 0.297461
vn 0.314647 0.901396 0.297461
vn 0.314647 0.901396 0.297461
vn 0.314647 0.901396 0.297461
vn 0.314647 0.901396 0.297461
vn -0.552563 0.791488 0.261191
vn -0.552563 0.791488 0.261191
vn 0.314647 0.901396 0.297461
vn -0.552563 0.791488 0.261191
vn 0.314647 0.901396 0.297461
vn 0.314647 0.901396 0.297461
vn -0.552563 0.791488 0.261191
vn 0.314647 0.901396 0.297461
vn 0.314647 0.901396 0.297461
vn 0.314647 0.901396 0.297461
vn 0.314647 0.901396 0.297461
vn 0.314647 0.901396 0.297461
vn -0.552563 0.791488 0.261191
vn -0.552563 0.791488 0.261191
vn 0.314647 0.901396 0.297461
vn -0.552563 0.791488 0.261191
vn 0.314647 0.901396 0.297461
vn 0.314647 0.901396 0.297461
vn -0.552563 0.791488 0.261191
vn 0.314647 0.901396 0.297461
vn 0.314647 0.901396 0.297461
vn 0.314647 0.901396 0.297461
vn 0.314647 0.901396 0.297461
vn 0.314647 0.901396 0.297461
vn -0.552563 0.791488 0.261191
vn -0.552563 0.791488 0.261191
vn 0.314647 0.901396 0.297461
vn -0.552563 0.791488 0.261191
vn 0.314647 0.901396 0.297461
vn 0.314647 0.901396 0.297461
vn -0.552563 0.791488 0.261191
vn 0.314647 0.901396 0.297461
vn 0.314647 0.901396 0.297461
vn 0.314647 0.901396 0.297461
vn 0.314647 0.901396 0.297461
vn 0.314647 0.901396 0.297461
vn -0.552563 0.791488 0.261191
vn -0.552563 0.791488 0.261191
vn 0.314647 0.901396 0.297461
vn -0.552563 0.791488 0.261191
vn 0.314647 0.901396 0.297461
vn 0.314647 0.901396 0.297461
vn -0.552563 0.791488 0.261191
vn 0.314647 0.901396 0.297461
vn 0.314647 0.901396 0.297461
vn 0.314647 0.901396 0.297461
vn 0.314647 0.901396 0.297461
vn 0.314647 0.901396 0.297461
vn -0.552563 0.791488 0.261191
vn -0.552563 0.791488 0.261191
vn 0.314647 0.901396 0.297461
vn -0.552563 0.791488 0.261191
vn 0.314647 0.901396 0.297461
vn 0.314647 0.901396 0.297461
vn -0.552563 0.791488 0.261191
vn 0.314647 0.901396 0.297461
vn 0.314647 0.901396 0.297461
vn 0.314647 0.901396 0.297461
vn 0.314647 0.901396 0.297461
vn 0.314647 0.901396 0.297461
vn -0.552563 0.791488 0.261191
vn -0.552563 0.791488 0.261191
vn 0.314647 0.901396 0.297461
vn -0.552563 0.791488 0.261191
vn 0.314647 0.901396 0.297461
vn 0.314647 0.901396 0.297461
vn -0.552563 0.791488 0.261191
vn 0.314647 0.901396 0.297461
vn 0.314647 0.901396 0.297461
vn 0.314647 0.901396 0.297461
vn 0.314647 0.901396 0.297461
vn 0.314647 0.901396 0.297461
vn -0.552563 0.791488 0.261191
vn -0.552563 0.791488 0.261191
vn 0.314647 0.901396 0.297461
vn -0.552563 0.791488 0.261191
vn 0.314647 0.901396 0.297461
vn 0.314647 0.901396 0.297461
vn -0.552563 0.791488 0.261191
vn 0.314647 0.901396 0.297461
vn 0.314647 0.901396 0.297461
vn 0.314647 0.901396 0.297461
vn 0.314647 0.901396 0.297461
vn 0.314647 0.901396 0.297461
vn -0.552563 0.791488 0.261191
vn -0.552563 0.791488 0.261191
vn 0.314647 0.901396 0.297461
vn -0.552563 0.791488 0.261191
vn 0.314647 0.901396 0.297461
vn 0.314647 0.901396 0.297461
vn -0.552563 0.791488 0.261191
vn 0.314647 0.901396 0.297461
vn 0.314647 0.901396 0.297461
vn 0.314647 0.901396 0.297461
vn 0.314647 0.901396 0.297461
vn 0.314647 0.901396 0.297461
vn -0.552563 0.791488 0.261191
vn -0.552563 0.791488 0.261191
vn 0.314647 0.901396 0.297461
vn -0.552563 0.791488 0.261191
vn 0.314647 0.901396 0.297461
vn 0.314647 0.901396 0.297461
vn -0.552563 0.791488 0.261191
vn 0.314647 0.901396 0.297461
vn 0.314647 0.901396 0.297461
vn 0.314647 0.901396 0.297461
vn 0.314647 0.901396 0.297461
vn 0.314647 0.901396 0.297461
vn -0.552563 0.791488 0.261191
vn -0.552563 0.791488 0.261191
vn 0.314647 0.901396 0.297461
vn -0.552563 0.791488 0.261191
vn 0.314647 0.901396 0.297461
vn 0.314647 0.901396 0.297461
vn -0.552563 0.791488 0.261191
vn 0.314647 0.901396 0.297461
vn 0.314647 0.901396 0.297461
vn 0.314647 0.901396 0.297461
vn 0.314647 0.901396 0.297461
vn 0.314647 0.901396 0.297461
vn -0.552563 0.791488 0.261191
vn -0.552563 0.791488 0.261191
vn 0.314647 0.901396 0.297461
vn -0.552563 0.791488 0.261191
vn 0.314647 0.901396 0.297461
vn 0.314647 0.901396 0.297461
vn -0.552563 0.791488 0.261191
vn 0.314647 0.901396 0.297461
vn 0.314647 0.901396 0.297461
vn 0.314647 0.901396 0.297461
vn 0.314647 0.901396 0.297461
vn 0.314647 0.901396 0.297461
vn -0.552563 0.791488 0.261191
vn -0.552563 0.791488 0.261191
vn 0.314647 0.901396 0.297461
vn -0.552563 0.791488 0.261191
vn 0.314647 0.901396 0.297461
vn 0.314647 0.901396 0.297461
vn -0.552563 0.791488 0.261191
vn 0.314647 0.901396 0.297461
vn 0.314647 0.901396 0.297461
vn 0.314647 0.901396 0.297461
vn 0.314647 0.901396 0.297461
vn 0.314647 0.901396 0.297461
vn -0.552563 0.791488 0.261191
vn -0.552563 0.791488 0.261191
vn 0.314647 0.901396 0.297461
vn -0.552563 0.791488 0.261191
vn 0.314647 0.901396 0.297461
vn 0.314647 0.901396 0.297461
vn -0.552563 0.791488 0.261191
vn 0.314647 0.901396 0.297461
vn 0.314647 0.901396 0.297461
vn 0.314647 0.901396 0.297461
vn 0.314647 0.901396 0.297461
vn 0.314647 0.901396 0.297461
vn -0.552563 0.791488 0.261191
vn -0.552563 0.791488 0.261191
vn 0.314647 0.901396 0.297461
vn -0.552563 0.791488 0.261191
vn 0.314647 0.901396 0.297461
vn 0.314647 0.901396 0.297461
vn -0.552563 0.791488 0.261191
vn 0.314647 0.901396 0.297461
vn 0.314647 0.901396 0.297461
vn 0.314647 0.901396 0.297461
vn 0.314647 0.901396 0.297461
vn 0.314647 0.901396 0.297461
vn -0.552563 0.791488 0.261191
vn -0.552563 0.791488 0.261191
vn 0.314647 0.901396 0.297461
vn -0.552563 0.791488 0.261191
vn 0.314647 0.901396 0.297461
vn 0.314647 0.901396 0.297461
vn -0.552563 0.791488 0.261191
vn 0.314647 0.901396 0.297461
vn 0.314647 0.901396 0.297461
vn 0.314647 0.901396 0.297461
vn 0.314647 0.901396 0.297461
vn 0.314647 0.901396 0.297461
vn -0.552563 0.791488 0.261191
vn -0.552563 0.791488 0.261191
vn 0.314647 0.901396 0.297461
vn -0.552563 0.791488 0.261191
vn 0.314647 0.901396 0.297461
vn 0.314647 0.901396 0.297461
vn -0.552563 0.791488 0.261191
vn 0.314647 0.901396 0.297461
vn 0.314647 0.901396 0.297461
vn 0.314647 0.901396 0.297461
vn 0.314647 0.901396 0.297461
vn 0.314647 0.901396 0.297461
vn -0.552563 0.791488 0.261191
vn -0.552563 0.791488 0.261191
vn 0.314647 0.901396 0.297461
vn -0.552563 0.791488 0.261191
vn 0.314647 0.901396 0.297461
vn 0.314647 0.901396 0.297461
vn -0.552563 0.791488 0.261191
vn 0.314647 0.901396 0.297461
vn 0.314647 0.901396 0.297461
vn 0.314647 0.901396 0.297461
vn 0.314647 0.901396 0.297461
vn 0.314647 0.901396 0.297461
vn -0.552563 0.791488 0.261191
vn -0.552563 0.791488 0.261191
vn 0.314647 0.901396 0.297461
vn -0.552563 0.791488 0.261191
vn 0.314647 0.901396 0.297461
vn 0.314647 0.901396 0.297461
vn -0.552563 0.791488 0.261191
vn 0.314647 0.901396 0.297461
vn 0.314647 0.901396 0.297461
vn 0.314647 0.901396 0.297461
vn 0.314647 0.901396 0.297461
vn 0.314647 0.901396 0.297461
vn -0.552563 0.791488 0.261191
vn -0.552563 0.791488 0.261191
vn 0.314647 0.901396 0.297461
vn -0.552563 0.791488 0.261191
vn 0.314647 0.901396 0.297461
vn 0.314647 0.901396 0.297461
vn -0.552563 0.791488 0.261191
vn 0.314647 0.901396 0.297461
vn 0.314647 0.901396 0.297461
vn 0.314647 0.901396 0.297461
vn 0.314647 0.901396 0.297461
vn 0.314647 0.901396 0.297461
vn -0.552563 0.791488 0.261191
vn -0.552563 0.791488 0.261191
vn 0.314647 0.901396 0.297461
vn -0.552563 0.791488 0.261191
vn 0.314647 0.901396 0.297461
vn 0.314647 0.901396 0.297461
vn -0.552563 0.791488 0.261191
vn 0.314647 0.901396 0.297461
vn 0.314647 0.901396 0.297461
vn 0.314647 0.901396 0.297461
vn 0.314647 0.901396 0.297461
vn 0.314647 0.901396 0.297461
vn -0.552563 0.791488 0.261191
vn -0.552563 0.791488 0.261191
vn 0.314647 0.901396 0.297461
vn -0.552563 0.791488 0.261191
vn 0.314647 0.901396 0.297461
vn 0.314647 0.901396 0.297461
vn -0.552563 0.791488 0.261191
vn 0.314647 0.901396 0.297461
vn 0.314647 0.901396 0.297461
vn 0.314647 0.901396 0.297461
vn 0.314647 0.901396 0.297461
vn 0.314647 0.901396 0.297461
vn -0.552563 0.791488 0.261191
vn -0.552563 0.791488 0.261191
vn 0.314647 0.901396 0.297461
vn -0.552563 0.791488 0.261191
vn 0.314647 0.901396 0.297461
vn 0.314647 0.901396 0.297461
vn -0.552563 0.791488 0.261191
vn 0.314647 0.901396 0.297461
vn 0.314647 0.901396 0.297461
vn 0.314647 0.901396 0.297461
vn 0.314647 0.901396 0.297461
vn 0.314647 0.901396 0.297461
vn -0.552563 0.791488 0.261191
vn -0.552563 0.791488 0.261191
vn 0.314647 0.901396 0.297461
vn -0.552563 0.791488 0.261191
vn 0.314647 0.901396 0.297461
vn 0.314647 0.901396 0.297461
vn -0.552563 0.791488 0.261191
vn 0.314647 0.901396 0.297461
vn 0.314647 0.901396 0.297461
vn 0.314647 0.901396 0.297461
vn 0.314647 0.901396 0.297461
vn 0.314647 0.901396 0.297461
vn -0.552563 0.791488 0.261191
vn -0.552563 0.791488 0.261191
vn 0.314647 0.901396 0.297461
vn -0.552563 0.791488 0.261191
vn 0.314647 0.901396 0.297461
vn 0.314647 0.901396 0.297461
vn -0.552563 0.791488 0.261191
vn 0.314647 0.901396 0.297461
vn 0.314647 0.901396 0.297461
vn 0.314647 0.901396 0.297461
vn 0.314647 0.901396 0.297461
vn 0.314647 0.901396 0.297461
vn -0.552563 0.791488 0.261191
vn -0.552563 0.791488 0.261191
vn 0.314647 0.901396 0.297461
vn -0.552563 0.791488 0.261191
vn 0.314647 0.901396 0.297461
vn 0.314647 0.901396 0.297461
vn -0.552563 0.791488 0.261191
vn 0.314647 0.901396 0.297461
vn 0.314647 0.901396 0.297461
vn 0.314647 0.901396 0.297461
vn 0.314647 0.901396 0.297461
vn 0.314647 0.901396 0.297461
vn -0.552563 0.791488 0.261191
vn -0.552563 0.791488 0.261191
vn 0.314647 0.901396 0.297461
vn -0.552563 0.791488 0.261191
vn 0.314647 0.901396 0.297461
vn 0.314647 0.901396 0.297461
vn -0.552563 0.791488 0.261191
vn 0.314647 0.901396 0.297461
vn 0.314647 0.901396 0.297461
vn 0.314647 0.901396 0.297461
vn 0.314647 0.901396 0.297461
vn 0.314647 0.901396 0.297461
vn -0.552563 0.791488 0.261191
vn -0.552563 0.791488 0.261191
vn 0.314647 0.901396 0.297461
vn -0.552563 0.791488 0.261191
vn 0.314647 0.901396 0.297461
vn 0.314647 0.901396 0.297461
vn -0.552563 0.791488 0.261191
vn 0.314647 0.901396 0.297461
vn 0.314647 0.901396 0.297461
vn 0.314647 0.901396 0.297461
vn 0.314647 0.901396 0.297461
vn 0.314647 0.901396 0.297461
vn -0.552563 0.791488 0.261191
vn -0.552563 0.791488 0.261191
vn 0.314647 0.901396 0.297461
vn -0.552563 0.791488 0.261191
vn 0.314647 0.901396 0.297461
vn 0.314647 0.901396 0.297461
vn -0.552563 0.791488 0.261191
vn 0.314647 0.901396 0.297461
vn 0.314647 0.901396 0.297461
vn 0.314647 0.901396 0.297461
vn 0.314647 0.901396 0.297461
vn 0.314647 0.901396 0.297461
vn -0.552563 0.791488 0.261191
vn -0.552563 0.791488 0.261191
vn 0.314647 0.901396 0.297461
vn -0.552563 0.791488 0.261191
vn 0.314647 0.901396 0.297461
vn 0.314647 0.901396 0.297461
vn -0.552563 0.791488 0.261191
vn 0.314647 0.901396 0.297461
vn 0.314647 0.901396 0.297461
vn 0.314647 0.901396 0.297461
vn 0.314647 0.901396 0.297461
vn 0.314647 0.901396 0.297461
vn -0.552563 0.791488 0.261191
vn -0.552563 0.791488 0.261191
vn 0.314647 0.901396 0.297461
vn -0.552563 0.791488 0.261191
vn 0.314647 0.901396 0.297461
vn 0.314647 0.901396 0.297461
vn -0.552563 0.791488 0.261191
vn 0.314647 0.901396 0.297461
vn 0.314647 0.901396 0.297461
vn 0.314647 0.901396 0.297461
vn 0.314647 0.901396 0.297461
vn 0.314647 0.901396 0.297461
vn -0.552563 0.791488 0.261191
vn -0.552563 0.791488 0.261191
vn 0.314647 0.901396 0.297461
vn -0.552563 0.791488 0.261191
vn 0.314647 0.901396 0.297461
vn 0.314647 0.901396 0.297461
vn -0.552563 0.791488 0.261191
vn 0.314647 0.901396 0.297461
vn 0.314647 0.901396 0.297461
vn 0.314647 0.901396 0.297461
vn 0.314647 0.901396 0.297461
vn 0.314647 0.901396 0.297461
vn -0.552563 0.791488 0.261191
vn -0.552563 0.791488 0.261191
vn 0.314647 0.901396 0.297461
vn -0.552563 0.791488 0.261191
vn 0.314647 0.901396 0.297461
vn 0.314647 0.901396 0.297461
vn -0.552563 0.791488 0.261191
vn 0.314647 0.901396 0.297461
vn 0.314647 0.901396 0.297461
vn 0.314647 0.901396 0.297461
vn 0.314647 0.901396 0.297461
vn 0.314647 0.901396 0.297461
vn -0.552563 0.791488 0.261191
vn -0.552563 0.791488 0.261191
vn 0.314647 0.901396 0.297461
vn -0.552563 0.791488 0.261191
vn 0.314647 0.901396 0.297461
vn 0.314647 0.901396 0.297461
vn -0.552563 0.791488 0.261191
vn 0.314647 0.901396 0.297461
vn 0.314647 0.901396 0.297461
vn 0.314647 0.901396 0.297461
vn 0.314647 0.901396 0.297461
vn 0.314647 0.901396 0.297461
vn -0.552563 0.791488 0.261191
vn -0.552563 0.791488 0.261191
vn 0.314647 0.901396 0.297461
vn -0.552563 0.791488 0.261191
vn 0.314647 0.901396 0.297461
vn 0.314647 0.901396 0.297461
vn -0.552563 0.791488 0.261191
vn 0.314647 0.901396 0.297461
vn 0.314647 0.901396 0.297461
vn 0.314647 0.901396 0.297461
vn 0.314647 0.901396 0.297461
vn 0.314647 0.901396 0.297461
vn -0.552563 0.791488 0.261191
vn -0.552563 0.791488 0.261191
vn 0.314647 0.901396 0.297461
vn -0.552563 0.791488 0.261191
vn 0.314647 0.901396 0.297461
vn 0.314647 0.901396 0.297461
vn -0.552563 0.791488 0.261191
vn 0.314647 0.901396 0.297461
vn 0.314647 0.901396 0.297461
vn 0.314647 0.901396 0.297461
vn 0.314647 0.901396 0.297461
vn 0.314647 0.901396 0.297461
vn -0.552563 0.791488 0.261191
vn -0.552563 0.791488 0.261191
vn 0.314647 0.901396 0.297461
vn -0.552563 0.791488 0.261191
vn 0.314647 0.901396 0.297461
vn 0.314647 0.901396 0.297461
vn -0.552563 0.791488 0.261191
vn 0.314647 0.901396 0.297461
vn 0.314647 0.901396 0.297461
vn 0.314647 0.901396 0.297461
vn 0.314647 0.901396 0.297461
vn 0.314647 0.901396 0.297461
vn -0.552563 0.791488 0.261191
vn -0.552563 0.791488 0.261191
vn 0.314647 0.901396 0.297461
vn -0.552563 0.791488 0.261191
vn 0.314647 0.901396 0.297461
vn 0.314647 0.901396 0.297461
vn -0.552563 0.791488 0.261191
vn 0.314647 0.901396 0.297461
vn 0.314647 0.901396 0.297461
vn 0.314647 0.901396 0.297461
vn 0.314647 0.901396 0.297461
vn 0.314647 0.901396 0.297461
vn -0.552563 0.791488 0.261191
vn -0.552563 0.791488 0.261191
vn 0.314647 0.901396 0.297461
vn -0.552563 0.791488 0.261191
vn 0.314647 0.901396 0.297461
vn 0.314647 0.901396 0.297461
vn -0.552563 0.791488 0.261191
vn 0.314647 0.901396 0.297461
vn 0.314647 0.901396 0.297461
vn 0.314647 0.901396 0.297461
vn 0.314647 0.901396 0.297461
vn 0.314647 0.901396 0.297461
vn -0.552563 0.791488 0.261191
vn -0.552563 0.791488 0.261191
vn 0.314647 0.901396 0.297461
vn -0.552563 0.791488 0.261191
vn 0.314647 0.901396 0.297461
vn 0.314647 0.901396 0.297461
vn -0.552563 0.791488 0.261191
vn 0.314647 0.901396 0.297461
vn 0.314647 0.901396 0.297461
vn 0.314647 0.901396 0.297461
vn 0.314647 0.901396 0.297461
vn 0.314647 0.901396 0.297461
vn -0.552563 0.791488 0.261191
vn -0.552563 0.791488 0.261191
vn 0.314647 0.901396 0.297461
vn -0.552563 0.791488 0.261191
vn 0.314647 0.901396 0.297461
vn 0.314647 0.901396 0.297461
vn -0.552563 0.791488 0.261191
vn 0.314647 0.901396 0.297461
vn 0.314647 0.901396 0.297461
vn 0.314647 0.901396 0.297461
vn 0.314647 0.901396 0.297461
vn 0.314647 0.901396 0.297461
vn -0.552563 0.791488 0.261191
vn -0.552563 0.791488 0.261191
vn 0.314647 0.901396 0.297461
vn -0.552563 0.791488 0.261191
vn 0.314647 0.901396 0.297461
vn 0.314647 0.901396 0.297461
vn -0.552563 0.791488 0.261191
vn 0.314647 0.901396 0.297461
vn 0.314647 0.901396 0.297461
vn 0.314647 0.901396 0.297461
vn 0.314647 0.901396 0.297461
vn 0.314647 0.901396 0.297461
vn -0.552563 0.791488 0.261191
vn -0.552563 0.791488 0.261191
vn 0.314647 0.901396 0.297461
vn -0.552563 0.791488 0.261191
vn 0.314647 0.901396 0.297461
vn 0.314647 0.901396 0.297461
vn -0.552563 0.791488 0.261191
vn 0.314647 0.901396 0.297461
vn 0.314647 0.901396 0.297461
vn 0.314647 0.901396 0.297461
vn 0.314647 0.901396 0.297461
vn 0.314647 0.901396 0.297461
vn -0.552563 0.791488 0.261191
vn -0.552563 0.791488 0.261191
vn 0.314647 0.901396 0.297461
vn -0.552563 0.791488 0.261191
vn 0.314647 0.901396 0.297461
vn 0.314647 0.901396 0.297461
vn -0.552563 0.791488 0.261191
vn 0.314647 0.901396 0.297461
vn 0.314647 0.901396 0.297461
vn 0.314647 0.901396 0.297461
vn 0.314647 0.901396 0.297461
vn 0.314647 0.901396 0.297461
vn -0.552563 0.791488 0.261191
vn -0.552563 0.791488 0.261191
vn 0.314647 0.901396 0.297461
vn -0.552563 0.791488 0.261191
vn 0.314647 0.901396 0.297461
vn 0.314647 0.901396 0.297461
vn -0.552563 0.791488 0.261191
vn 0.314647 0.901396 0.297461
vn 0.314647 0.901396 0.297461
vn 0.314647 0.901396 0.297461
vn 0.314647 0.901396 0.297461
vn 0.314647 0.901396 0.297461
vn -0.552563 0.791488 0.261191
vn -0.552563 0.791488 0.261191
vn 0.314647 0.901396 0.297461
vn -0.552563 0.791488 0.261191
vn 0.314647 0.901396 0.297461
vn 0.314647 0.901396 0.297461
vn -0.552563 0.791488 0.261191
vn 0.314647 0.901396 0.297461
vn 0.314647 0.901396 0.297461
vn 0.314647 0.901396 0.297461
vn 0.314647 0.901396 0.297461
vn 0.314647 0.901396 0.297461
vn -0.552563 0.791488 0.261191
vn -0.552563 0.791488 0.261191
vn 0.314647 0.901396 0.297461
vn -0.552563 0.791488 0.261191
vn 0.314647 0.901396 0.297461
vn 0.314647 0.901396 0.297461
vn -0.552563 0.791488 0.261191
vn 0.314647 0.901396 0.297461
vn 0.314647 0.901396 0.297461
vn 0.314647 0.901396 0.297461
vn 0.314647 0.901396 0.297461
vn 0.314647 0.901396 0.297461
vn -0.552563 0.791488 0.261191
vn -0.552563 0.791488 0.261191
vn 0.314647 0.901396 0.297461
vn -0.552563 0.791488 0.261191
vn 0.314647 0.901396 0.297461
vn 0.314647 0.901396 0.297461
vn -0.552563 0.791488 0.261191
vn 0.314647 0.901396 0.297461
vn 0.314647 0.901396 0.297461
vn 0.314647 0.901396 0.297461
vn 0.314647 0.901396 0.297461
vn 0.314647 0.901396 0.297461
vn -0.552563 0.791488 0.261191
vn -0.552563 0.791488 0.261191
vn 0.314647 0.901396 0.297461
vn -0.552563 0.791488 0.261191
vn 0.314647 0.901396 0.297461
vn 0.314647 0.901396 0.297461
vn -0.552563 0.791488 0.261191
vn 0.314647 0.901396 0.297461
vn 0.314647 0.901396 0.297461
vn 0.314647 0.901396 0.297461
vn 0.314647 0.901396 0.297461
vn 0.314647 0.901396 0.297461
vn -0.552563 0.791488 0.261191
vn -0.552563 0.791488 0.261191
vn 0.314647 0.901396 0.297461
vn -0.552563 0.791488 0.261191
vn 0.314647 0.901396 0.297461
vn 0.314647 0.901396 0.297461
vn -0.552563 0.791488 0.261191
vn 0.314647 0.901396 0.297461
vn 0.314647 0.901396 0.297461
vn 0.314647 0.901396 0.297461
vn 0.314647 0.901396 0.297461
vn 0.314647 0.901396 0.297461
vn -0.552563 0.791488 0.261191
vn -0.552563 0.791488 0.261191
vn 0.314647 0.901396 0.297461
vn -0.552563 0.791488 0.261191
vn 0.314647 0.901396 0.297461
vn 0.314647 0.901396 0.297461
vn -0.552563 0.791488 0.261191
vn 0.314647 0.901396 0.297461
vn 0.314647 0.901396 0.297461
vn 0.314647 0.901396 0.297461
vn 0.314647 0.901396 0.297461
vn 0.314647 0.901396 0.297461
vn -0.552563 0.791488 0.261191
vn -0.552563 0.791488 0.261191
vn 0.314647 0.901396 0.297461
vn -0.552563 0.791488 0.261191
vn 0.314647 0.901396 0.297461
vn 0.314647 0.901396 0.297461
vn -0.552563 0.791488 0.261191
vn 0.314647 0.901396 0.297461
vn 0.314647 0.901396 0.297461
vn 0.314647 0.901396 0.297461
vn 0.314647 0.901396 0.297461
vn 0.314647 0.901396 0.297461
vn -0.552563 0.791488 0.261191
vn -0.552563 0.791488 0.261191
vn 0.314647 0.901396 0.297461
vn -0.552563 0.791488 0.261191
vn 0.314647 0.901396 0.297461
vn 0.314647 0.901396 0.297461
vn -0.552563 0.791488 0.261191
vn 0.314647 0.901396 0.297461
vn 0.314647 0.901396 0.297461
vn 0.314647 0.901396 0.297461
vn 0.314647 0.901396 0.297461
vn 0.314647 0.901396 0.297461
vn -0.552563 0.791488 0.261191
vn -0.552563 0.791488 0.261191
vn 0.314647 0.901396 0.297461
vn -0.552563 0.791488 0.261191
vn 0.314647 0.901396 0.297461
vn 0.314647 0.901396 0.297461
vn -0.552563 0.791488 0.261191
vn 0.314647 0.901396 0.297461
vn 0.314647 0.901396 0.297461
vn 0.314647 0.901396 0.297461
vn 0.314647 0.901396 0.297461
vn 0.314647 0.901396 0.297461
vn -0.552563 0.791488 0.261191
vn -0.552563 0.791488 0.261191
vn 0.314647 0.901396 0.297461
vn -0.552563 0.791488 0.261191
vn 0.314647 0.901396 0.297461
vn 0.314647 0.901396 0.297461
vn -0.552563 0.791488 0.261191
vn 0.314647 0.901396 0.297461
vn 0.314647 0.901396 0.297461
vn 0.314647 0.901396 0.297461
vn 0.314647 0.901396 0.297461
vn 0.314647 0.901396 0.297461
vn -0.552563 0.791488 0.261191
vn -0.552563 0.791488 0.261191
vn 0.314647 0.901396 0.297461
vn -0.552563 0.791488 0.261191
vn 0.314647 0.901396 0.297461
vn 0.314647 0.901396 0.297461
vn -0.552563 0.791488 0.261191
vn 0.314647 0.901396 0.297461
vn 0.314647 0.901396 0.297461
vn 0.314647 0.901396 0.297461
vn 0.314647 0.901396 0.297461
vn 0.314647 0.901396 0.297461
vn -0.552563 0.791488 0.261191
vn -0.552563 0.791488 0.261191
vn 0.314647 0.901396 0.297461
vn -0.552563 0.791488 0.261191
vn 0.314647 0.901396 0.297461
vn 0.314647 0.901396 0.297461
vn -0.552563 0.791488 0.261191
vn 0.314647 0.901396 0.297461
vn 0.314647 0.901396 0.297461
vn 0.314647 0.901396 0.297461
vn 0.314647 0.901396 0.297461
vn 0.314647 0.901396 0.297461
vn -0.552563 0.791488 0.261191
vn -0.552563 0.791488 0.261191
vn 0.314647 0.901396 0.297461
vn -0.552563 0.791488 0.261191
vn 0.314647 0.901396 0.297461
vn 0.314647 0.901396 0.297461
vn -0.552563 0.791488 0.261191
vn 0.314647 0.901396 0.297461
vn 0.314647 0.901396 0.297461
vn 0.314647 0.901396 0.297461
vn 0.314647 0.901396 0.297461
vn 0.314647 0.901396 0.297461
vn -0.552563 0.791488 0.261191
vn -0.552563 0.791488 0.261191
vn 0.314647 0.901396 0.297461
vn -0.552563 0.791488 0.261191
vn 0.314647 0.901396 0.297461
vn 0.314647 0.901396 0.297461
vn -0.552563 0.791488 0.261191
vn 0.314647 0.901396 0.297461
vn 0.314647 0.901396 0.297461
vn 0.314647 0.901396 0.297461
vn 0.314647 0.901396 0.297461
vn 0.314647 0.901396 0.297461
vn -0.552563 0.791488 0.261191
vn -0.552563 0.791488 0.261191
vn 0.314647 0.901396 0.297461
vn -0.552563 0.791488 0.261191
vn 0.314647 0.901396 0.297461
vn 0.314647 0.901396 0.297461
vn -0.552563 0.791488 0.261191
vn 0.314647 0.901396 0.297461
vn 0.314647 0.901396 0.297461
vn 0.314647 0.901396 0.297461
vn 0.314647 0.901396 0.297461
vn 0.314647 0.901396 0.297461
vn -0.552563 0.791488 0.261191
vn -0.552563 0.791488 0.261191
vn 0.314647 0.901396 0.297461
vn -0.552563 0.791488 0.261191
vn 0.314647 0.901396 0.297461
vn 0.314647 0.901396 0.297461
vn -0.552563 0.791488 0.261191
vn 0.314647 0.901396 0.297461
vn 0.314647 0.901396 0.297461
vn 0.314647 0.901396 0.297461
vn 0.314647 0.901396 0.297461
vn 0.314647 0.901396 0.297461
vn -0.552563 0.791488 0.261191
vn -0.552563 0.791488 0.261191
vn 0.314647 0.901396 0.297461
vn -0.552563 0.791488 0.261191
vn 0.314647 0.901396 0.297461
vn 0.314647 0.901396 0.297461
vn -0.552563 0.791488 0.261191
vn 0.314647 0.901396 0.297461
vn 0.314647 0.901396 0.297461
vn 0.314647 0.901396 0.297461
vn 0.314647 0.901396 0.297461
vn 0.314647 0.901396 0.297461
vn -0.552563 0.791488 0.261191
vn -0.552563 0.791488 0.261191
vn 0.314647 0.901396 0.297461
vn -0.552563 0.791488 0.261191
vn 0.314647 0.901396 0.297461
vn 0.314647 0.901396 0.297461
vn -0.552563 0.791488 0.261191
vn 0.314647 0.901396 0.297461
vn 0.314647 0.901396 0.297461
vn 0.314647 0.901396 0.297461
vn 0.314647 0.901396 0.297461
vn 0.314647 0.901396 0.297461
vn -0.552563 0.791488 0.261191
vn -0.552563 0.791488 0.261191
vn 0.314647 0.901396 0.297461
vn -0.552563 0.791488 0.261191
vn 0.314647 0.901396 0.297461
vn 0.314647 0.901396 0.297461
vn -0.552563 0.791488 0.261191
vn 0.314647 0.901396 0.297461
vn 0.314647 0.901396 0.297461
vn 0.314647 0.901396 0.297461
vn 0.314647 0.901396 0.297461
vn 0.314647 0.901396 0.297461
vn -0.552563 0.791488 0.261191
vn -0.552563 0.791488 0.261191
vn 0.314647 0.901396 0.297461
vn -0.552563 0.791488 0.261191
vn 0.314647 0.901396 0.297461
vn 0.314647 0.901396 0.297461
vn -0.552563 0.791488 0.261191
vn 0.314647 0.901396 0.297461
vn 0.314647 0.901396 0.297461
vn 0.314647 0.901396 0.297461
vn 0.314647 0.901396 0.297461
vn 0.314647 0.901396 0.297461
vn -0.552563 0.791488 0.261191
vn -0.552563 0.791488 0.261191
vn 0.314647 0.901396 0.297461
vn -0.552563 0.791488 0.261191
vn 0.314647 0.901396 0.297461
vn 0.314647 0.901396 0.297461
vn -0.552563 0.791488 0.261191
vn 0.314647 0.901396 0.297461
vn 0.314647 0.901396 0.297461
vn 0.314647 0.901396 0.297461
vn 0.314647 0.901396 0.297461
vn 0.314647 0.901396 0.297461
vn -0.552563 0.791488 0.261191
vn -0.552563 0.791488 0.261191
vn 0.314647 0.901396 0.297461
vn -0.552563 0.791488 0.261191
vn 0.314647 0.901396 0.297461
vn 0.314647 0.901396 0.297461
vn -0.552563 0.791488 0.261191
vn 0.314647 0.901396 0.297461
vn 0.314647 0.901396 0.297461
vn 0.314647 0.901396 0.297461
vn 0.314647 0.901396 0.297461
vn 0.314647 0.901396 0.297461
vn -0.552563 0.791488 0.261191
vn -0.552563 0.791488 0.261191
vn 0.314647 0.901396 0.297461
vn -0.552563 0.791488 0.261191
vn 0.314647 0.901396 0.297461
vn 0.314647 0.901396 0.297461
vn -0.552563 0.791488 0.261191
vn 0.314647 0.901396 0.297461
vn 0.314647 0.901396 0.297461
vn 0.314647 0.901396 0.297461
vn 0.314647 0.901396 0.297461
vn 0.314647 0.901396 0.297461
vn -0.552563 0.791488 0.261191
vn -0.552563 0.791488 0.261191
vn 0.314647 0.901396 0.297461
vn -0.552563 0.791488 0.261191
vn 0.314647 0.901396 0.297461
vn 0.314647 0.901396 0.297461
vn -0.552563 0.791488 0.261191
vn 0.314647 0.901396 0.297461
vn 0.314647 0.901396 0.297461
vn 0.314647 0.901396 0.297461
vn 0.314647 0.901396 0.297461
vn 0.314647 0.901396 0.297461
vn -0.552563 0.791488 0.261191
vn -0.552563 0.791488 0.261191
vn 0.314647 0.901396 0.297461
vn -0.552563 0.791488 0.261191
vn 0.314647 0.901396 0.297461
vn 0.314647 0.901396 0.297461
vn -0.552563 0.791488 0.261191
vn 0.314647 0.901396 0.297461
vn 0.314647 0.901396 0.297461
vn 0.314647 0.901396 0.297461
vn 0.314647 0.901396 0.297461
vn 0.314647 0.901396 0.297461
vn -0.552563 0.791488 0.261191
vn -0.552563 0.791488 0.261191
vn 0.314647 0.901396 0.297461
vn -0.552563 0.791488 0.261191
vn 0.314647 0.901396 0.297461
vn 0.314647 0.901396 0.297461
vn -0.552563 0.791488 0.261191
vn 0.314647 0.901396 0.297461
vn 0.314647 0.901396 0.297461
vn 0.314647 0.901396 0.297461
vn 0.314647 0.901396 0.297461
vn 0.314647 0.901396 0.297461
vn -0.552563 0.791488 0.261191
vn -0.552563 0.791488 0.261191
vn 0.314647 0.901396 0.297461
vn -0.552563 0.791488 0.261191
vn 0.314647 0.901396 0.297461
vn 0.314647 0.901396 0.297461
vn -0.552563 0.791488 0.261191
vn 0.314647 0.901396 0.297461
vn 0.314647 0.901396 0.297461
vn 0.314647 0.901396 0.297461
vn 0.314647 0.901396 0.297461
vn 0.314647 0.901396 0.297461
vn -0.552563 0.791488 0.261191
vn -0.552563 0.791488 0.261191
vn 0.314647 0.901396 0.297461
vn -0.552563 0.791488 0.261191
vn 0.314647 0.901396 0.297461
vn 0.314647 0.901396 0.297461
vn -0.552563 0.791488 0.261191
vn 0.314647 0.901396 0.297461
vn 0.314647 0.901396 0.297461
vn 0.314647 0.901396 0.297461
vn 0.314647 0.901396 0.297461
vn 0.314647 0.901396 0.297461
vn -0.552563 0.791488 0.261191
vn -0.552563 0.791488 0.261191
vn 0.314647 0.901396 0.297461
vn -0.552563 0.791488 0.261191
vn 0.314647 0.901396 0.297461
vn 0.314647 0.901396 0.297461
vn -0.552563 0.791488 0.261191
vn 0.314647 0.901396 0.297461
vn 0.314647 0.901396 0.297461
vn 0.314647 0.901396 0.297461
vn 0.314647 0.901396 0.297461
vn 0.314647 0.901396 0.297461
vn -0.552563 0.791488 0.261191
vn -0.552563 0.791488 0.261191
vn 0.314647 0.901396 0.297461
vn -0.552563 0.791488 0.261191
vn 0.314647 0.901396 0.297461
vn 0.314647 0.901396 0.297461
vn -0.552563 0.791488 0.261191
vn 0.314647 0.901396 0.297461
vn 0.314647 0.901396 0.297461
vn 0.314647 0.901396 0.297461
vn 0.314647 0.901396 0.297461
vn 0.314647 0.901396 0.297461
vn -0.552563 0.791488 0.261191
vn -0.552563 0.791488 0.261191
vn 0.314647 0.901396 0.297461
vn -0.552563 0.791488 0.261191
vn 0.314647 0.901396 0.297461
vn 0.314647 0.901396 0.297461
vn -0.552563 0.791488 0.261191
vn 0.314647 0.901396 0.297461
vn 0.314647 0.901396 0.297461
vn 0.314647 0.901396 0.297461
vn 0.314647 0.901396 0.297461
vn 0.314647 0.901396 0.297461
vn -0.552563 0.791488 0.261191
vn -0.552563 0.791488 0.261191
vn 0.314647 0.901396 0.297461
vn -0.552563 0.791488 0.261191
vn 0.314647 0.901396 0.297461
vn 0.314647 0.901396 0.297461
vn -0.552563 0.791488 0.261191
vn 0.314647 0.901396 0.297461
vn 0.314647 0.901396 0.297461
vn 0.314647 0.901396 0.297461
vn 0.314647 0.901396 0.297461
vn 0.314647 0.901396 0.297461
vn -0.552563 0.791488 0.261191
vn -0.552563 0.791488 0.261191
vn 0.314647 0.901396 0.297461
vn -0.552563 0.791488 0.261191
vn 0.314647 0.901396 0.297461
vn 0.314647 0.901396 0.297461
vn -0.552563 0.791488 0.261191
vn 0.314647 0.901396 0.297461
vn 0.314647 0.901396 0.297461
vn 0.314647 0.901396 0.297461
vn 0.314647 0.901396 0.297461
vn 0.314647 0.901396 0.297461
vn -0.552563 0.791488 0.261191
vn -0.552563 0.791488 0.261191
vn 0.314647 0.901396 0.297461
vn -0.552563 0.791488 0.261191
vn 0.314647 0.901396 0.297461
vn 0.314647 0.901396 0.297461
vn -0.552563 0.791488 0.261191
vn 0.314647 0.901396 0.297461
vn 0.314647 0.901396 0.297461
vn 0.314647 0.901396 0.297461
vn 0.314647 0.901396 0.297461
vn 0.314647 0.901396 0.297461
vn -0.552563 0.791488 0.261191
vn -0.552563 0.791488 0.261191
vn 0.314647 0.901396 0.297461
vn -0.552563 0.791488 0.261191
vn 0.314647 0.901396 0.297461
vn 0.314647 0.901396 0.297461
vn -0.552563 0.791488 0.261191
vn 0.314647 0.901396 0.297461
vn 0.314647 0.901396 0.297461
vn 0.314647 0.901396 0.297461
vn 0.314647 0.901396 0.297461
vn 0.314647 0.901396 0.297461
vn -0.552563 0.791488 0.261191
vn -0.552563 0.791488 0.261191
vn 0.314647 0.901396 0.297461
vn -0.552563 0.791488 0.261191
vn 0.314647 0.901396 0.297461
vn 0.314647 0.901396 0.297461
vn -0.552563 0.791488 0.261191
vn 0.314647 0.901396 0.297461
vn 0.314647 0.901396 0.297461
vn 0.314647 0.901396 0.297461
vn 0.314647 0.901396 0.297461
vn 0.314647 0.901396 0.297461
vn -0.552563 0.791488 0.261191
vn -0.552563 0.791488 0.261191
vn 0.314647 0.901396 0.297461
vn -0.552563 0.791488 0.261191
vn 0.314647 0.901396 0.297461
vn 0.314647 0.901396 0.297461
vn -0.552563 0.791488 0.261191
vn 0.314647 0.901396 0.297461
vn 0.314647 0.901396 0.297461
vn 0.314647 0.901396 0.297461
vn 0.314647 0.901396 0.297461
vn 0.314647 0.901396 0.297461
vn -0.552563 0.791488 0.261191
vn -0.552563 0.791488 0.261191
vn 0.314647 0.901396 0.297461
vn -0.552563 0.791488 0.261191
vn 0.314647 0.901396 0.297461
vn 0.314647 0.901396 0.297461
vn -0.552563 0.791488 0.261191
vn 0.314647 0.901396 0.297461
vn 0.314647 0.901396 0.297461
vn 0.314647 0.901396 0.297461
vn 0.314647 0.901396 0.297461
vn 0.314647 0.901396 0.297461
vn -0.552563 0.791488 0.261191
vn -0.552563 0.791488 0.261191
vn 0.314647 0.901396 0.297461
vn -0.552563 0.791488 0.261191
vn 0.314647 0.901396 0.297461
vn 0.314647 0.901396 0.297461
vn -0.552563 0.791488 0.261191
vn 0.314647 0.901396 0.297461
vn 0.314647 0.901396 0.297461
vn 0.314647 0.901396 0.297461
vn 0.314647 0.901396 0.297461
vn 0.314647 0.901396 0.297461
vn -0.552563 0.791488 0.261191
vn -0.552563 0.791488 0.261191
vn 0.314647 0.901396 0.297461
vn -0.552563 0.791488 0.261191
vn 0.314647 0.901396 0.297461
vn 0.314647 0.901396 0.297461
vn -0.552563 0.791488 0.261191
vn 0.314647 0.901396 0.297461
vn 0.314647 0.901396 0.297461
vn 0.314647 0.901396 0.297461
vn 0.314647 0.901396 0.297461
vn 0.314647 0.901396 0.297461
vn -0.552563 0.791488 0.261191
vn -0.552563 0.791488 0.261191
vn 0.314647 0.901396 0.297461
vn -0.552563 0.791488 0.261191
vn 0.314647 0.901396 0.297461
vn 0.314647 0.901396 0.297461
vn -0.552563 0.791488 0.261191
vn 0.314647 0.901396 0.297461
vn 0.314647 0.901396 0.297461
vn 0.314647 0.901396 0.297461
vn 0.314647 0.901396 0.297461
vn 0.314647 0.901396 0.297461
vn -0.552563 0.791488 0.261191
vn -0.552563 0.791488 0.261191
vn 0.314647 0.901396 0.297461
vn -0.552563 0.791488 0.261191
vn 0.314647 0.901396 0.297461
vn 0.314647 0.901396 0.297461
vn -0.552563 0.791488 0.261191
vn 0.314647 0.901396 0.297461
vn 0.314647 0.901396 0.297461
vn 0.314647 0.901396 0.297461
vn 0.314647 0.901396 0.297461
vn 0.314647 0.901396 0.297461
vn -0.552563 0.791488 0.261191
vn -0.552563 0.791488 0.261191
vn 0.314647 0.901396 0.297461
vn -0.552563 0.791488 0.261191
vn 0.314647 0.901396 0.297461
vn 0.314647 0.901396 0.297461
vn -0.552563 0.791488 0.261191
vn 0.314647 0.901396 0.297461
vn 0.314647 0.901396 0.297461
vn 0.314647 0.901396 0.297461
vn 0.314647 0.901396 0.297461
vn 0.314647 0.901396 0.297461
vn -0.552563 0.791488 0.261191
vn -0.552563 0.791488 0.261191
vn 0.314647 0.901396 0.297461
vn -0.552563 0.791488 0.261191
vn 0.314647 0.901396 0.297461
vn 0.314647 0.901396 0.297461
vn -0.552563 0.791488 0.261191
vn 0.314647 0.901396 0.297461
vn 0.314647 0.901396 0.297461
vn 0.314647 0.901396 0.297461
vn 0.314647 0.901396 0.297461
vn 0.314647 0.901396 0.297461
vn -0.552563 0.791488 0.261191
vn -0.552563 0.791488 0.261191
vn 0.314647 0.901396 0.297461
vn -0.552563 0.791488 0.261191
vn 0.314647 0.901396 0.297461
vn 0.314647 0.901396 0.297461
vn -0.552563 0.791488 0.261191
vn 0.314647 0.901396 0.297461
vn 0.314647 0.901396 0.297461
vn 0.314647 0.901396 0.297461
vn 0.314647 0.901396 0.297461
vn 0.314647 0.901396 0.297461
vn -0.552563 0.791488 0.261191
vn -0.552563 0.791488 0.261191
vn 0.314647 0.901396 0.297461
vn -0.552563 0.791488 0.261191
vn 0.314647 0.901396 0.297461
vn 0.314647 0.901396 0.297461
vn -0.552563 0.791488 0.261191
vn 0.314647 0.901396 0.297461
vn 0.314647 0.901396 0.297461
vn 0.314647 0.901396 0.297461
vn 0.314647 0.901396 0.297461
vn 0.314647 0.901396 0.297461
vn -0.552563 0.791488 0.261191
vn -0.552563 0.791488 0.261191
vn 0.314647 0.901396 0.297461
vn -0.552563 0.791488 0.261191
vn 0.314647 0.901396 0.297461
vn 0.314647 0.901396 0.297461
vn -0.552563 0.791488 0.261191
vn 0.314647 0.901396 0.297461
vn 0.314647 0.901396 0.297461
vn 0.314647 0.901396 0.297461
vn 0.314647 0.901396 0.297461
vn 0.314647 0.901396 0.297461
vn -0.552563 0.791488 0.261191
vn -0.552563 0.791488 0.261191
vn 0.314647 0.901396 0.297461
vn -0.552563 0.791488 0.261191
vn 0.314647 0.901396 0.297461
vn 0.314647 0.901396 0.297461
vn -0.552563 0.791488 0.261191
vn 0.314647 0.901396 0.297461
vn 0.314647 0.901396 0.297461
vn 0.314647 0.901396 0.297461
vn 0.314647 0.901396 0.297461
vn 0.314647 0.901396 0.297461
vn -0.552563 0.791488 0.261191
vn -0.552563 0.791488 0.261191
vn 0.314647 0.901396 0.297461
vn -0.552563 0.791488 0.261191
vn 0.314647 0.901396 0.297461
vn 0.314647 0.901396 0.297461
vn -0.552563 0.791488 0.261191
vn 0.314647 0.901396 0.297461
vn 0.314647 0.901396 0.297461
vn 0.314647 0.901396 0.297461
vn 0.314647 0.901396 0.297461
vn 0.314647 0.901396 0.297461
vn -0.552563 0.791488 0.261191
vn -0.552563 0.791488 0.261191
vn 0.314647 0.901396 0.297461
vn -0.552563 0.791488 0.261191
vn 0.314647 0.901396 0.297461
vn 0.314647 0.901396 0.297461
vn -0.552563 0.791488 0.261191
vn 0.314647 0.901396 0.297461
vn 0.314647 0.901396 0.297461
vn 0.314647 0.901396 0.297461
vn 0.314647 0.901396 0.297461
vn 0.314647 0.901396 0.297461
vn -0.552563 0.791488 0.261191
vn -0.552563 0.791488 0.261191
vn 0.314647 0.901396 0.297461
vn -0.552563 0.791488 0.261191
vn 0.314647 0.901396 0.297461
vn 0.314647 0.901396 0.297461
vn -0.552563 0.791488 0.261191
vn 0.314647 0.901396 0.297461
vn 0.314647 0.901396 0.297461
vn 0.314647 0.901396 0.297461
vn 0.314647 0.901396 0.297461
vn 0.314647 0.901396 0.297461
vn -0.552563 0.791488 0.261191
vn -0.552563 0.791488 0.261191
vn 0.314647 0.901396 0.297461
vn -0.552563 0.791488 0.261191
vn 0.314647 0.901396 0.297461
vn 0.314647 0.901396 0.297461
vn -0.552563 0.791488 0.261191
vn 0.314647 0.901396 0.297461
vn 0.314647 0.901396 0.297461
vn 0.314647 0.901396 0.297461
vn 0.314647 0.901396 0.297461
vn 0.314647 0.901396 0.297461
vn -0.552563 0.791488 0.261191
vn -0.552563 0.791488 0.261191
vn 0.314647 0.901396 0.297461
vn -0.552563 0.791488 0.261191
vn 0.314647 0.901396 0.297461
vn 0.314647 0.901396 0.297461
vn -0.552563 0.791488 0.261191
vn 0.314647 0.901396 0.297461
vn 0.314647 0.901396 0.297461
vn 0.314647 0.901396 0.297461
vn 0.314647 0.901396 0.297461
vn 0.314647 0.901396 0.297461
vn -0.552563 0.791488 0.261191
vn -0.552563 0.791488 0.261191
vn 0.314647 0.901396 0.297461
vn -0.552563 0.791488 0.261191
vn 0.314647 0.901396 0.297461
vn 0.314647 0.901396 0.297461
vn -0.552563 0.791488 0.261191
vn 0.314647 0.901396 0.297461
vn 0.314647 0.901396 0.297461
vn 0.314647 0.901396 0.297461
vn 0.314647 0.901396 0.297461
vn 0.314647 0.901396 0.297461
vn -0.552563 0.791488 0.261191
vn -0.552563 0.791488 0.261191
vn 0.314647 0.901396 0.297461
vn -0.552563 0.791488 0.261191
vn 0.314647 0.901396 0.297461
vn 0.314647 0.901396 0.297461
vn -0.552563 0.791488 0.261191
vn 0.314647 0.901396 0.297461
vn 0.314647 0.901396 0.297461
vn 0.314647 0.901396 0.297461
vn 0.314647 0.901396 0.297461
vn 0.314647 0.901396 0.297461
vn -0.552563 0.791488 0.261191
vn -0.552563 0.791488 0.261191
vn 0.314647 0.901396 0.297461
vn -0.552563 0.791488 0.261191
vn 0.314647 0.901396 0.297461
vn 0.314647 0.901396 0.297461
vn -0.552563 0.791488 0.261191
vn 0.314647 0.901396 0.297461
vn 0.314647 0.901396 0.297461
vn 0.314647 0.901396 0.297461
vn 0.314647 0.901396 0.297461
vn 0.314647 0.901396 0.297461
vn -0.552563 0.791488 0.261191
vn -0.552563 0.791488 0.261191
vn 0.314647 0.901396 0.297461
vn -0.552563 0.791488 0.261191
vn 0.314647 0.901396 0.297461
vn 0.314647 0.901396 0.297461
vn -0.552563 0.791488 0.261191
vn 0.314647 0.901396 0.297461
vn 0.314647 0.901396 0.297461
vn 0.314647 0.901396 0.297461
vn 0.314647 0.901396 0.297461
vn 0.314647 0.901396 0.297461
vn -0.552563 0.791488 0.261191
vn -0.552563 0.791488 0.261191
vn 0.314647 0.901396 0.297461
vn -0.552563 0.791488 0.261191
vn 0.314647 0.901396 0.297461
vn 0.314647 0.901396 0.297461
vn -0.552563 0.791488 0.261191
vn 0.314647 0.901396 0.297461
vn 0.314647 0.901396 0.297461
vn 0.314647 0.901396 0.297461
vn 0.314647 0.901396 0.297461
vn 0.314647 0.901396 0.297461
vn -0.552563 0.791488 0.261191
vn -0.552563 0.791488 0.261191
vn 0.314647 0.901396 0.297461
vn -0.552563 0.791488 0.261191
vn 0.314647 0.901396 0.297461
vn 0.314647 0.901396 0.297461
vn -0.552563 0.791488 0.261191
vn 0.314647 0.901396 0.297461
vn 0.314647 0.901396 0.297461
vn 0.314647 0.901396 0.297461
vn 0.314647 0.901396 0.297461
vn 0.314647 0.901396 0.297461
vn -0.552563 0.791488 0.261191
vn -0.552563 0.791488 0.261191
vn 0.314647 0.901396 0.297461
vn -0.552563 0.791488 0.261191
vn 0.314647 0.901396 0.297461
vn 0.314647 0.901396 0.297461
vn -0.552563 0.791488 0.261191
vn 0.314647 0.901396 0.297461
vn 0.314647 0.901396 0.297461
vn 0.314647 0.901396 0.297461
vn 0.314647 0.901396 0.297461
vn 0.314647 0.901396 0.297461
vn -0.552563 0.791488 0.261191
vn -0.552563 0.791488 0.261191
vn 0.314647 0.901396 0.297461
vn -0.552563 0.791488 0.261191
vn 0.314647 0.901396 0.297461
vn 0.314647 0.901396 0.297461
vn -0.552563 0.791488 0.261191
vn 0.314647 0.901396 0.297461
vn 0.314647 0.901396 0.297461
vn 0.314647 0.901396 0.297461
vn 0.314647 0.901396 0.297461
vn 0.314647 0.901396 0.297461
vn -0.552563 0.791488 0.261191
vn -0.552563 0.791488 0.261191
vn 0.314647 0.901396 0.297461
vn -0.552563 0.791488 0.261191
vn 0.314647 0.901396 0.297461
vn 0.314647 0.901396 0.297461
vn -0.552563 0.791488 0.261191
vn 0.314647 0.901396 0.297461
vn 0.314647 0.901396 0.297461
vn 0.314647 0.901396 0.297461
vn 0.314647 0.901396 0.297461
vn 0.314647 0.901396 0.297461
vn -0.552563 0.791488 0.261191
vn -0.552563 0.791488 0.261191
vn 0.314647 0.901396 0.297461
vn -0.552563 0.791488 0.261191
vn 0.314647 0.901396 0.297461
vn 0.314647 0.901396 0.297461
vn -0.552563 0.791488 0.261191
vn 0.314647 0.901396 0.297461
vn 0.314647 0.901396 0.297461
vn 0.314647 0.901396 0.297461
vn 0.314647 0.901396 0.297461
vn 0.314647 0.901396 0.297461
vn -0.552563 0.791488 0.261191
vn -0.552563 0.791488 0.261191
vn 0.314647 0.901396 0.297461
vn -0.552563 0.791488 0.261191
vn 0.314647 0.901396 0.297461
vn 0.314647 0.901396 0.297461
vn -0.552563 0.791488 0.261191
vn 0.314647 0.901396 0.297461
vn 0.314647 0.901396 0.297461
vn 0.314647 0.901396 0.297461
vn 0.314647 0.901396 0.297461
vn 0.314647 0.901396 0.297461
vn -0.552563 0.791488 0.261191
vn -0.552563 0.791488 0.261191
vn 0.314647 0.901396 0.297461
vn -0.552563 0.791488 0.261191
vn 0.314647 0.901396 0.297461
vn 0.314647 0.901396 0.297461
vn -0.552563 0.791488 0.261191
vn 0.314647 0.901396 0.297461
vn 0.314647 0.901396 0.297461
vn 0.314647 0.901396 0.297461
vn 0.314647 0.901396 0.297461
vn 0.314647 0.901396 0.297461
vn -0.552563 0.791488 0.261191
vn -0.552563 0.791488 0.261191
vn 0.314647 0.901396 0.297461
vn -0.552563 0.791488 0.261191
vn 0.314647 0.901396 0.297461
vn 0.314647 0.901396 0.297461
vn -0.552563 0.791488 0.261191
vn 0.314647 0.901396 0.297461
vn 0.314647 0.901396 0.297461
vn 0.314647 0.901396 0.297461
vn 0.314647 0.901396 0.297461
vn 0.314647 0.901396 0.297461
vn -0.552563 0.791488 0.261191
vn -0.552563 0.791488 0.261191
vn 0.314647 0.901396 0.297461
vn -0.552563 0.791488 0.261191
vn 0.314647 0.901396 0.297461
vn 0.314647 0.901396 0.297461
vn -0.552563 0.791488 0.261191
vn 0.314647 0.901396 0.297461
vn 0.314647 0.901396 0.297461
vn 0.314647 0.901396 0.297461
vn 0.314647 0.901396 0.297461
vn 0.314647 0.901396 0.297461
vn -0.552563 0.791488 0.261191
vn -0.552563 0.791488 0.261191
vn 0.314647 0.901396 0.297461
vn -0.552563 0.791488 0.261191
vn 0.314647 0.901396 0.297461
vn 0.314647 0.901396 0.297461
vn -0.552563 0.791488 0.261191
vn 0.314647 0.901396 0.297461
vn 0.314647 0.901396 0.297461
vn 0.314647 0.901396 0.297461
vn 0.314647 0.901396 0.297461
vn 0.314647 0.901396 0.297461
vn -0.552563 0.791488 0.261191
vn -0.552563 0.791488 0.261191
vn 0.314647 0.901396 0.297461
vn -0.552563 0.791488 0.261191
vn 0.314647 0.901396 0.297461
vn 0.314647 0.901396 0.297461
vn -0.552563 0.791488 0.261191
vn 0.314647 0.901396 0.297461
vn 0.314647 0.901396 0.297461
vn 0.314647 0.901396 0.297461
vn 0.314647 0.901396 0.297461
vn 0.314647 0.901396 0.297461
vn -0.552563 0.791488 0.261191
vn -0.552563 0.791488 0.261191
vn 0.314647 0.901396 0.297461
vn -0.552563 0.791488 0.261191
vn 0.314647 0.901396 0.297461
vn 0.314647 0.901396 0.297461
vn -0.552563 0.791488 0.261191
vn 0.314647 0.901396 0.297461
vn 0.314647 0.901396 0.297461
vn 0.314647 0.901396 0.297461
vn 0.314647 0.901396 0.297461
vn 0.314647 0.901396 0.297461
vn -0.552563 0.791488 0.261191
vn -0.552563 0.791488 0.261191
vn 0.314647 0.901396 0.297461
vn -0.552563 0.791488 0.261191
vn 0.314647 0.901396 0.297461
vn 0.314647 0.901396 0.297461
vn -0.552563 0.791488 0.261191
vn 0.314647 0.901396 0.297461
vn 0.314647 0.901396 0.297461
vn 0.314647 0.901396 0.297461
vn 0.314647 0.901396 0.297461
vn 0.314647 0.901396 0.297461
vn -0.552563 0.791488 0.261191
vn -0.552563 0.791488 0.261191
vn 0.314647 0.901396 0.297461
vn -0.552563 0.791488 0.261191
vn 0.314647 0.901396 0.297461
vn 0.314647 0.901396 0.297461
vn -0.552563 0.791488 0.261191
vn 0.314647 0.901396 0.297461
vn 0.314647 0.901396 0.297461
vn 0.314647 0.901396 0.297461
vn 0.314647 0.901396 0.297461
vn 0.314647 0.901396 0.297461
vn -0.552563 0.791488 0.261191
vn -0.552563 0.791488 0.261191
vn 0.314647 0.901396 0.297461
vn -0.552563 0.791488 0.261191
vn 0.314647 0.901396 0.297461
vn 0.314647 0.901396 0.297461
vn -0.552563 0.791488 0.261191
vn 0.314647 0.901396 0.297461
vn 0.314647 0.901396 0.297461
vn 0.314647 0.901396 0.297461
vn 0.314647 0.901396 0.297461
vn 0.314647 0.901396 0.297461
vn -0.552563 0.791488 0.261191
vn -0.552563 0.791488 0.261191
vn 0.314647 0.901396 0.297461
vn -0.552563 0.791488 0.261191
vn 0.314647 0.901396 0.297461
vn 0.314647 0.901396 0.297461
vn -0.552563 0.791488 0.261191
vn 0.314647 0.901396 0.297461
vn 0.314647 0.901396 0.297461
vn 0.314647 0.901396 0.297461
vn 0.314647 0.901396 0.297461
vn 0.314647 0.901396 0.297461
vn -0.552563 0.791488 0.261191
vn -0.552563 0.791488 0.261191
vn 0.314647 0.901396 0.297461
vn -0.552563 0.791488 0.261191
vn 0.314647 0.901396 0.297461
vn 0.314647 0.901396 0.297461
vn -0.552563 0.791488 0.261191
vn 0.314647 0.901396 0.297461
vn 0.314647 0.901396 0.297461
vn 0.314647 0.901396 0.297461
vn 0.314647 0.901396 0.297461
vn 0.314647 0.901396 0.297461
vn -0.552563 0.791488 0.261191
vn -0.552563 0.791488 0.261191
vn 0.314647 0.901396 0.297461
vn -0.552563 0.791488 0.261191
vn 0.314647 0.901396 0.297461
vn 0.314647 0.901396 0.297461
vn -0.552563 0.791488 0.261191
vn 0.314647 0.901396 0.297461
vn 0.314647 0.901396 0.297461
vn 0.314647 0.901396 0.297461
vn 0.314647 0.901396 0.297461
vn 0.314647 0.901396 0.297461
vn -0.552563 0.791488 0.261191
vn -0.552563 0.791488 0.261191
vn 0.314647 0.901396 0.297461
vn -0.552563 0.791488 0.261191
vn 0.314647 0.901396 0.297461
vn 0.314647 0.901396 0.297461
vn -0.552563 0.791488 0.261191
vn 0.314647 0.901396 0.297461
vn 0.314647 0.901396 0.297461
vn 0.314647 0.901396 0.297461
vn 0.314647 0.901396 0.297461
vn 0.314647 0.901396 0.297461
vn -0.552563 0.791488 0.261191
vn -0.552563 0.791488 0.261191
vn 0.314647 0.901396 0.297461
vn -0.552563 0.791488 0.261191
vn 0.314647 0.901396 0.297461
vn 0.314647 0.901396 0.297461
vn -0.552563 0.791488 0.261191
vn 0.314647 0.901396 0.297461
vn 0.314647 0.901396 0.297461
vn 0.314647 0.901396 0.297461
vn 0.314647 0.901396 0.297461
vn 0.314647 0.901396 0.297461
vn -0.552563 0.791488 0.261191
vn -0.552563 0.791488 0.261191
vn 0.314647 0.901396 0.297461
vn -0.552563 0.791488 0.261191
vn 0.314647 0.901396 0.297461
vn 0.314647 0.901396 0.297461
vn -0.552563 0.791488 0.261191
vn 0.314647 0.901396 0.297461
vn 0.314647 0.901396 0.297461
vn 0.314647 0.901396 0.297461
vn 0.314647 0.901396 0.297461
vn 0.314647 0.901396 0.297461
vn -0.552563 0.791488 0.261191
vn -0.552563 0.791488 0.261191
vn 0.314647 0.901396 0.297461
vn -0.552563 0.791488 0.261191
vn 0.314647 0.901396 0.297461
vn 0.314647 0.901396 0.297461
vn -0.552563 0.791488 0.261191
vn 0.314647 0.901396 0.297461
vn 0.314647 0.901396 0.297461
vn 0.314647 0.901396 0.297461
vn 0.314647 0.901396 0.297461
vn 0.314647 0.901396 0.297461
vn -0.552563 0.791488 0.261191
vn -0.552563 0.791488 0.261191
vn 0.314647 0.901396 0.297461
vn -0.552563 0.791488 0.261191
vn 0.314647 0.901396 0.297461
vn 0.314647 0.901396 0.297461
vn -0.552563 0.791488 0.261191
vn 0.314647 0.901396 0.297461
vn 0.314647 0.901396 0.297461
vn 0.314647 0.901396 0.297461
vn 0.314647 0.901396 0.297461
vn 0.314647 0.901396 0.297461
vn -0.552563 0.791488 0.261191
vn -0.552563 0.791488 0.261191
vn 0.314647 0.901396 0.297461
vn -0.552563 0.791488 0.261191
vn 0.314647 0.901396 0.297461
vn 0.314647 0.901396 0.297461
vn -0.552563 0.791488 0.261191
vn 0.314647 0.901396 0.297461
vn 0.314647 0.901396 0.297461
vn 0.314647 0.901396 0.297461
vn 0.314647 0.901396 0.297461
vn 0.314647 0.901396 0.297461
vn -0.552563 0.791488 0.261191
vn -0.552563 0.791488 0.261191
vn 0.314647 0.901396 0.297461
vn -0.552563 0.791488 0.261191
vn 0.314647 0.901396 0.297461
vn 0.314647 0.901396 0.297461
vn -0.552563 0.791488 0.261191
vn 0.314647 0.901396 0.297461
vn 0.314647 0.901396 0.297461
vn 0.314647 0.901396 0.297461
vn 0.314647 0.901396 0.297461
vn 0.314647 0.901396 0.297461
vn -0.552563 0.791488 0.261191
vn -0.552563 0.791488 0.261191
vn 0.314647 0.901396 0.297461
vn -0.552563 0.791488 0.261191
vn 0.314647 0.901396 0.297461
vn 0.314647 0.901396 0.297461
vn -0.552563 0.791488 0.261191
vn 0.314647 0.901396 0.297461
vn 0.314647 0.901396 0.297461
vn 0.314647 0.901396 0.297461
vn 0.314647 0.901396 0.297461
vn 0.314647 0.901396 0.297461
vn -0.552563 0.791488 0.261191
vn -0.552563 0.791488 0.261191
vn 0.314647 0.901396 0.297461
vn -0.552563 0.791488 0.261191
vn 0.314647 0.901396 0.297461
vn 0.314647 0.901396 0.297461
vn -0.552563 0.791488 0.261191
vn 0.314647 0.901396 0.297461
vn 0.314647 0.901396 0.297461
vn 0.314647 0.901396 0.297461
vn 0.314647 0.901396 0.297461
vn 0.314647 0.901396 0.297461
vn -0.552563 0.791488 0.261191
vn -0.552563 0.791488 0.261191
vn 0.314647 0.901396 0.297461
vn -0.552563 0.791488 0.261191
vn 0.314647 0.901396 0.297461
vn 0.314647 0.901396 0.297461
vn -0.552563 0.791488 0.261191
vn 0.314647 0.901396 0.297461
vn 0.314647 0.901396 0.297461
vn 0.314647 0.901396 0.297461
vn 0.314647 0.901396 0.297461
vn 0.314647 0.901396 0.297461
vn -0.552563 0.791488 0.261191
vn -0.552563 0.791488 0.261191
vn 0.314647 0.901396 0.297461
vn -0.552563 0.791488 0.261191
vn 0.314647 0.901396 0.297461
vn 0.314647 0.901396 0.297461
vn -0.552563 0.791488 0.261191
vn 0.314647 0.901396 0.297461
vn 0.314647 0.901396 0.297461
vn 0.314647 0.901396 0.297461
vn 0.314647 0.901396 0.297461
vn 0.314647 0.901396 0.297461
vn -0.552563 0.791488 0.261191
vn -0.552563 0.791488 0.261191
vn 0.314647 0.901396 0.297461
vn -0.552563 0.791488 0.261191
vn 0.314647 0.901396 0.297461
vn 0.314647 0.901396 0.297461
vn -0.552563 0.791488 0.261191
vn 0.314647 0.901396 0.297461
vn 0.314647 0.901396 0.297461
vn 0.314647 0.901396 0.297461
vn 0.314647 0.901396 0.297461
vn 0.314647 0.901396 0.297461
vn -0.552563 0.791488 0.261191
vn -0.552563 0.791488 0.261191
vn 0.314647 0.901396 0.297461
vn -0.552563 0.791488 0.261191
vn 0.314647 0.901396 0.297461
vn 0.314647 0.901396 0.297461
vn -0.552563 0.791488 0.261191
vn 0.314647 0.901396 0.297461
vn 0.314647 0.901396 0.297461
vn 0.314647 0.901396 0.297461
vn 0.314647 0.901396 0.297461
vn 0.314647 0.901396 0.297461
vn -0.552563 0.791488 0.261191
vn -0.552563 0.791488 0.261191
vn 0.314647 0.901396 0.297461
vn -0.552563 0.791488 0.261191
vn 0.314647 0.901396 0.297461
vn 0.314647 0.901396 0.297461
vn -0.552563 0.791488 0.261191
vn 0.314647 0.901396 0.297461
vn 0.314647 0.901396 0.297461
vn 0.314647 0.901396 0.297461
vn 0.314647 0.901396 0.297461
vn 0.314647 0.901396 0.297461
vn -0.552563 0.791488 0.261191
vn -0.552563 0.791488 0.261191
vn 0.314647 0.901396 0.297461
vn -0.552563 0.791488 0.261191
vn 0.314647 0.901396 0.297461
vn 0.314647 0.901396 0.297461
vn -0.552563 0.791488 0.261191
vn 0.314647 0.901396 0.297461
vn 0.314647 0.901396 0.297461
vn 0.314647 0.901396 0.297461
vn 0.314647 0.901396 0.297461
vn 0.314647 0.901396 0.297461
vn -0.552563 0.791488 0.261191
vn -0.552563 0.791488 0.261191
vn 0.314647 0.901396 0.297461
vn -0.552563 0.791488 0.261191
vn 0.314647 0.901396 0.297461
vn 0.314647 0.901396 0.297461
vn -0.552563 0.791488 0.261191
vn 0.314647 0.901396 0.297461
vn 0.314647 0.901396 0.297461
vn 0.314647 0.901396 0.297461
vn 0.314647 0.901396 0.297461
vn 0.314647 0.901396 0.297461
vn -0.552563 0.791488 0.261191
vn -0.552563 0.791488 0.261191
vn 0.314647 0.901396 0.297461
vn -0.552563 0.791488 0.261191
vn 0.314647 0.901396 0.297461
vn 0.314647 0.901396 0.297461
vn -0.552563 0.791488 0.261191
vn 0.314647 0.901396 0.297461
vn 0.314647 0.901396 0.297461
vn 0.314647 0.901396 0.297461
vn 0.314647 0.901396 0.297461
vn 0.314647 0.901396 0.297461
vn -0.552563 0.791488 0.261191
vn -0.552563 0.791488 0.261191
vn 0.314647 0.901396 0.297461
vn -0.552563 0.791488 0.261191
vn 0.314647 0.901396 0.297461
vn 0.314647 0.901396 0.297461
vn -0.552563 0.791488 0.261191
vn 0.314647 0.901396 0.297461
vn 0.314647 0.901396 0.297461
vn 0.314647 0.901396 0.297461
vn 0.314647 0.901396 0.297461
vn 0.314647 0.901396 0.297461
vn -0.552563 0.791488 0.261191
vn -0.552563 0.791488 0.261191
vn 0.314647 0.901396 0.297461
vn -0.552563 0.791488 0.261191
vn 0.314647 0.901396 0.297461
vn 0.314647 0.901396 0.297461
vn -0.552563 0.791488 0.261191
vn 0.314647 0.901396 0.297461
vn 0.314647 0.901396 0.297461
vn 0.314647 0.901396 0.297461
vn 0.314647 0.901396 0.297461
vn 0.314647 0.901396 0.297461
vn -0.552563 0.791488 0.261191
vn -0.552563 0.791488 0.261191
vn 0.314647 0.901396 0.297461
vn -0.552563 0.791488 0.261191
vn 0.314647 0.901396 0.297461
vn 0.314647 0.901396 0.297461
vn -0.552563 0.791488 0.261191
vn 0.314647 0.901396 0.297461
vn 0.314647 0.901396 0.297461
vn 0.314647 0.901396 0.297461
vn 0.314647 0.901396 0.297461
vn 0.314647 0.901396 0.297461
vn -0.552563 0.791488 0.261191
vn -0.552563 0.791488 0.261191
vn 0.314647 0.901396 0.297461
vn -0.552563 0.791488 0.261191
vn 0.314647 0.901396 0.297461
vn 0.314647 0.901396 0.297461
vn -0.552563 0.791488 0.261191
vn 0.314647 0.901396 0.297461
vn 0.314647 0.901396 0.297461
vn 0.314647 0.901396 0.297461
vn 0.314647 0.901396 0.297461
vn 0.314647 0.901396 0.297461
vn -0.552563 0.791488 0.261191
vn -0.552563 0.791488 0.261191
vn 0.314647 0.901396 0.297461
vn -0.552563 0.791488 0.261191
vn 0.314647 0.901396 0.297461
vn 0.314647 0.901396 0.297461
vn -0.552563 0.791488 0.261191
vn 0.314647 0.901396 0.297461
vn 0.314647 0.901396 0.297461
vn 0.314647 0.901396 0.297461
vn 0.314647 0.901396 0.297461
vn 0.314647 0.901396 0.297461
vn -0.552563 0.791488 0.261191
vn -0.552563 0.791488 0.261191
vn 0.314647 0.901396 0.297461
vn -0.552563 0.791488 0.261191
vn 0.314647 0.901396 0.297461
vn 0.314647 0.901396 0.297461
vn -0.552563 0.791488 0.261191
vn 0.314647 0.901396 0.297461
vn 0.314647 0.901396 0.297461
vn 0.314647 0.901396 0.297461
vn 0.314647 0.901396 0.297461
vn 0.314647 0.901396 0.297461
vn -0.552563 0.791488 0.261191
vn -0.552563 0.791488 0.261191
vn 0.314647 0.901396 0.297461
vn -0.552563 0.791488 0.261191
vn 0.314647 0.901396 0.297461
vn 0.314647 0.901396 0.297461
vn -0.552563 0.791488 0.261191
vn 0.314647 0.901396 0.297461
vn 0.314647 0.901396 0.297461
vn 0.314647 0.901396 0.297461
vn 0.314647 0.901396 0.297461
vn 0.314647 0.901396 0.297461
vn -0.552563 0.791488 0.261191
vn -0.552563 0.791488 0.261191
vn 0.314647 0.901396 0.297461
vn -0.552563 0.791488 0.261191
vn 0.314647 0.901396 0.297461
vn 0.314647 0.901396 0.297461
vn -0.552563 0.791488 0.261191
vn 0.314647 0.901396 0.297461
vn 0.314647 0.901396 0.297461
vn 0.314647 0.901396 0.297461
vn 0.314647 0.901396 0.297461
vn 0.314647 0.901396 0.297461
vn -0.552563 0.791488 0.261191
vn -0.552563 0.791488 0.261191
vn 0.314647 0.901396 0.297461
vn -0.552563 0.791488 0.261191
vn 0.314647 0.901396 0.297461
vn 0.314647 0.901396 0.297461
vn -0.552563 0.791488 0.261191
vn 0.314647 0.901396 0.297461
vn 0.314647 0.901396 0.297461
vn 0.314647 0.901396 0.297461
vn 0.314647 0.901396 0.297461
vn 0.314647 0.901396 0.297461
vn -0.552563 0.791488 0.261191
vn -0.552563 0.791488 0.261191
vn 0.314647 0.901396 0.297461
vn -0.552563 0.791488 0.261191
vn 0.314647 0.901396 0.297461
vn 0.314647 0.901396 0.297461
vn -0.552563 0.791488 0.261191
vn 0.314647 0.901396 0.297461
vn 0.314647 0.901396 0.297461
vn 0.314647 0.901396 0.297461
vn 0.314647 0.901396 0.297461
vn 0.314647 0.901396 0.297461
vn -0.552563 0.791488 0.261191
vn -0.552563 0.791488 0.261191
vn 0.314647 0.901396 0.297461
vn -0.552563 0.791488 0.261191
vn 0.314647 0.901396 0.297461
vn 0.314647 0.901396 0.297461
vn -0.552563 0.791488 0.261191
vn 0.314647 0.901396 0.297461
vn 0.314647 0.901396 0.297461
vn 0.314647 0.901396 0.297461
vn 0.314647 0.901396 0.297461
vn 0.314647 0.901396 0.297461
vn -0.552563 0.791488 0.261191
vn -0.552563 0.791488 0.261191
vn 0.314647 0.901396 0.297461
vn -0.552563 0.791488 0.261191
vn 0.314647 0.901396 0.297461
vn 0.314647 0.901396 0.297461
vn -0.552563 0.791488 0.261191
vn 0.314647 0.901396 0.297461
vn 0.314647 0.901396 0.297461
vn 0.314647 0.901396 0.297461
vn 0.314647 0.901396 0.297461
vn 0.314647 0.901396 0.297461
vn -0.552563 0.791488 0.261191
vn -0.552563 0.791488 0.261191
vn 0.314647 0.901396 0.297461
vn -0.552563 0.791488 0.261191
vn 0.314647 0.901396 0.297461
vn 0.314647 0.901396 0.297461
vn -0.552563 0.791488 0.261191
vn 0.314647 0.901396 0.297461
vn 0.314647 0.901396 0.297461
vn 0.314647 0.901396 0.297461
vn 0.314647 0.901396 0.297461
vn 0.314647 0.901396 0.297461
vn -0.552563 0.791488 0.261191
vn -0.552563 0.791488 0.261191
vn 0.314647 0.901396 0.297461
vn -0.552563 0.791488 0.261191
vn 0.314647 0.901396 0.297461
vn 0.314647 0.901396 0.297461
vn -0.552563 0.791488 0.261191
vn 0.314647 0.901396 0.297461
vn 0.314647 0.901396 0.297461
vn 0.314647 0.901396 0.297461
vn 0.314647 0.901396 0.297461
vn 0.314647 0.901396 0.297461
vn -0.552563 0.791488 0.261191
vn -0.552563 0.791488 0.261191
vn 0.314647 0.901396 0.297461
vn -0.552563 0.791488 0.261191
vn 0.314647 0.901396 0.297461
vn 0.314647 0.901396 0.297461
vn -0.552563 0.791488 0.261191
vn 0.314647 0.901396 0.297461
vn 0.314647 0.901396 0.297461
vn 0.314647 0.901396 0.297461
vn 0.314647 0.901396 0.297461
vn 0.314647 0.901396 0.297461
vn -0.552563 0.791488 0.261191
vn -0.552563 0.791488 0.261191
vn 0.314647 0.901396 0.297461
vn -0.552563 0.791488 0.261191
vn 0.314647 0.901396 0.297461
vn 0.314647 0.901396 0.297461
vn -0.552563 0.791488 0.261191
vn 0.314647 0.901396 0.297461
vn 0.314647 0.901396 0.297461
vn 0.314647 0.901396 0.297461
vn 0.314647 0.901396 0.297461
vn 0.314647 0.901396 0.297461
vn -0.552563 0.791488 0.261191
vn -0.552563 0.791488 0.261191
vn 0.314647 0.901396 0.297461
vn -0.552563 0.791488 0.261191
vn 0.314647 0.901396 0.297461
vn 0.314647 0.901396 0.297461
vn -0.552563 0.791488 0.261191
vn 0.314647 0.901396 0.297461
vn 0.314647 0.901396 0.297461
vn 0.314647 0.901396 0.297461
vn 0.314647 0.901396 0.297461
vn 0.314647 0.901396 0.297461
vn -0.552563 0.791488 0.261191
vn -0.552563 0.791488 0.261191
vn 0.314647 0.901396 0.297461
vn -0.552563 0.791488 0.261191
vn 0.314647 0.901396 0.297461
vn 0.314647 0.901396 0.297461
vn -0.552563 0.791488 0.261191
vn 0.314647 0.901396 0.297461
vn 0.314647 0.901396 0.297461
vn 0.314647 0.901396 0.297461
vn 0.314647 0.901396 0.297461
vn 0.314647 0.901396 0.297461
vn -0.552563 0.791488 0.261191
vn -0.552563 0.791488 0.261191
vn 0.314647 0.901396 0.297461
vn -0.552563 0.791488 0.261191
vn 0.314647 0.901396 0.297461
vn 0.314647 0.901396 0.297461
vn -0.552563 0.791488 0.261191
vn 0.314647 0.901396 0.297461
vn 0.314647 0.901396 0.297461
vn 0.314647 0.901396 0.297461
vn 0.314647 0.901396 0.297461
vn 0.314647 0.901396 0.297461
vn -0.552563 0.791488 0.261191
vn -0.552563 0.791488 0.261191
vn 0.314647 0.901396 0.297461
vn -0.552563 0.791488 0.261191
vn 0.314647 0.901396 0.297461
vn 0.314647 0.901396 0.297461
vn -0.552563 0.791488 0.261191
vn 0.314647 0.901396 0.297461
vn 0.314647 0.901396 0.297461
vn 0.314647 0.901396 0.297461
vn 0.314647 0.901396 0.297461
vn 0.314647 0.901396 0.297461
vn -0.552563 0.791488 0.261191
vn -0.552563 0.791488 0.261191
vn 0.314647 0.901396 0.297461
vn -0.552563 0.791488 0.261191
vn 0.314647 0.901396 0.297461
vn 0.314647 0.901396 0.297461
vn -0.552563 0.791488 0.261191
vn 0.314647 0.901396 0.297461
vn 0.314647 0.901396 0.297461
vn 0.314647 0.901396 0.297461
vn 0.314647 0.901396 0.297461
vn 0.314647 0.901396 0.297461
vn -0.552563 0.791488 0.261191
vn -0.552563 0.791488 0.261191
vn 0.314647 0.901396 0.297461
vn -0.552563 0.791488 0.261191
vn 0.314647 0.901396 0.297461
vn 0.314647 0.901396 0.297461
vn -0.552563 0.791488 0.261191
vn 0.314647 0.901396 0.297461
vn 0.314647 0.901396 0.297461
vn 0.314647 0.901396 0.297461
vn 0.314647 0.901396 0.297461
vn 0.314647 0.901396 0.297461
vn -0.552563 0.791488 0.261191
vn -0.552563 0.791488 0.261191
vn 0.314647 0.901396 0.297461
vn -0.552563 0.791488 0.261191
vn 0.314647 0.901396 0.297461
vn 0.314647 0.901396 0.297461
vn -0.552563 0.791488 0.261191
vn 0.314647 0.901396 0.297461
vn 0.314647 0.901396 0.297461
vn 0.314647 0.901396 0.297461
vn 0.314647 0.901396 0.297461
vn 0.314647 0.901396 0.297461
vn -0.552563 0.791488 0.261191
vn -0.552563 0.791488 0.261191
vn 0.314647 0.901396 0.297461
vn -0.552563 0.791488 0.261191
vn 0.314647 0.901396 0.297461
vn 0.314647 0.901396 0.297461
vn -0.552563 0.791488 0.261191
vn 0.314647 0.901396 0.297461
vn 0.314647 0.901396 0.297461
vn 0.314647 0.901396 0.297461
vn 0.314647 0.901396 0.297461
vn 0.314647 0.901396 0.297461
vn -0.552563 0.791488 0.261191
vn -0.552563 0.791488 0.261191
vn 0.314647 0.901396 0.297461
vn -0.552563 0.791488 0.261191
vn 0.314647 0.901396 0.297461
vn 0.314647 0.901396 0.297461
vn -0.552563 0.791488 0.261191
vn 0.314647 0.901396 0.297461
vn 0.314647 0.901396 0.297461
vn 0.314647 0.901396 0.297461
vn 0.314647 0.901396 0.297461
vn 0.314647 0.901396 0.297461
vn -0.552563 0.791488 0.261191
vn -0.552563 0.791488 0.261191
vn 0.314647 0.901396 0.297461
vn -0.552563 0.791488 0.261191
vn 0.314647 0.901396 0.297461
vn 0.314647 0.901396 0.297461
vn -0.552563 0.791488 0.261191
vn 0.314647 0.901396 0.297461
vn 0.314647 0.901396 0.297461
vn 0.314647 0.901396 0.297461
vn 0.314647 0.901396 0.297461
vn 0.314647 0.901396 0.297461
vn -0.552563 0.791488 0.261191
vn -0.552563 0.791488 0.261191
vn 0.314647 0.901396 0.297461
vn -0.552563 0.791488 0.261191
vn 0.314647 0.901396 0.297461
vn 0.314647 0.901396 0.297461
vn -0.552563 0.791488 0.261191
vn 0.314647 0.901396 0.297461
vn 0.314647 0.901396 0.297461
vn 0.314647 0.901396 0.297461
vn 0.314647 0.901396 0.297461
vn 0.314647 0.901396 0.297461
vn -0.552563 0.791488 0.261191
vn -0.552563 0.791488 0.261191
vn 0.314647 0.901396 0.297461
vn -0.552563 0.791488 0.261191
vn 0.314647 0.901396 0.297461
vn 0.314647 0.901396 0.297461
vn -0.552563 0.791488 0.261191
vn 0.314647 0.901396 0.297461
vn 0.314647 0.901396 0.297461
vn 0.314647 0.901396 0.297461
vn 0.314647 0.901396 0.297461
vn 0.314647 0.901396 0.297461
vn -0.552563 0.791488 0.261191
vn -0.552563 0.791488 0.261191
vn 0.314647 0.901396 0.297461
vn -0.552563 0.791488 0.261191
vn 0.314647 0.901396 0.297461
vn 0.314647 0.901396 0.297461
vn -0.552563 0.791488 0.261191
vn 0.314647 0.901396 0.297461
vn 0.314647 0.901396 0.297461
vn 0.314647 0.901396 0.297461
vn 0.314647 0.901396 0.297461
vn 0.314647 0.901396 0.297461
vn -0.552563 0.791488 0.261191
vn -0.552563 0.791488 0.261191
vn 0.314647 0.901396 0.297461
vn -0.552563 0.791488 0.261191
vn 0.314647 0.901396 0.297461
vn 0.314647 0.901396 0.297461
vn -0.552563 0.791488 0.261191
vn 0.314647 0.901396 0.297461
vn 0.314647 0.901396 0.297461
vn 0.314647 0.901396 0.297461
vn 0.314647 0.901396 0.297461
vn 0.314647 0.901396 0.297461
vn -0.552563 0.791488 0.261191
vn -0.552563 0.791488 0.261191
vn 0.314647 0.901396 0.297461
vn -0.552563 0.791488 0.261191
vn 0.314647 0.901396 0.297461
vn 0.314647 0.901396 0.297461
vn -0.552563 0.791488 0.261191
vn 0.314647 0.901396 0.297461
vn 0.314647 0.901396 0.297461
vn 0.314647 0.901396 0.297461
vn 0.314647 0.901396 0.297461
vn 0.314647 0.901396 0.297461
vn -0.552563 0.791488 0.261191
vn -0.552563 0.791488 0.261191
vn 0.314647 0.901396 0.297461
vn -0.552563 0.791488 0.261191
vn 0.314647 0.901396 0.297461
vn 0.314647 0.901396 0.297461
vn -0.552563 0.791488 0.261191
vn 0.314647 0.901396 0.297461
vn 0.314647 0.901396 0.297461
vn 0.314647 0.901396 0.297461
vn 0.314647 0.901396 0.297461
vn 0.314647 0.901396 0.297461
vn -0.552563 0.791488 0.261191
vn -0.552563 0.791488 0.261191
vn 0.314647 0.901396 0.297461
vn -0.552563 0.791488 0.261191
vn 0.314647 0.901396 0.297461
vn 0.314647 0.901396 0.297461
vn -0.552563 0.791488 0.261191
vn 0.314647 0.901396 0.297461
vn 0.314647 0.901396 0.297461
vn 0.314647 0.901396 0.297461
vn 0.314647 0.901396 0.297461
vn 0.314647 0.901396 0.297461
vn -0.552563 0.791488 0.261191
vn -0.552563 0.791488 0.261191
vn 0.314647 0.901396 0.297461
vn -0.552563 0.791488 0.261191
vn 0.314647 0.901396 0.297461
vn 0.314647 0.901396 0.297461
vn -0.552563 0.791488 0.261191
vn 0.314647 0.901396 0.297461
vn 0.314647 0.901396 0.297461
vn 0.314647 0.901396 0.297461
vn 0.314647 0.901396 0.297461
vn 0.314647 0.901396 0.297461
vn -0.552563 0.791488 0.261191
vn -0.552563 0.791488 0.261191
vn 0.314647 0.901396 0.297461
vn -0.552563 0.791488 0.261191
vn 0.314647 0.901396 0.297461
vn 0.314647 0.901396 0.297461
vn -0.552563 0.791488 0.261191
vn 0.314647 0.901396 0.297461
vn 0.314647 0.901396 0.297461
vn 0.314647 0.901396 0.297461
vn 0.314647 0.901396 0.297461
vn 0.314647 0.901396 0.297461
vn -0.552563 0.791488 0.261191
vn -0.552563 0.791488 0.261191
vn 0.314647 0.901396 0.297461
vn -0.552563 0.791488 0.261191
vn 0.314647 0.901396 0.297461
vn 0.314647 0.901396 0.297461
vn -0.552563 0.791488 0.261191
vn 0.314647 0.901396 0.297461
vn 0.314647 0.901396 0.297461
vn 0.314647 0.901396 0.297461
vn 0.314647 0.901396 0.297461
vn 0.314647 0.901396 0.297461
vn -0.552563 0.791488 0.261191
vn -0.552563 0.791488 0.261191
vn 0.314647 0.901396 0.297461
vn -0.552563 0.791488 0.261191
vn 0.314647 0.901396 0.297461
vn 0.314647 0.901396 0.297461
vn -0.552563 0.791488 0.261191
vn 0.314647 0.901396 0.297461
vn 0.314647 0.901396 0.297461
vn 0.314647 0.901396 0.297461
vn 0.314647 0.901396 0.297461
vn 0.314647 0.901396 0.297461
vn -0.552563 0.791488 0.261191
vn -0.552563 0.791488 0.261191
vn 0.314647 0.901396 0.297461
vn -0.552563 0.791488 0.261191
vn 0.314647 0.901396 0.297461
vn 0.314647 0.901396 0.297461
vn -0.552563 0.791488 0.261191
vn 0.314647 0.901396 0.297461
vn 0.314647 0.901396 0.297461
vn 0.314647 0.901396 0.297461
vn 0.314647 0.901396 0.297461
vn 0.314647 0.901396 0.297461
vn -0.552563 0.791488 0.261191
vn -0.552563 0.791488 0.261191
vn 0.314647 0.901396 0.297461
vn -0.552563 0.791488 0.261191
vn 0.314647 0.901396 0.297461
vn 0.314647 0.901396 0.297461
vn -0.552563 0.791488 0.261191
vn 0.314647 0.901396 0.297461
vn 0.314647 0.901396 0.297461
vn 0.314647 0.901396 0.297461
vn 0.314647 0.901396 0.297461
vn 0.314647 0.901396 0.297461
vn -0.552563 0.791488 0.261191
vn -0.552563 0.791488 0.261191
vn 0.314647 0.901396 0.297461
vn -0.552563 0.791488 0.261191
vn 0.314647 0.901396 0.297461
vn 0.314647 0.901396 0.297461
vn -0.552563 0.791488 0.261191
vn 0.314647 0.901396 0.297461
vn 0.314647 0.901396 0.297461
vn 0.314647 0.901396 0.297461
vn 0.314647 0.901396 0.297461
vn 0.314647 0.901396 0.297461
vn -0.552563 0.791488 0.261191
vn -0.552563 0.791488 0.261191
vn 0.314647 0.901396 0.297461
vn -0.552563 0.791488 0.261191
vn 0.314647 0.901396 0.297461
vn 0.314647 0.901396 0.297461
vn -0.552563 0.791488 0.261191
vn 0.314647 0.901396 0.297461
vn 0.314647 0.901396 0.297461
vn 0.314647 0.901396 0.297461
vn 0.314647 0.901396 0.297461
vn 0.314647 0.901396 0.297461
vn -0.552563 0.791488 0.261191
vn -0.552563 0.791488 0.261191
vn 0.314647 0.901396 0.297461
vn -0.552563 0.791488 0.261191
vn 0.314647 0.901396 0.297461
vn 0.314647 0.901396 0.297461
vn -0.552563 0.791488 0.261191
vn 0.314647 0.901396 0.297461
vn 0.314647 0.901396 0.297461
vn 0.314647 0.901396 0.297461
vn 0.314647 0.901396 0.297461
vn 0.314647 0.901396 0.297461
vn -0.552563 0.791488 0.261191
vn -0.552563 0.791488 0.261191
vn 0.314647 0.901396 0.297461
vn -0.552563 0.791488 0.261191
vn 0.314647 0.901396 0.297461
vn 0.314647 0.901396 0.297461
vn -0.552563 0.791488 0.261191
vn 0.314647 0.901396 0.297461
vn 0.314647 0.901396 0.297461
vn 0.314647 0.901396 0.297461
vn 0.314647 0.901396 0.297461
vn 0.314647 0.901396 0.297461
vn -0.552563 0.791488 0.261191
vn -0.552563 0.791488 0.261191
vn 0.314647 0.901396 0.297461
vn -0.552563 0.791488 0.261191
vn 0.314647 0.901396 0.297461
vn 0.314647 0.901396 0.297461
vn -0.552563 0.791488 0.261191
vn 0.314647 0.901396 0.297461
vn 0.314647 0.901396 0.297461
vn 0.314647 0.901396 0.297461
vn 0.314647 0.901396 0.297461
vn 0.314647 0.901396 0.297461
vn -0.552563 0.791488 0.261191
vn -0.552563 0.791488 0.261191
vn 0.314647 0.901396 0.297461
vn -0.552563 0.791488 0.261191
vn 0.314647 0.901396 0.297461
vn 0.314647 0.901396 0.297461
vn -0.552563 0.791488 0.261191
vn 0.314647 0.901396 0.297461
vn 0.314647 0.901396 0.297461
vn 0.314647 0.901396 0.297461
vn 0.314647 0.901396 0.297461
vn 0.314647 0.901396 0.297461
vn -0.552563 0.791488 0.261191
vn -0.552563 0.791488 0.261191
vn 0.314647 0.901396 0.297461
vn -0.552563 0.791488 0.261191
vn 0.314647 0.901396 0.297461
vn 0.314647 0.901396 0.297461
vn -0.552563 0.791488 0.261191
vn 0.314647 0.901396 0.297461
vn 0.314647 0.901396 0.297461
vn 0.314647 0.901396 0.297461
vn 0.314647 0.901396 0.297461
vn 0.314647 0.901396 0.297461
vn -0.552563 0.791488 0.261191
vn -0.552563 0.791488 0.261191
vn 0.314647 0.901396 0.297461
vn -0.552563 0.791488 0.261191
vn 0.314647 0.901396 0.297461
vn 0.314647 0.901396 0.297461
vn -0.552563 0.791488 0.261191
vn 0.314647 0.901396 0.297461
vn 0.314647 0.901396 0.297461
vn 0.314647 0.901396 0.297461
vn 0.314647 0.901396 0.297461
vn 0.314647 0.901396 0.297461
vn -0.552563 0.791488 0.261191
vn -0.552563 0.791488 0.261191
vn 0.314647 0.901396 0.297461
vn -0.552563 0.791488 0.261191
vn 0.314647 0.901396 0.297461
vn 0.314647 0.901396 0.297461
vn -0.552563 0.791488 0.261191
vn 0.314647 0.901396 0.297461
vn 0.314647 0.901396 0.297461
vn 0.314647 0.901396 0.297461
vn 0.314647 0.901396 0.297461
vn 0.314647 0.901396 0.297461
vn -0.552563 0.791488 0.261191
vn -0.552563 0.791488 0.261191
vn 0.314647 0.901396 0.297461
vn -0.552563 0.791488 0.261191
vn 0.314647 0.901396 0.297461
vn 0.314647 0.901396 0.297461
vn -0.552563 0.791488 0.261191
vn 0.314647 0.901396 0.297461
vn 0.314647 0.901396 0.297461
vn 0.314647 0.901396 0.297461
vn 0.314647 0.901396 0.297461
vn 0.314647 0.901396 0.297461
vn -0.552563 0.791488 0.261191
vn -0.552563 0.791488 0.261191
vn 0.314647 0.901396 0.297461
vn -0.552563 0.791488 0.261191
vn 0.314647 0.901396 0.297461
vn 0.314647 0.901396 0.297461
vn -0.552563 0.791488 0.261191
vn 0.314647 0.901396 0.297461
vn 0.314647 0.901396 0.297461
vn 0.314647 0.901396 0.297461
vn 0.314647 0.901396 0.297461
vn 0.314647 0.901396 0.297461
vn -0.552563 0.791488 0.261191
vn -0.552563 0.791488 0.261191
vn 0.314647 0.901396 0.297461
vn -0.552563 0.791488 0.261191
vn 0.314647 0.901396 0.297461
vn 0.314647 0.901396 0.297461
vn -0.552563 0.791488 0.261191
vn 0.314647 0.901396 0.297461
vn 0.314647 0.901396 0.297461
vn 0.314647 0.901396 0.297461
vn 0.314647 0.901396 0.297461
vn 0.314647 0.901396 0.297461
vn -0.552563 0.791488 0.261191
vn -0.552563 0.791488 0.261191
vn 0.314647 0.901396 0.297461
vn -0.552563 0.791488 0.261191
vn 0.314647 0.901396 0.297461
vn 0.314647 0.901396 0.297461
vn -0.552563 0.791488 0.261191
vn 0.314647 0.901396 0.297461
vn 0.314647 0.901396 0.297461
vn 0.314647 0.901396 0.297461
vn 0.314647 0.901396 0.297461
vn 0.314647 0.901396 0.297461
vn -0.552563 0.791488 0.261191
vn -0.552563 0.791488 0.261191
vn 0.314647 0.901396 0.297461
vn -0.552563 0.791488 0.261191
vn 0.314647 0.901396 0.297461
vn 0.314647 0.901396 0.297461
vn -0.552563 0.791488 0.261191
vn 0.314647 0.901396 0.297461
vn 0.314647 0.901396 0.297461
vn 0.314647 0.901396 0.297461
vn 0.314647 0.901396 0.297461
vn 0.314647 0.901396 0.297461
vn -0.552563 0.791488 0.261191
vn -0.552563 0.791488 0.261191
vn 0.314647 0.901396 0.297461
vn -0.552563 0.791488 0.261191
vn 0.314647 0.901396 0.297461
vn 0.314647 0.901396 0.297461
vn -0.552563 0.791488 0.261191
vn 0.314647 0.901396 0.297461
vn 0.314647 0.901396 0.297461
vn 0.314647 0.901396 0.297461
vn 0.314647 0.901396 0.297461
vn 0.314647 0.901396 0.297461
vn -0.552563 0.791488 0.261191
vn -0.552563 0.791488 0.261191
vn 0.314647 0.901396 0.297461
vn -0.552563 0.791488 0.261191
vn 0.314647 0.901396 0.297461
vn 0.314647 0.901396 0.297461
vn -0.552563 0.791488 0.261191
vn 0.314647 0.901396 0.297461
vn 0.314647 0.901396 0.297461
vn 0.314647 0.901396 0.297461
vn 0.314647 0.901396 0.297461
vn 0.314647 0.901396 0.297461
vn -0.552563 0.791488 0.261191
vn -0.552563 0.791488 0.261191
vn 0.314647 0.901396 0.297461
vn -0.552563 0.791488 0.261191
vn 0.314647 0.901396 0.297461
vn 0.314647 0.901396 0.297461
vn -0.552563 0.791488 0.261191
vn 0.314647 0.901396 0.297461
vn 0.314647 0.901396 0.297461
vn 0.314647 0.901396 0.297461
vn 0.314647 0.901396 0.297461
vn 0.314647 0.901396 0.297461
vn -0.552563 0.791488 0.261191
vn -0.552563 0.791488 0.261191
vn 0.314647 0.901396 0.297461
vn -0.552563 0.791488 0.261191
vn 0.314647 0.901396 0.297461
vn 0.314647 0.901396 0.297461
vn -0.552563 0.791488 0.261191
vn 0.314647 0.901396 0.297461
vn 0.314647 0.901396 0.297461
vn 0.314647 0.901396 0.297461
vn 0.314647 0.901396 0.297461
vn 0.314647 0.901396 0.297461
vn -0.552563 0.791488 0.261191
vn -0.552563 0.791488 0.261191
vn 0.314647 0.901396 0.297461
vn -0.552563 0.791488 0.261191
vn 0.314647 0.901396 0.297461
vn 0.314647 0.901396 0.297461
vn -0.552563 0.791488 0.261191
vn 0.314647 0.901396 0.297461
vn 0.314647 0.901396 0.297461
vn 0.314647 0.901396 0.297461
vn 0.314647 0.901396 0.297461
vn 0.314647 0.901396 0.297461
vn -0.552563 0.791488 0.261191
vn -0.552563 0.791488 0.261191
vn 0.314647 0.901396 0.297461
vn -0.552563 0.791488 -0.261191
vn 0.314647 0.901396 -0.297461
vn 0.314647 0.901396 -0.297461
vn -0.552563 0.791488 -0.261191
vn 0.314647 0.901396 -0.297461
vn 0.314647 0.901396 -0.297461
vn 0.314647 0.901396 -0.297461
vn 0.314647 0.901396 -0.297461
vn 0.314647 0.901396 -0.297461
vn -0.552563 0.791488 -0.261191
vn -0.552563 0.791488 -0.261191
vn 0.314647 0.901396 -0.297461
vn -0.552563 0.791488 -0.261191
vn 0.314647 0.901396 -0.297461
vn 0.314647 0.901396 -0.297461
vn -0.552563 0.791488 -0.261191
vn 0.314647 0.901396 -0.297461
vn 0.314647 0.901396 -0.297461
vn 0.314647 0.901396 -0.297461
vn 0.314647 0.901396 -0.297461
vn 0.314647 0.901396 -0.297461
vn -0.552563 0.791488 -0.261191
vn -0.552563 0.791488 -0.261191
vn 0.314647 0.901396 -0.297461
vn -0.552563 0.791488 -0.261191
vn 0.314647 0.901396 -0.297461
vn 0.314647 0.901396 -0.297461
vn -0.552563 0.791488 -0.261191
vn 0.314647 0.901396 -0.297461
vn 0.314647 0.901396 -0.297461
vn 0.314647 0.901396 -0.297461
vn 0.314647 0.901396 -0.297461
vn 0.314647 0.901396 -0.297461
vn -0.552563 0.791488 -0.261191
vn -0.552563 0.791488 -0.261191
vn 0.314647 0.901396 -0.297461
vn -0.552563 0.791488 -0.261191
vn 0.314647 0.901396 -0.297461
vn 0.314647 0.901396 -0.297461
vn -0.552563 0.791488 -0.261191
vn 0.314647 0.901396 -0.297461
vn 0.314647 0.901396 -0.297461
vn 0.314647 0.901396 -0.297461
vn 0.314647 0.901396 -0.297461
vn 0.314647 0.901396 -0.297461
vn -0.552563 0.791488 -0.261191
vn -0.552563 0.791488 -0.261191
vn 0.314647 0.901396 -0.297461
vn -0.552563 0.791488 -0.261191
vn 0.314647 0.901396 -0.297461
vn 0.314647 0.901396 -0.297461
vn -0.552563 0.791488 -0.261191
vn 0.314647 0.901396 -0.297461
vn 0.314647 0.901396 -0.297461
vn 0.314647 0.901396 -0.297461
vn 0.314647 0.901396 -0.297461
vn 0.314647 0.901396 -0.297461
vn -0.552563 0.791488 -0.261191
vn -0.552563 0.791488 -0.261191
vn 0.314647 0.901396 -0.297461
vn -0.552563 0.791488 -0.261191
vn 0.314647 0.901396 -0.297461
vn 0.314647 0.901396 -0.297461
vn -0.552563 0.791488 -0.261191
vn 0.314647 0.901396 -0.297461
vn 0.314647 0.901396 -0.297461
vn 0.314647 0.901396 -0.297461
vn 0.314647 0.901396 -0.297461
vn 0.314647 0.901396 -0.297461
vn -0.552563 0.791488 -0.261191
vn -0.552563 0.791488 -0.261191
vn 0.314647 0.901396 -0.297461
vn -0.552563 0.791488 -0.261191
vn 0.314647 0.901396 -0.297461
vn 0.314647 0.901396 -0.297461
vn -0.552563 0.791488 -0.261191
vn 0.314647 0.901396 -0.297461
vn 0.314647 0.901396 -0.297461
vn 0.314647 0.901396 -0.297461
vn 0.314647 0.901396 -0.297461
vn 0.314647 0.901396 -0.297461
vn -0.552563 0.791488 -0.261191
vn -0.552563 0.791488 -0.261191
vn 0.314647 0.901396 -0.297461
vn -0.552563 0.791488 -0.261191
vn 0.314647 0.901396 -0.297461
vn 0.314647 0.901396 -0.297461
vn -0.552563 0.791488 -0.261191
vn 0.314647 0.901396 -0.297461
vn 0.314647 0.901396 -0.297461
vn 0.314647 0.901396 -0.297461
vn 0.314647 0.901396 -0.297461
vn 0.314647 0.901396 -0.297461
vn -0.552563 0.791488 -0.261191
vn -0.552563 0.791488 -0.261191
vn 0.314647 0.901396 -0.297461
vn -0.552563 0.791488 -0.261191
vn 0.314647 0.901396 -0.297461
vn 0.314647 0.901396 -0.297461
vn -0.552563 0.791488 -0.261191
vn 0.314647 0.901396 -0.297461
vn 0.314647 0.901396 -0.297461
vn 0.314647 0.901396 -0.297461
vn 0.314647 0.901396 -0.297461
vn 0.314647 0.901396 -0.297461
vn -0.552563 0.791488 -0.261191
vn -0.552563 0.791488 -0.261191
vn 0.314647 0.901396 -0.297461
vn -0.552563 0.791488 -0.261191
vn 0.314647 0.901396 -0.297461
vn 0.314647 0.901396 -0.297461
vn -0.552563 0.791488 -0.261191
vn 0.314647 0.901396 -0.297461
vn 0.314647 0.901396 -0.297461
vn 0.314647 0.901396 -0.297461
vn 0.314647 0.901396 -0.297461
vn 0.314647 0.901396 -0.297461
vn -0.552563 0.791488 -0.261191
vn -0.552563 0.791488 -0.261191
vn 0.314647 0.901396 -0.297461
vn -0.552563 0.791488 -0.261191
vn 0.314647 0.901396 -0.297461
vn 0.314647 0.901396 -0.297461
vn -0.552563 0.791488 -0.261191
vn 0.314647 0.901396 -0.297461
vn 0.314647 0.901396 -0.297461
vn 0.314647 0.901396 -0.297461
vn 0.314647 0.901396 -0.297461
vn 0.314647 0.901396 -0.297461
vn -0.552563 0.791488 -0.261191
vn -0.552563 0.791488 -0.261191
vn 0.314647 0.901396 -0.297461
vn -0.552563 0.791488 -0.261191
vn 0.314647 0.901396 -0.297461
vn 0.314647 0.901396 -0.297461
vn -0.552563 0.791488 -0.261191
vn 0.314647 0.901396 -0.297461
vn 0.314647 0.901396 -0.297461
vn 0.314647 0.901396 -0.297461
vn 0.314647 0.901396 -0.297461
vn 0.314647 0.901396 -0.297461
vn -0.552563 0.791488 -0.261191
vn -0.552563 0.791488 -0.261191
vn 0.314647 0.901396 -0.297461
vn -0.552563 0.791488 -0.261191
vn 0.314647 0.901396 -0.297461
vn 0.314647 0.901396 -0.297461
vn -0.552563 0.791488 -0.261191
vn 0.314647 0.901396 -0.297461
vn 0.314647 0.901396 -0.297461
vn 0.314647 0.901396 -0.297461
vn 0.314647 0.901396 -0.297461
vn 0.314647 0.901396 -0.297461
vn -0.552563 0.791488 -0.261191
vn -0.552563 0.791488 -0.261191
vn 0.314647 0.901396 -0.297461
vn -0.552563 0.791488 -0.261191
vn 0.314647 0.901396 -0.297461
vn 0.314647 0.901396 -0.297461
vn -0.552563 0.791488 -0.261191
vn 0.314647 0.901396 -0.297461
vn 0.314647 0.901396 -0.297461
vn 0.314647 0.901396 -0.297461
vn 0.314647 0.901396 -0.297461
vn 0.314647 0.901396 -0.297461
vn -0.552563 0.791488 -0.261191
vn -0.552563 0.791488 -0.261191
vn 0.314647 0.901396 -0.297461
vn -0.552563 0.791488 -0.261191
vn 0.314647 0.901396 -0.297461
vn 0.314647 0.901396 -0.297461
vn -0.552563 0.791488 -0.261191
vn 0.314647 0.901396 -0.297461
vn 0.314647 0.901396 -0.297461
vn 0.314647 0.901396 -0.297461
vn 0.314647 0.901396 -0.297461
vn 0.314647 0.901396 -0.297461
vn -0.552563 0.791488 -0.261191
vn -0.552563 0.791488 -0.261191
vn 0.314647 0.901396 -0.297461
vn -0.552563 0.791488 -0.261191
vn 0.314647 0.901396 -0.297461
vn 0.314647 0.901396 -0.297461
vn -0.552563 0.791488 -0.261191
vn 0.314647 0.901396 -0.297461
vn 0.314647 0.901396 -0.297461
vn 0.314647 0.901396 -0.297461
vn 0.314647 0.901396 -0.297461
vn 0.314647 0.901396 -0.297461
vn -0.552563 0.791488 -0.261191
vn -0.552563 0.791488 -0.261191
vn 0.314647 0.901396 -0.297461
vn -0.552563 0.791488 -0.261191
vn 0.314647 0.901396 -0.297461
vn 0.314647 0.901396 -0.297461
vn -0.552563 0.791488 -0.261191
vn 0.314647 0.901396 -0.297461
vn 0.314647 0.901396 -0.297461
vn 0.314647 0.901396 -0.297461
vn 0.314647 0.901396 -0.297461
vn 0.314647 0.901396 -0.297461
vn -0.552563 0.791488 -0.261191
vn -0.552563 0.791488 -0.261191
vn 0.314647 0.901396 -0.297461
vn -0.552563 0.791488 -0.261191
vn 0.314647 0.901396 -0.297461
vn 0.314647 0.901396 -0.297461
vn -0.552563 0.791488 -0.261191
vn 0.314647 0.901396 -0.297461
vn 0.314647 0.901396 -0.297461
vn 0.314647 0.901396 -0.297461
vn 0.314647 0.901396 -0.297461
vn 0.314647 0.901396 -0.297461
vn -0.552563 0.791488 -0.261191
vn -0.552563 0.791488 -0.261191
vn 0.314647 0.901396 -0.297461
vn -0.552563 0.791488 -0.261191
vn 0.314647 0.901396 -0.297461
vn 0.314647 0.901396 -0.297461
vn -0.552563 0.791488 -0.261191
vn 0.314647 0.901396 -0.297461
vn 0.314647 0.901396 -0.297461
vn 0.314647 0.901396 -0.297461
vn 0.314647 0.901396 -0.297461
vn 0.314647 0.901396 -0.297461
vn -0.552563 0.791488 -0.261191
vn -0.552563 0.791488 -0.261191
vn 0.314647 0.901396 -0.297461
vn -0.552563 0.791488 -0.261191
vn 0.314647 0.901396 -0.297461
vn 0.314647 0.901396 -0.297461
vn -0.552563 0.791488 -0.261191
vn 0.314647 0.901396 -0.297461
vn 0.314647 0.901396 -0.297461
vn 0.314647 0.901396 -0.297461
vn 0.314647 0.901396 -0.297461
vn 0.314647 0.901396 -0.297461
vn -0.552563 0.791488 -0.261191
vn -0.552563 0.791488 -0.261191
vn 0.314647 0.901396 -0.297461
vn -0.552563 0.791488 -0.261191
vn 0.314647 0.901396 -0.297461
vn 0.314647 0.901396 -0.297461
vn -0.552563 0.791488 -0.261191
vn 0.314647 0.901396 -0.297461
vn 0.314647 0.901396 -0.297461
vn 0.314647 0.901396 -0.297461
vn 0.314647 0.901396 -0.297461
vn 0.314647 0.901396 -0.297461
vn -0.552563 0.791488 -0.261191
vn -0.552563 0.791488 -0.261191
vn 0.314647 0.901396 -0.297461
vn -0.552563 0.791488 -0.261191
vn 0.314647 0.901396 -0.297461
vn 0.314647 0.901396 -0.297461
vn -0.552563 0.791488 -0.261191
vn 0.314647 0.901396 -0.297461
vn 0.314647 0.901396 -0.297461
vn 0.314647 0.901396 -0.297461
vn 0.314647 0.901396 -0.297461
vn 0.314647 0.901396 -0.297461
vn -0.552563 0.791488 -0.261191
vn -0.552563 0.791488 -0.261191
vn 0.314647 0.901396 -0.297461
vn -0.552563 0.791488 -0.261191
vn 0.314647 0.901396 -0.297461
vn 0.314647 0.901396 -0.297461
vn -0.552563 0.791488 -0.261191
vn 0.314647 0.901396 -0.297461
vn 0.314647 0.901396 -0.297461
vn 0.314647 0.901396 -0.297461
vn 0.314647 0.901396 -0.297461
vn 0.314647 0.901396 -0.297461
vn -0.552563 0.791488 -0.261191
vn -0.552563 0.791488 -0.261191
vn 0.314647 0.901396 -0.297461
vn -0.552563 0.791488 -0.261191
vn 0.314647 0.901396 -0.297461
vn 0.314647 0.901396 -0.297461
vn -0.552563 0.791488 -0.261191
vn 0.314647 0.901396 -0.297461
vn 0.314647 0.901396 -0.297461
vn 0.314647 0.901396 -0.297461
vn 0.314647 0.901396 -0.297461
vn 0.314647 0.901396 -0.297461
vn -0.552563 0.791488 -0.261191
vn -0.552563 0.791488 -0.261191
vn 0.314647 0.901396 -0.297461
vn -0.552563 0.791488 -0.261191
vn 0.314647 0.901396 -0.297461
vn 0.314647 0.901396 -0.297461
vn -0.552563 0.791488 -0.261191
vn 0.314647 0.901396 -0.297461
vn 0.314647 0.901396 -0.297461
vn 0.314647 0.901396 -0.297461
vn 0.314647 0.901396 -0.297461
vn 0.314647 0.901396 -0.297461
vn -0.552563 0.791488 -0.261191
vn -0.552563 0.791488 -0.261191
vn 0.314647 0.901396 -0.297461
vn -0.552563 0.791488 -0.261191
vn 0.314647 0.901396 -0.297461
vn 0.314647 0.901396 -0.297461
vn -0.552563 0.791488 -0.261191
vn 0.314647 0.901396 -0.297461
vn 0.314647 0.901396 -0.297461
vn 0.314647 0.901396 -0.297461
vn 0.314647 0.901396 -0.297461
vn 0.314647 0.901396 -0.297461
vn -0.552563 0.791488 -0.261191
vn -0.552563 0.791488 -0.261191
vn 0.314647 0.901396 -0.297461
vn -0.552563 0.791488 -0.261191
vn 0.314647 0.901396 -0.297461
vn 0.314647 0.901396 -0.297461
vn -0.552563 0.791488 -0.261191
vn 0.314647 0.901396 -0.297461
vn 0.314647 0.901396 -0.297461
vn 0.314647 0.901396 -0.297461
vn 0.314647 0.901396 -0.297461
vn 0.314647 0.901396 -0.297461
vn -0.552563 0.791488 -0.261191
vn -0.552563 0.791488 -0.261191
vn 0.314647 0.901396 -0.297461
vn -0.552563 0.791488 -0.261191
vn 0.314647 0.901396 -0.297461
vn 0.314647 0.901396 -0.297461
vn -0.552563 0.791488 -0.261191
vn 0.314647 0.901396 -0.297461
vn 0.314647 0.901396 -0.297461
vn 0.314647 0.901396 -0.297461
vn 0.314647 0.901396 -0.297461
vn 0.314647 0.901396 -0.297461
vn -0.552563 0.791488 -0.261191
vn -0.552563 0.791488 -0.261191
vn 0.314647 0.901396 -0.297461
vn -0.552563 0.791488 -0.261191
vn 0.314647 0.901396 -0.297461
vn 0.314647 0.901396 -0.297461
vn -0.552563 0.791488 -0.261191
vn 0.314647 0.901396 -0.297461
vn 0.314647 0.901396 -0.297461
vn 0.314647 0.901396 -0.297461
vn 0.314647 0.901396 -0.297461
vn 0.314647 0.901396 -0.297461
vn -0.552563 0.791488 -0.261191
vn -0.552563 0.791488 -0.261191
vn 0.314647 0.901396 -0.297461
vn -0.552563 0.791488 -0.261191
vn 0.314647 0.901396 -0.297461
vn 0.314647 0.901396 -0.297461
vn -0.552563 0.791488 -0.261191
vn 0.314647 0.901396 -0.297461
vn 0.314647 0.901396 -0.297461
vn 0.314647 0.901396 -0.297461
vn 0.314647 0.901396 -0.297461
vn 0.314647 0.901396 -0.297461
vn -0.552563 0.791488 -0.261191
vn -0.552563 0.791488 -0.261191
vn 0.314647 0.901396 -0.297461
vn -0.552563 0.791488 -0.261191
vn 0.314647 0.901396 -0.297461
vn 0.314647 0.901396 -0.297461
vn -0.552563 0.791488 -0.261191
vn 0.314647 0.901396 -0.297461
vn 0.314647 0.901396 -0.297461
vn 0.314647 0.901396 -0.297461
vn 0.314647 0.901396 -0.297461
vn 0.314647 0.901396 -0.297461
vn -0.552563 0.791488 -0.261191
vn -0.552563 0.791488 -0.261191
vn 0.314647 0.901396 -0.297461
vn -0.552563 0.791488 -0.261191
vn 0.314647 0.901396 -0.297461
vn 0.314647 0.901396 -0.297461
vn -0.552563 0.791488 -0.261191
vn 0.314647 0.901396 -0.297461
vn 0.314647 0.901396 -0.297461
vn 0.314647 0.901396 -0.297461
vn 0.314647 0.901396 -0.297461
vn 0.314647 0.901396 -0.297461
vn -0.552563 0.791488 -0.261191
vn -0.552563 0.791488 -0.261191
vn 0.314647 0.901396 -0.297461
vn -0.552563 0.791488 -0.261191
vn 0.314647 0.901396 -0.297461
vn 0.314647 0.901396 -0.297461
vn -0.552563 0.791488 -0.261191
vn 0.314647 0.901396 -0.297461
vn 0.314647 0.901396 -0.297461
vn 0.314647 0.901396 -0.297461
vn 0.314647 0.901396 -0.297461
vn 0.314647 0.901396 -0.297461
vn -0.552563 0.791488 -0.261191
vn -0.552563 0.791488 -0.261191
vn 0.314647 0.901396 -0.297461
vn -0.552563 0.791488 -0.261191
vn 0.314647 0.901396 -0.297461
vn 0.314647 0.901396 -0.297461
vn -0.552563 0.791488 -0.261191
vn 0.314647 0.901396 -0.297461
vn 0.314647 0.901396 -0.297461
vn 0.314647 0.901396 -0.297461
vn 0.314647 0.901396 -0.297461
vn 0.314647 0.901396 -0.297461
vn -0.552563 0.791488 -0.261191
vn -0.552563 0.791488 -0.261191
vn 0.314647 0.901396 -0.297461
vn -0.552563 0.791488 -0.261191
vn 0.314647 0.901396 -0.297461
vn 0.314647 0.901396 -0.297461
vn -0.552563 0.791488 -0.261191
vn 0.314647 0.901396 -0.297461
vn 0.314647 0.901396 -0.297461
vn 0.314647 0.901396 -0.297461
vn 0.314647 0.901396 -0.297461
vn 0.314647 0.901396 -0.297461
vn -0.552563 0.791488 -0.261191
vn -0.552563 0.791488 -0.261191
vn 0.314647 0.901396 -0.297461
vn -0.552563 0.791488 -0.261191
vn 0.314647 0.901396 -0.297461
vn 0.314647 0.901396 -0.297461
vn -0.552563 0.791488 -0.261191
vn 0.314647 0.901396 -0.297461
vn 0.314647 0.901396 -0.297461
vn 0.314647 0.901396 -0.297461
vn 0.314647 0.901396 -0.297461
vn 0.314647 0.901396 -0.297461
vn -0.552563 0.791488 -0.261191
vn -0.552563 0.791488 -0.261191
vn 0.314647 0.901396 -0.297461
vn -0.552563 0.791488 -0.261191
vn 0.314647 0.901396 -0.297461
vn 0.314647 0.901396 -0.297461
vn -0.552563 0.791488 -0.261191
vn 0.314647 0.901396 -0.297461
vn 0.314647 0.901396 -0.297461
vn 0.314647 0.901396 -0.297461
vn 0.314647 0.901396 -0.297461
vn 0.314647 0.901396 -0.297461
vn -0.552563 0.791488 -0.261191
vn -0.552563 0.791488 -0.261191
vn 0.314647 0.901396 -0.297461
vn -0.552563 0.791488 -0.261191
vn 0.314647 0.901396 -0.297461
vn 0.314647 0.901396 -0.297461
vn -0.552563 0.791488 -0.261191
vn 0.314647 0.901396 -0.297461
vn 0.314647 0.901396 -0.297461
vn 0.314647 0.901396 -0.297461
vn 0.314647 0.901396 -0.297461
vn 0.314647 0.901396 -0.297461
vn -0.552563 0.791488 -0.261191
vn -0.552563 0.791488 -0.261191
vn 0.314647 0.901396 -0.297461
vn -0.552563 0.791488 -0.261191
vn 0.314647 0.901396 -0.297461
vn 0.314647 0.901396 -0.297461
vn -0.552563 0.791488 -0.261191
vn 0.314647 0.901396 -0.297461
vn 0.314647 0.901396 -0.297461
vn 0.314647 0.901396 -0.297461
vn 0.314647 0.901396 -0.297461
vn 0.314647 0.901396 -0.297461
vn -0.552563 0.791488 -0.261191
vn -0.552563 0.791488 -0.261191
vn 0.314647 0.901396 -0.297461
vn -0.552563 0.791488 -0.261191
vn 0.314647 0.901396 -0.297461
vn 0.314647 0.901396 -0.297461
vn -0.552563 0.791488 -0.261191
vn 0.314647 0.901396 -0.297461
vn 0.314647 0.901396 -0.297461
vn 0.314647 0.901396 -0.297461
vn 0.314647 0.901396 -0.297461
vn 0.314647 0.901396 -0.297461
vn -0.552563 0.791488 -0.261191
vn -0.552563 0.791488 -0.261191
vn 0.314647 0.901396 -0.297461
vn -0.552563 0.791488 -0.261191
vn 0.314647 0.901396 -0.297461
vn 0.314647 0.901396 -0.297461
vn -0.552563 0.791488 -0.261191
vn 0.314647 0.901396 -0.297461
vn 0.314647 0.901396 -0.297461
vn 0.314647 0.901396 -0.297461
vn 0.314647 0.901396 -0.297461
vn 0.314647 0.901396 -0.297461
vn -0.552563 0.791488 -0.261191
vn -0.552563 0.791488 -0.261191
vn 0.314647 0.901396 -0.297461
vn -0.552563 0.791488 -0.261191
vn 0.314647 0.901396 -0.297461
vn 0.314647 0.901396 -0.297461
vn -0.552563 0.791488 -0.261191
vn 0.314647 0.901396 -0.297461
vn 0.314647 0.901396 -0.297461
vn 0.314647 0.901396 -0.297461
vn 0.314647 0.901396 -0.297461
vn 0.314647 0.901396 -0.297461
vn -0.552563 0.791488 -0.261191
vn -0.552563 0.791488 -0.261191
vn 0.314647 0.901396 -0.297461
vn -0.552563 0.791488 -0.261191
vn 0.314647 0.901396 -0.297461
vn 0.314647 0.901396 -0.297461
vn -0.552563 0.791488 -0.261191
vn 0.314647 0.901396 -0.297461
vn 0.314647 0.901396 -0.297461
vn 0.314647 0.901396 -0.297461
vn 0.314647 0.901396 -0.297461
vn 0.314647 0.901396 -0.297461
vn -0.552563 0.791488 -0.261191
vn -0.552563 0.791488 -0.261191
vn 0.314647 0.901396 -0.297461
vn -0.552563 0.791488 -0.261191
vn 0.314647 0.901396 -0.297461
vn 0.314647 0.901396 -0.297461
vn -0.552563 0.791488 -0.261191
vn 0.314647 0.901396 -0.297461
vn 0.314647 0.901396 -0.297461
vn 0.314647 0.901396 -0.297461
vn 0.314647 0.901396 -0.297461
vn 0.314647 0.901396 -0.297461
vn -0.552563 0.791488 -0.261191
vn -0.552563 0.791488 -0.261191
vn 0.314647 0.901396 -0.297461
vn -0.552563 0.791488 -0.261191
vn 0.314647 0.901396 -0.297461
vn 0.314647 0.901396 -0.297461
vn -0.552563 0.791488 -0.261191
vn 0.314647 0.901396 -0.297461
vn 0.314647 0.901396 -0.297461
vn 0.314647 0.901396 -0.297461
vn 0.314647 0.901396 -0.297461
vn 0.314647 0.901396 -0.297461
vn -0.552563 0.791488 -0.261191
vn -0.552563 0.791488 -0.261191
vn 0.314647 0.901396 -0.297461
vn -0.552563 0.791488 -0.261191
vn 0.314647 0.901396 -0.297461
vn 0.314647 0.901396 -0.297461
vn -0.552563 0.791488 -0.261191
vn 0.314647 0.901396 -0.297461
vn 0.314647 0.901396 -0.297461
vn 0.314647 0.901396 -0.297461
vn 0.314647 0.901396 -0.297461
vn 0.314647 0.901396 -0.297461
vn -0.552563 0.791488 -0.261191
vn -0.552563 0.791488 -0.261191
vn 0.314647 0.901396 -0.297461
vn -0.552563 0.791488 -0.261191
vn 0.314647 0.901396 -0.297461
vn 0.314647 0.901396 -0.297461
vn -0.552563 0.791488 -0.261191
vn 0.314647 0.901396 -0.297461
vn 0.314647 0.901396 -0.297461
vn 0.314647 0.901396 -0.297461
vn 0.314647 0.901396 -0.297461
vn 0.314647 0.901396 -0.297461
vn -0.552563 0.791488 -0.261191
vn -0.552563 0.791488 -0.261191
vn 0.314647 0.901396 -0.297461
vn -0.552563 0.791488 -0.261191
vn 0.314647 0.901396 -0.297461
vn 0.314647 0.901396 -0.297461
vn -0.552563 0.791488 -0.261191
vn 0.314647 0.901396 -0.297461
vn 0.314647 0.901396 -0.297461
vn 0.314647 0.901396 -0.297461
vn 0.314647 0.901396 -0.297461
vn 0.314647 0.901396 -0.297461
vn -0.552563 0.791488 -0.261191
vn -0.552563 0.791488 -0.261191
vn 0.314647 0.901396 -0.297461
vn -0.552563 0.791488 -0.261191
vn 0.314647 0.901396 -0.297461
vn 0.314647 0.901396 -0.297461
vn -0.552563 0.791488 -0.261191
vn 0.314647 0.901396 -0.297461
vn 0.314647 0.901396 -0.297461
vn 0.314647 0.901396 -0.297461
vn 0.314647 0.901396 -0.297461
vn 0.314647 0.901396 -0.297461
vn -0.552563 0.791488 -0.261191
vn -0.552563 0.791488 -0.261191
vn 0.314647 0.901396 -0.297461
vn -0.552563 0.791488 -0.261191
vn 0.314647 0.901396 -0.297461
vn 0.314647 0.901396 -0.297461
vn -0.552563 0.791488 -0.261191
vn 0.314647 0.901396 -0.297461
vn 0.314647 0.901396 -0.297461
vn 0.314647 0.901396 -0.297461
vn 0.314647 0.901396 -0.297461
vn 0.314647 0.901396 -0.297461
vn -0.552563 0.791488 -0.261191
vn -0.552563 0.791488 -0.261191
vn 0.314647 0.901396 -0.297461
vn -0.552563 0.791488 -0.261191
vn 0.314647 0.901396 -0.297461
vn 0.314647 0.901396 -0.297461
vn -0.552563 0.791488 -0.261191
vn 0.314647 0.901396 -0.297461
vn 0.314647 0.901396 -0.297461
vn 0.314647 0.901396 -0.297461
vn 0.314647 0.901396 -0.297461
vn 0.314647 0.901396 -0.297461
vn -0.552563 0.791488 -0.261191
vn -0.552563 0.791488 -0.261191
vn 0.314647 0.901396 -0.297461
vn -0.552563 0.791488 -0.261191
vn 0.314647 0.901396 -0.297461
vn 0.314647 0.901396 -0.297461
vn -0.552563 0.791488 -0.261191
vn 0.314647 0.901396 -0.297461
vn 0.314647 0.901396 -0.297461
vn 0.314647 0.901396 -0.297461
vn 0.314647 0.901396 -0.297461
vn 0.314647 0.901396 -0.297461
vn -0.552563 0.791488 -0.261191
vn -0.552563 0.791488 -0.261191
vn 0.314647 0.901396 -0.297461
vn -0.552563 0.791488 -0.261191
vn 0.314647 0.901396 -0.297461
vn 0.314647 0.901396 -0.297461
vn -0.552563 0.791488 -0.261191
vn 0.314647 0.901396 -0.297461
vn 0.314647 0.901396 -0.297461
vn 0.314647 0.901396 -0.297461
vn 0.314647 0.901396 -0.297461
vn 0.314647 0.901396 -0.297461
vn -0.552563 0.791488 -0.261191
vn -0.552563 0.791488 -0.261191
vn 0.314647 0.901396 -0.297461
vn -0.552563 0.791488 -0.261191
vn 0.314647 0.901396 -0.297461
vn 0.314647 0.901396 -0.297461
vn -0.552563 0.791488 -0.261191
vn 0.314647 0.901396 -0.297461
vn 0.314647 0.901396 -0.297461
vn 0.314647 0.901396 -0.297461
vn 0.314647 0.901396 -0.297461
vn 0.314647 0.901396 -0.297461
vn -0.552563 0.791488 -0.261191
vn -0.552563 0.791488 -0.261191
vn 0.314647 0.901396 -0.297461
vn -0.552563 0.791488 -0.261191
vn 0.314647 0.901396 -0.297461
vn 0.314647 0.901396 -0.297461
vn -0.552563 0.791488 -0.261191
vn 0.314647 0.901396 -0.297461
vn 0.314647 0.901396 -0.297461
vn 0.314647 0.901396 -0.297461
vn 0.314647 0.901396 -0.297461
vn 0.314647 0.901396 -0.297461
vn -0.552563 0.791488 -0.261191
vn -0.552563 0.791488 -0.261191
vn 0.314647 0.901396 -0.297461
vn -0.552563 0.791488 -0.261191
vn 0.314647 0.901396 -0.297461
vn 0.314647 0.901396 -0.297461
vn -0.552563 0.791488 -0.261191
vn 0.314647 0.901396 -0.297461
vn 0.314647 0.901396 -0.297461
vn 0.314647 0.901396 -0.297461
vn 0.314647 0.901396 -0.297461
vn 0.314647 0.901396 -0.297461
vn -0.552563 0.791488 -0.261191
vn -0.552563 0.791488 -0.261191
vn 0.314647 0.901396 -0.297461
vn -0.552563 0.791488 -0.261191
vn 0.314647 0.901396 -0.297461
vn 0.314647 0.901396 -0.297461
vn -0.552563 0.791488 -0.261191
vn 0.314647 0.901396 -0.297461
vn 0.314647 0.901396 -0.297461
vn 0.314647 0.901396 -0.297461
vn 0.314647 0.901396 -0.297461
vn 0.314647 0.901396 -0.297461
vn -0.552563 0.791488 -0.261191
vn -0.552563 0.791488 -0.261191
vn 0.314647 0.901396 -0.297461
vn -0.552563 0.791488 -0.261191
vn 0.314647 0.901396 -0.297461
vn 0.314647 0.901396 -0.297461
vn -0.552563 0.791488 -0.261191
vn 0.314647 0.901396 -0.297461
vn 0.314647 0.901396 -0.297461
vn 0.314647 0.901396 -0.297461
vn 0.314647 0.901396 -0.297461
vn 0.314647 0.901396 -0.297461
vn -0.552563 0.791488 -0.261191
vn -0.552563 0.791488 -0.261191
vn 0.314647 0.901396 -0.297461
vn -0.552563 0.791488 -0.261191
vn 0.314647 0.901396 -0.297461
vn 0.314647 0.901396 -0.297461
vn -0.552563 0.791488 -0.261191
vn 0.314647 0.901396 -0.297461
vn 0.314647 0.901396 -0.297461
vn 0.314647 0.901396 -0.297461
vn 0.314647 0.901396 -0.297461
vn 0.314647 0.901396 -0.297461
vn -0.552563 0.791488 -0.261191
vn -0.552563 0.791488 -0.261191
vn 0.314647 0.901396 -0.297461
vn -0.552563 0.791488 -0.261191
vn 0.314647 0.901396 -0.297461
vn 0.314647 0.901396 -0.297461
vn -0.552563 0.791488 -0.261191
vn 0.314647 0.901396 -0.297461
vn 0.314647 0.901396 -0.297461
vn 0.314647 0.901396 -0.297461
vn 0.314647 0.901396 -0.297461
vn 0.314647 0.901396 -0.297461
vn -0.552563 0.791488 -0.261191
vn -0.552563 0.791488 -0.261191
vn 0.314647 0.901396 -0.297461
vn -0.552563 0.791488 -0.261191
vn 0.314647 0.901396 -0.297461
vn 0.314647 0.901396 -0.297461
vn -0.552563 0.791488 -0.261191
vn 0.314647 0.901396 -0.297461
vn 0.314647 0.901396 -0.297461
vn 0.314647 0.901396 -0.297461
vn 0.314647 0.901396 -0.297461
vn 0.314647 0.901396 -0.297461
vn -0.552563 0.791488 -0.261191
vn -0.552563 0.791488 -0.261191
vn 0.314647 0.901396 -0.297461
vn -0.552563 0.791488 -0.261191
vn 0.314647 0.901396 -0.297461
vn 0.314647 0.901396 -0.297461
vn -0.552563 0.791488 -0.261191
vn 0.314647 0.901396 -0.297461
vn 0.314647 0.901396 -0.297461
vn 0.314647 0.901396 -0.297461
vn 0.314647 0.901396 -0.297461
vn 0.314647 0.901396 -0.297461
vn -0.552563 0.791488 -0.261191
vn -0.552563 0.791488 -0.261191
vn 0.314647 0.901396 -0.297461
vn -0.552563 0.791488 -0.261191
vn 0.314647 0.901396 -0.297461
vn 0.314647 0.901396 -0.297461
vn -0.552563 0.791488 -0.261191
vn 0.314647 0.901396 -0.297461
vn 0.314647 0.901396 -0.297461
vn 0.314647 0.901396 -0.297461
vn 0.314647 0.901396 -0.297461
vn 0.314647 0.901396 -0.297461
vn -0.552563 0.791488 -0.261191
vn -0.552563 0.791488 -0.261191
vn 0.314647 0.901396 -0.297461
vn -0.552563 0.791488 -0.261191
vn 0.314647 0.901396 -0.297461
vn 0.314647 0.901396 -0.297461
vn -0.552563 0.791488 -0.261191
vn 0.314647 0.901396 -0.297461
vn 0.314647 0.901396 -0.297461
vn 0.314647 0.901396 -0.297461
vn 0.314647 0.901396 -0.297461
vn 0.314647 0.901396 -0.297461
vn -0.552563 0.791488 -0.261191
vn -0.552563 0.791488 -0.261191
vn 0.314647 0.901396 -0.297461
vn -0.552563 0.791488 -0.261191
vn 0.314647 0.901396 -0.297461
vn 0.314647 0.901396 -0.297461
vn -0.552563 0.791488 -0.261191
vn 0.314647 0.901396 -0.297461
vn 0.314647 0.901396 -0.297461
vn 0.314647 0.901396 -0.297461
vn 0.314647 0.901396 -0.297461
vn 0.314647 0.901396 -0.297461
vn -0.552563 0.791488 -0.261191
vn -0.552563 0.791488 -0.261191
vn 0.314647 0.901396 -0.297461
vn -0.552563 0.791488 -0.261191
vn 0.314647 0.901396 -0.297461
vn 0.314647 0.901396 -0.297461
vn -0.552563 0.791488 -0.261191
vn 0.314647 0.901396 -0.297461
vn 0.314647 0.901396 -0.297461
vn 0.314647 0.901396 -0.297461
vn 0.314647 0.901396 -0.297461
vn 0.314647 0.901396 -0.297461
vn -0.552563 0.791488 -0.261191
vn -0.552563 0.791488 -0.261191
vn 0.314647 0.901396 -0.297461
vn -0.552563 0.791488 -0.261191
vn 0.314647 0.901396 -0.297461
vn 0.314647 0.901396 -0.297461
vn -0.552563 0.791488 -0.261191
vn 0.314647 0.901396 -0.297461
vn 0.314647 0.901396 -0.297461
vn 0.314647 0.901396 -0.297461
vn 0.314647 0.901396 -0.297461
vn 0.314647 0.901396 -0.297461
vn -0.552563 0.791488 -0.261191
vn -0.552563 0.791488 -0.261191
vn 0.314647 0.901396 -0.297461
vn -0.552563 0.791488 -0.261191
vn 0.314647 0.901396 -0.297461
vn 0.314647 0.901396 -0.297461
vn -0.552563 0.791488 -0.261191
vn 0.314647 0.901396 -0.297461
vn 0.314647 0.901396 -0.297461
vn 0.314647 0.901396 -0.297461
vn 0.314647 0.901396 -0.297461
vn 0.314647 0.901396 -0.297461
vn -0.552563 0.791488 -0.261191
vn -0.552563 0.791488 -0.261191
vn 0.314647 0.901396 -0.297461
vn -0.552563 0.791488 -0.261191
vn 0.314647 0.901396 -0.297461
vn 0.314647 0.901396 -0.297461
vn -0.552563 0.791488 -0.261191
vn 0.314647 0.901396 -0.297461
vn 0.314647 0.901396 -0.297461
vn 0.314647 0.901396 -0.297461
vn 0.314647 0.901396 -0.297461
vn 0.314647 0.901396 -0.297461
vn -0.552563 0.791488 -0.261191
vn -0.552563 0.791488 -0.261191
vn 0.314647 0.901396 -0.297461
vn -0.552563 0.791488 -0.261191
vn 0.314647 0.901396 -0.297461
vn 0.314647 0.901396 -0.297461
vn -0.552563 0.791488 -0.261191
vn 0.314647 0.901396 -0.297461
vn 0.314647 0.901396 -0.297461
vn 0.314647 0.901396 -0.297461
vn 0.314647 0.901396 -0.297461
vn 0.314647 0.901396 -0.297461
vn -0.552563 0.791488 -0.261191
vn -0.552563 0.791488 -0.261191
vn 0.314647 0.901396 -0.297461
vn -0.552563 0.791488 -0.261191
vn 0.314647 0.901396 -0.297461
vn 0.314647 0.901396 -0.297461
vn -0.552563 0.791488 -0.261191
vn 0.314647 0.901396 -0.297461
vn 0.314647 0.901396 -0.297461
vn 0.314647 0.901396 -0.297461
vn 0.314647 0.901396 -0.297461
vn 0.314647 0.901396 -0.297461
vn -0.552563 0.791488 -0.261191
vn -0.552563 0.791488 -0.261191
vn 0.314647 0.901396 -0.297461
vn -0.552563 0.791488 -0.261191
vn 0.314647 0.901396 -0.297461
vn 0.314647 0.901396 -0.297461
vn -0.552563 0.791488 -0.261191
vn 0.314647 0.901396 -0.297461
vn 0.314647 0.901396 -0.297461
vn 0.314647 0.901396 -0.297461
vn 0.314647 0.901396 -0.297461
vn 0.314647 0.901396 -0.297461
vn -0.552563 0.791488 -0.261191
vn -0.552563 0.791488 -0.261191
vn 0.314647 0.901396 -0.297461
vn -0.552563 0.791488 -0.261191
vn 0.314647 0.901396 -0.297461
vn 0.314647 0.901396 -0.297461
vn -0.552563 0.791488 -0.261191
vn 0.314647 0.901396 -0.297461
vn 0.314647 0.901396 -0.297461
vn 0.314647 0.901396 -0.297461
vn 0.314647 0.901396 -0.297461
vn 0.314647 0.901396 -0.297461
vn -0.552563 0.791488 -0.261191
vn -0.552563 0.791488 -0.261191
vn 0.314647 0.901396 -0.297461
vn -0.552563 0.791488 -0.261191
vn 0.314647 0.901396 -0.297461
vn 0.314647 0.901396 -0.297461
vn -0.552563 0.791488 -0.261191
vn 0.314647 0.901396 -0.297461
vn 0.314647 0.901396 -0.297461
vn 0.314647 0.901396 -0.297461
vn 0.314647 0.901396 -0.297461
vn 0.314647 0.901396 -0.297461
vn -0.552563 0.791488 -0.261191
vn -0.552563 0.791488 -0.261191
vn 0.314647 0.901396 -0.297461
vn -0.552563 0.791488 -0.261191
vn 0.314647 0.901396 -0.297461
vn 0.314647 0.901396 -0.297461
vn -0.552563 0.791488 -0.261191
vn 0.314647 0.901396 -0.297461
vn 0.314647 0.901396 -0.297461
vn 0.314647 0.901396 -0.297461
vn 0.314647 0.901396 -0.297461
vn 0.314647 0.901396 -0.297461
vn -0.552563 0.791488 -0.261191
vn -0.552563 0.791488 -0.261191
vn 0.314647 0.901396 -0.297461
vn -0.552563 0.791488 -0.261191
vn 0.314647 0.901396 -0.297461
vn 0.314647 0.901396 -0.297461
vn -0.552563 0.791488 -0.261191
vn 0.314647 0.901396 -0.297461
vn 0.314647 0.901396 -0.297461
vn 0.314647 0.901396 -0.297461
vn 0.314647 0.901396 -0.297461
vn 0.314647 0.901396 -0.297461
vn -0.552563 0.791488 -0.261191
vn -0.552563 0.791488 -0.261191
vn 0.314647 0.901396 -0.297461
vn -0.552563 0.791488 -0.261191
vn 0.314647 0.901396 -0.297461
vn 0.314647 0.901396 -0.297461
vn -0.552563 0.791488 -0.261191
vn 0.314647 0.901396 -0.297461
vn 0.314647 0.901396 -0.297461
vn 0.314647 0.901396 -0.297461
vn 0.314647 0.901396 -0.297461
vn 0.314647 0.901396 -0.297461
vn -0.552563 0.791488 -0.261191
vn -0.552563 0.791488 -0.261191
vn 0.314647 0.901396 -0.297461
vn -0.552563 0.791488 -0.261191
vn 0.314647 0.901396 -0.297461
vn 0.314647 0.901396 -0.297461
vn -0.552563 0.791488 -0.261191
vn 0.314647 0.901396 -0.297461
vn 0.314647 0.901396 -0.297461
vn 0.314647 0.901396 -0.297461
vn 0.314647 0.901396 -0.297461
vn 0.314647 0.901396 -0.297461
vn -0.552563 0.791488 -0.261191
vn -0.552563 0.791488 -0.261191
vn 0.314647 0.901396 -0.297461
vn -0.552563 0.791488 -0.261191
vn 0.314647 0.901396 -0.297461
vn 0.314647 0.901396 -0.297461
vn -0.552563 0.791488 -0.261191
vn 0.314647 0.901396 -0.297461
vn 0.314647 0.901396 -0.297461
vn 0.314647 0.901396 -0.297461
vn 0.314647 0.901396 -0.297461
vn 0.314647 0.901396 -0.297461
vn -0.552563 0.791488 -0.261191
vn -0.552563 0.791488 -0.261191
vn 0.314647 0.901396 -0.297461
vn -0.552563 0.791488 -0.261191
vn 0.314647 0.901396 -0.297461
vn 0.314647 0.901396 -0.297461
vn -0.552563 0.791488 -0.261191
vn 0.314647 0.901396 -0.297461
vn 0.314647 0.901396 -0.297461
vn 0.314647 0.901396 -0.297461
vn 0.314647 0.901396 -0.297461
vn 0.314647 0.901396 -0.297461
vn -0.552563 0.791488 -0.261191
vn -0.552563 0.791488 -0.261191
vn 0.314647 0.901396 -0.297461
vn -0.552563 0.791488 -0.261191
vn 0.314647 0.901396 -0.297461
vn 0.314647 0.901396 -0.297461
vn -0.552563 0.791488 -0.261191
vn 0.314647 0.901396 -0.297461
vn 0.314647 0.901396 -0.297461
vn 0.314647 0.901396 -0.297461
vn 0.314647 0.901396 -0.297461
vn 0.314647 0.901396 -0.297461
vn -0.552563 0.791488 -0.261191
vn -0.552563 0.791488 -0.261191
vn 0.314647 0.901396 -0.297461
vn -0.552563 0.791488 -0.261191
vn 0.314647 0.901396 -0.297461
vn 0.314647 0.901396 -0.297461
vn -0.552563 0.791488 -0.261191
vn 0.314647 0.901396 -0.297461
vn 0.314647 0.901396 -0.297461
vn 0.314647 0.901396 -0.297461
vn 0.314647 0.901396 -0.297461
vn 0.314647 0.901396 -0.297461
vn -0.552563 0.791488 -0.261191
vn -0.552563 0.791488 -0.261191
vn 0.314647 0.901396 -0.297461
vn -0.552563 0.791488 -0.261191
vn 0.314647 0.901396 -0.297461
vn 0.314647 0.901396 -0.297461
vn -0.552563 0.791488 -0.261191
vn 0.314647 0.901396 -0.297461
vn 0.314647 0.901396 -0.297461
vn 0.314647 0.901396 -0.297461
vn 0.314647 0.901396 -0.297461
vn 0.314647 0.901396 -0.297461
vn -0.552563 0.791488 -0.261191
vn -0.552563 0.791488 -0.261191
vn 0.314647 0.901396 -0.297461
vn -0.552563 0.791488 -0.261191
vn 0.314647 0.901396 -0.297461
vn 0.314647 0.901396 -0.297461
vn -0.552563 0.791488 -0.261191
vn 0.314647 0.901396 -0.297461
vn 0.314647 0.901396 -0.297461
vn 0.314647 0.901396 -0.297461
vn 0.314647 0.901396 -0.297461
vn 0.314647 0.901396 -0.297461
vn -0.552563 0.791488 -0.261191
vn -0.552563 0.791488 -0.261191
vn 0.314647 0.901396 -0.297461
vn -0.552563 0.791488 -0.261191
vn 0.314647 0.901396 -0.297461
vn 0.314647 0.901396 -0.297461
vn -0.552563 0.791488 -0.261191
vn 0.314647 0.901396 -0.297461
vn 0.314647 0.901396 -0.297461
vn 0.314647 0.901396 -0.297461
vn 0.314647 0.901396 -0.297461
vn 0.314647 0.901396 -0.297461
vn -0.552563 0.791488 -0.261191
vn -0.552563 0.791488 -0.261191
vn 0.314647 0.901396 -0.297461
vn -0.552563 0.791488 -0.261191
vn 0.314647 0.901396 -0.297461
vn 0.314647 0.901396 -0.297461
vn -0.552563 0.791488 -0.261191
vn 0.314647 0.901396 -0.297461
vn 0.314647 0.901396 -0.297461
vn 0.314647 0.901396 -0.297461
vn 0.314647 0.901396 -0.297461
vn 0.314647 0.901396 -0.297461
vn -0.552563 0.791488 -0.261191
vn -0.552563 0.791488 -0.261191
vn 0.314647 0.901396 -0.297461
vn -0.552563 0.791488 -0.261191
vn 0.314647 0.901396 -0.297461
vn 0.314647 0.901396 -0.297461
vn -0.552563 0.791488 -0.261191
vn 0.314647 0.901396 -0.297461
vn 0.314647 0.901396 -0.297461
vn 0.314647 0.901396 -0.297461
vn 0.314647 0.901396 -0.297461
vn 0.314647 0.901396 -0.297461
vn -0.552563 0.791488 -0.261191
vn -0.552563 0.791488 -0.261191
vn 0.314647 0.901396 -0.297461
vn -0.552563 0.791488 -0.261191
vn 0.314647 0.901396 -0.297461
vn 0.314647 0.901396 -0.297461
vn -0.552563 0.791488 -0.261191
vn 0.314647 0.901396 -0.297461
vn 0.314647 0.901396 -0.297461
vn 0.314647 0.901396 -0.297461
vn 0.314647 0.901396 -0.297461
vn 0.314647 0.901396 -0.297461
vn -0.552563 0.791488 -0.261191
vn -0.552563 0.791488 -0.261191
vn 0.314647 0.901396 -0.297461
vn -0.552563 0.791488 -0.261191
vn 0.314647 0.901396 -0.297461
vn 0.314647 0.901396 -0.297461
vn -0.552563 0.791488 -0.261191
vn 0.314647 0.901396 -0.297461
vn 0.314647 0.901396 -0.297461
vn 0.314647 0.901396 -0.297461
vn 0.314647 0.901396 -0.297461
vn 0.314647 0.901396 -0.297461
vn -0.552563 0.791488 -0.261191
vn -0.552563 0.791488 -0.261191
vn 0.314647 0.901396 -0.297461
vn -0.552563 0.791488 -0.261191
vn 0.314647 0.901396 -0.297461
vn 0.314647 0.901396 -0.297461
vn -0.552563 0.791488 -0.261191
vn 0.314647 0.901396 -0.297461
vn 0.314647 0.901396 -0.297461
vn 0.314647 0.901396 -0.297461
vn 0.314647 0.901396 -0.297461
vn 0.314647 0.901396 -0.297461
vn -0.552563 0.791488 -0.261191
vn -0.552563 0.791488 -0.261191
vn 0.314647 0.901396 -0.297461
vn -0.552563 0.791488 -0.261191
vn 0.314647 0.901396 -0.297461
vn 0.314647 0.901396 -0.297461
vn -0.552563 0.791488 -0.261191
vn 0.314647 0.901396 -0.297461
vn 0.314647 0.901396 -0.297461
vn 0.314647 0.901396 -0.297461
vn 0.314647 0.901396 -0.297461
vn 0.314647 0.901396 -0.297461
vn -0.552563 0.791488 -0.261191
vn -0.552563 0.791488 -0.261191
vn 0.314647 0.901396 -0.297461
vn -0.552563 0.791488 -0.261191
vn 0.314647 0.901396 -0.297461
vn 0.314647 0.901396 -0.297461
vn -0.552563 0.791488 -0.261191
vn 0.314647 0.901396 -0.297461
vn 0.314647 0.901396 -0.297461
vn 0.314647 0.901396 -0.297461
vn 0.314647 0.901396 -0.297461
vn 0.314647 0.901396 -0.297461
vn -0.552563 0.791488 -0.261191
vn -0.552563 0.791488 -0.261191
vn 0.314647 0.901396 -0.297461
vn -0.552563 0.791488 -0.261191
vn 0.314647 0.901396 -0.297461
vn 0.314647 0.901396 -0.297461
vn -0.552563 0.791488 -0.261191
vn 0.314647 0.901396 -0.297461
vn 0.314647 0.901396 -0.297461
vn 0.314647 0.901396 -0.297461
vn 0.314647 0.901396 -0.297461
vn 0.314647 0.901396 -0.297461
vn -0.552563 0.791488 -0.261191
vn -0.552563 0.791488 -0.261191
vn 0.314647 0.901396 -0.297461
vn -0.552563 0.791488 -0.261191
vn 0.314647 0.901396 -0.297461
vn 0.314647 0.901396 -0.297461
vn -0.552563 0.791488 -0.261191
vn 0.314647 0.901396 -0.297461
vn 0.314647 0.901396 -0.297461
vn 0.314647 0.901396 -0.297461
vn 0.314647 0.901396 -0.297461
vn 0.314647 0.901396 -0.297461
vn -0.552563 0.791488 -0.261191
vn -0.552563 0.791488 -0.261191
vn 0.314647 0.901396 -0.297461
vn -0.552563 0.791488 -0.261191
vn 0.314647 0.901396 -0.297461
vn 0.314647 0.901396 -0.297461
vn -0.552563 0.791488 -0.261191
vn 0.314647 0.901396 -0.297461
vn 0.314647 0.901396 -0.297461
vn 0.314647 0.901396 -0.297461
vn 0.314647 0.901396 -0.297461
vn 0.314647 0.901396 -0.297461
vn -0.552563 0.791488 -0.261191
vn -0.552563 0.791488 -0.261191
vn 0.314647 0.901396 -0.297461
vn -0.552563 0.791488 -0.261191
vn 0.314647 0.901396 -0.297461
vn 0.314647 0.901396 -0.297461
vn -0.552563 0.791488 -0.261191
vn 0.314647 0.901396 -0.297461
vn 0.314647 0.901396 -0.297461
vn 0.314647 0.901396 -0.297461
vn 0.314647 0.901396 -0.297461
vn 0.314647 0.901396 -0.297461
vn -0.552563 0.791488 -0.261191
vn -0.552563 0.791488 -0.261191
vn 0.314647 0.901396 -0.297461
vn -0.552563 0.791488 -0.261191
vn 0.314647 0.901396 -0.297461
vn 0.314647 0.901396 -0.297461
vn -0.552563 0.791488 -0.261191
vn 0.314647 0.901396 -0.297461
vn 0.314647 0.901396 -0.297461
vn 0.314647 0.901396 -0.297461
vn 0.314647 0.901396 -0.297461
vn 0.314647 0.901396 -0.297461
vn -0.552563 0.791488 -0.261191
vn -0.552563 0.791488 -0.261191
vn 0.314647 0.901396 -0.297461
vn -0.552563 0.791488 -0.261191
vn 0.314647 0.901396 -0.297461
vn 0.314647 0.901396 -0.297461
vn -0.552563 0.791488 -0.261191
vn 0.314647 0.901396 -0.297461
vn 0.314647 0.901396 -0.297461
vn 0.314647 0.901396 -0.297461
vn 0.314647 0.901396 -0.297461
vn 0.314647 0.901396 -0.297461
vn -0.552563 0.791488 -0.261191
vn -0.552563 0.791488 -0.261191
vn 0.314647 0.901396 -0.297461
vn -0.552563 0.791488 -0.261191
vn 0.314647 0.901396 -0.297461
vn 0.314647 0.901396 -0.297461
vn -0.552563 0.791488 -0.261191
vn 0.314647 0.901396 -0.297461
vn 0.314647 0.901396 -0.297461
vn 0.314647 0.901396 -0.297461
vn 0.314647 0.901396 -0.297461
vn 0.314647 0.901396 -0.297461
vn -0.552563 0.791488 -0.261191
vn -0.552563 0.791488 -0.261191
vn 0.314647 0.901396 -0.297461
vn -0.552563 0.791488 -0.261191
vn 0.314647 0.901396 -0.297461
vn 0.314647 0.901396 -0.297461
vn -0.552563 0.791488 -0.261191
vn 0.314647 0.901396 -0.297461
vn 0.314647 0.901396 -0.297461
vn 0.314647 0.901396 -0.297461
vn 0.314647 0.901396 -0.297461
vn 0.314647 0.901396 -0.297461
vn -0.552563 0.791488 -0.261191
vn -0.552563 0.791488 -0.261191
vn 0.314647 0.901396 -0.297461
vn -0.552563 0.791488 -0.261191
vn 0.314647 0.901396 -0.297461
vn 0.314647 0.901396 -0.297461
vn -0.552563 0.791488 -0.261191
vn 0.314647 0.901396 -0.297461
vn 0.314647 0.901396 -0.297461
vn 0.314647 0.901396 -0.297461
vn 0.314647 0.901396 -0.297461
vn 0.314647 0.901396 -0.297461
vn -0.552563 0.791488 -0.261191
vn -0.552563 0.791488 -0.261191
vn 0.314647 0.901396 -0.297461
vn -0.552563 0.791488 -0.261191
vn 0.314647 0.901396 -0.297461
vn 0.314647 0.901396 -0.297461
vn -0.552563 0.791488 -0.261191
vn 0.314647 0.901396 -0.297461
vn 0.314647 0.901396 -0.297461
vn 0.314647 0.901396 -0.297461
vn 0.314647 0.901396 -0.297461
vn 0.314647 0.901396 -0.297461
vn -0.552563 0.791488 -0.261191
vn -0.552563 0.791488 -0.261191
vn 0.314647 0.901396 -0.297461
vn -0.552563 0.791488 -0.261191
vn 0.314647 0.901396 -0.297461
vn 0.314647 0.901396 -0.297461
vn -0.552563 0.791488 -0.261191
vn 0.314647 0.901396 -0.297461
vn 0.314647 0.901396 -0.297461
vn 0.314647 0.901396 -0.297461
vn 0.314647 0.901396 -0.297461
vn 0.314647 0.901396 -0.297461
vn -0.552563 0.791488 -0.261191
vn -0.552563 0.791488 -0.261191
vn 0.314647 0.901396 -0.297461
vn -0.552563 0.791488 -0.261191
vn 0.314647 0.901396 -0.297461
vn 0.314647 0.901396 -0.297461
vn -0.552563 0.791488 -0.261191
vn 0.314647 0.901396 -0.297461
vn 0.314647 0.901396 -0.297461
vn 0.314647 0.901396 -0.297461
vn 0.314647 0.901396 -0.297461
vn 0.314647 0.901396 -0.297461
vn -0.552563 0.791488 -0.261191
vn -0.552563 0.791488 -0.261191
vn 0.314647 0.901396 -0.297461
vn -0.552563 0.791488 -0.261191
vn 0.314647 0.901396 -0.297461
vn 0.314647 0.901396 -0.297461
vn -0.552563 0.791488 -0.261191
vn 0.314647 0.901396 -0.297461
vn 0.314647 0.901396 -0.297461
vn 0.314647 0.901396 -0.297461
vn 0.314647 0.901396 -0.297461
vn 0.314647 0.901396 -0.297461
vn -0.552563 0.791488 -0.261191
vn -0.552563 0.791488 -0.261191
vn 0.314647 0.901396 -0.297461
vn -0.552563 0.791488 -0.261191
vn 0.314647 0.901396 -0.297461
vn 0.314647 0.901396 -0.297461
vn -0.552563 0.791488 -0.261191
vn 0.314647 0.901396 -0.297461
vn 0.314647 0.901396 -0.297461
vn 0.314647 0.901396 -0.297461
vn 0.314647 0.901396 -0.297461
vn 0.314647 0.901396 -0.297461
vn -0.552563 0.791488 -0.261191
vn -0.552563 0.791488 -0.261191
vn 0.314647 0.901396 -0.297461
vn -0.552563 0.791488 -0.261191
vn 0.314647 0.901396 -0.297461
vn 0.314647 0.901396 -0.297461
vn -0.552563 0.791488 -0.261191
vn 0.314647 0.901396 -0.297461
vn 0.314647 0.901396 -0.297461
vn 0.314647 0.901396 -0.297461
vn 0.314647 0.901396 -0.297461
vn 0.314647 0.901396 -0.297461
vn -0.552563 0.791488 -0.261191
vn -0.552563 0.791488 -0.261191
vn 0.314647 0.901396 -0.297461
vn -0.552563 0.791488 -0.261191
vn 0.314647 0.901396 -0.297461
vn 0.314647 0.901396 -0.297461
vn -0.552563 0.791488 -0.261191
vn 0.314647 0.901396 -0.297461
vn 0.314647 0.901396 -0.297461
vn 0.314647 0.901396 -0.297461
vn 0.314647 0.901396 -0.297461
vn 0.314647 0.901396 -0.297461
vn -0.552563 0.791488 -0.261191
vn -0.552563 0.791488 -0.261191
vn 0.314647 0.901396 -0.297461
vn -0.552563 0.791488 -0.261191
vn 0.314647 0.901396 -0.297461
vn 0.314647 0.901396 -0.297461
vn -0.552563 0.791488 -0.261191
vn 0.314647 0.901396 -0.297461
vn 0.314647 0.901396 -0.297461
vn 0.314647 0.901396 -0.297461
vn 0.314647 0.901396 -0.297461
vn 0.314647 0.901396 -0.297461
vn -0.552563 0.791488 -0.261191
vn -0.552563 0.791488 -0.261191
vn 0.314647 0.901396 -0.297461
vn -0.552563 0.791488 -0.261191
vn 0.314647 0.901396 -0.297461
vn 0.314647 0.901396 -0.297461
vn -0.552563 0.791488 -0.261191
vn 0.314647 0.901396 -0.297461
vn 0.314647 0.901396 -0.297461
vn 0.314647 0.901396 -0.297461
vn 0.314647 0.901396 -0.297461
vn 0.314647 0.901396 -0.297461
vn -0.552563 0.791488 -0.261191
vn -0.552563 0.791488 -0.261191
vn 0.314647 0.901396 -0.297461
vn -0.552563 0.791488 -0.261191
vn 0.314647 0.901396 -0.297461
vn 0.314647 0.901396 -0.297461
vn -0.552563 0.791488 -0.261191
vn 0.314647 0.901396 -0.297461
vn 0.314647 0.901396 -0.297461
vn 0.314647 0.901396 -0.297461
vn 0.314647 0.901396 -0.297461
vn 0.314647 0.901396 -0.297461
vn -0.552563 0.791488 -0.261191
vn -0.552563 0.791488 -0.261191
vn 0.314647 0.901396 -0.297461
vn -0.552563 0.791488 -0.261191
vn 0.314647 0.901396 -0.297461
vn 0.314647 0.901396 -0.297461
vn -0.552563 0.791488 -0.261191
vn 0.314647 0.901396 -0.297461
vn 0.314647 0.901396 -0.297461
vn 0.314647 0.901396 -0.297461
vn 0.314647 0.901396 -0.297461
vn 0.314647 0.901396 -0.297461
vn -0.552563 0.791488 -0.261191
vn -0.552563 0.791488 -0.261191
vn 0.314647 0.901396 -0.297461
vn -0.552563 0.791488 -0.261191
vn 0.314647 0.901396 -0.297461
vn 0.314647 0.901396 -0.297461
vn -0.552563 0.791488 -0.261191
vn 0.314647 0.901396 -0.297461
vn 0.314647 0.901396 -0.297461
vn 0.314647 0.901396 -0.297461
vn 0.314647 0.901396 -0.297461
vn 0.314647 0.901396 -0.297461
vn -0.552563 0.791488 -0.261191
vn -0.552563 0.791488 -0.261191
vn 0.314647 0.901396 -0.297461
vn -0.552563 0.791488 -0.261191
vn 0.314647 0.901396 -0.297461
vn 0.314647 0.901396 -0.297461
vn -0.552563 0.791488 -0.261191
vn 0.314647 0.901396 -0.297461
vn 0.314647 0.901396 -0.297461
vn 0.314647 0.901396 -0.297461
vn 0.314647 0.901396 -0.297461
vn 0.314647 0.901396 -0.297461
vn -0.552563 0.791488 -0.261191
vn -0.552563 0.791488 -0.261191
vn 0.314647 0.901396 -0.297461
vn -0.552563 0.791488 -0.261191
vn 0.314647 0.901396 -0.297461
vn 0.314647 0.901396 -0.297461
vn -0.552563 0.791488 -0.261191
vn 0.314647 0.901396 -0.297461
vn 0.314647 0.901396 -0.297461
vn 0.314647 0.901396 -0.297461
vn 0.314647 0.901396 -0.297461
vn 0.314647 0.901396 -0.297461
vn -0.552563 0.791488 -0.261191
vn -0.552563 0.791488 -0.261191
vn 0.314647 0.901396 -0.297461
vn -0.552563 0.791488 -0.261191
vn 0.314647 0.901396 -0.297461
vn 0.314647 0.901396 -0.297461
vn -0.552563 0.791488 -0.261191
vn 0.314647 0.901396 -0.297461
vn 0.314647 0.901396 -0.297461
vn 0.314647 0.901396 -0.297461
vn 0.314647 0.901396 -0.297461
vn 0.314647 0.901396 -0.297461
vn -0.552563 0.791488 -0.261191
vn -0.552563 0.791488 -0.261191
vn 0.314647 0.901396 -0.297461
vn -0.552563 0.791488 -0.261191
vn 0.314647 0.901396 -0.297461
vn 0.314647 0.901396 -0.297461
vn -0.552563 0.791488 -0.261191
vn 0.314647 0.901396 -0.297461
vn 0.314647 0.901396 -0.297461
vn 0.314647 0.901396 -0.297461
vn 0.314647 0.901396 -0.297461
vn 0.314647 0.901396 -0.297461
vn -0.552563 0.791488 -0.261191
vn -0.552563 0.791488 -0.261191
vn 0.314647 0.901396 -0.297461
vn -0.552563 0.791488 -0.261191
vn 0.314647 0.901396 -0.297461
vn 0.314647 0.901396 -0.297461
vn -0.552563 0.791488 -0.261191
vn 0.314647 0.901396 -0.297461
vn 0.314647 0.901396 -0.297461
vn 0.314647 0.901396 -0.297461
vn 0.314647 0.901396 -0.297461
vn 0.314647 0.901396 -0.297461
vn -0.552563 0.791488 -0.261191
vn -0.552563 0.791488 -0.261191
vn 0.314647 0.901396 -0.297461
vn -0.552563 0.791488 -0.261191
vn 0.314647 0.901396 -0.297461
vn 0.314647 0.901396 -0.297461
vn -0.552563 0.791488 -0.261191
vn 0.314647 0.901396 -0.297461
vn 0.314647 0.901396 -0.297461
vn 0.314647 0.901396 -0.297461
vn 0.314647 0.901396 -0.297461
vn 0.314647 0.901396 -0.297461
vn -0.552563 0.791488 -0.261191
vn -0.552563 0.791488 -0.261191
vn 0.314647 0.901396 -0.297461
vn -0.552563 0.791488 -0.261191
vn 0.314647 0.901396 -0.297461
vn 0.314647 0.901396 -0.297461
vn -0.552563 0.791488 -0.261191
vn 0.314647 0.901396 -0.297461
vn 0.314647 0.901396 -0.297461
vn 0.314647 0.901396 -0.297461
vn 0.314647 0.901396 -0.297461
vn 0.314647 0.901396 -0.297461
vn -0.552563 0.791488 -0.261191
vn -0.552563 0.791488 -0.261191
vn 0.314647 0.901396 -0.297461
vn -0.552563 0.791488 -0.261191
vn 0.314647 0.901396 -0.297461
vn 0.314647 0.901396 -0.297461
vn -0.552563 0.791488 -0.261191
vn 0.314647 0.901396 -0.297461
vn 0.314647 0.901396 -0.297461
vn 0.314647 0.901396 -0.297461
vn 0.314647 0.901396 -0.297461
vn 0.314647 0.901396 -0.297461
vn -0.552563 0.791488 -0.261191
vn -0.552563 0.791488 -0.261191
vn 0.314647 0.901396 -0.297461
vn -0.552563 0.791488 -0.261191
vn 0.314647 0.901396 -0.297461
vn 0.314647 0.901396 -0.297461
vn -0.552563 0.791488 -0.261191
vn 0.314647 0.901396 -0.297461
vn 0.314647 0.901396 -0.297461
vn 0.314647 0.901396 -0.297461
vn 0.314647 0.901396 -0.297461
vn 0.314647 0.901396 -0.297461
vn -0.552563 0.791488 -0.261191
vn -0.552563 0.791488 -0.261191
vn 0.314647 0.901396 -0.297461
vn -0.552563 0.791488 -0.261191
vn 0.314647 0.901396 -0.297461
vn 0.314647 0.901396 -0.297461
vn -0.552563 0.791488 -0.261191
vn 0.314647 0.901396 -0.297461
vn 0.314647 0.901396 -0.297461
vn 0.314647 0.901396 -0.297461
vn 0.314647 0.901396 -0.297461
vn 0.314647 0.901396 -0.297461
vn -0.552563 0.791488 -0.261191
vn -0.552563 0.791488 -0.261191
vn 0.314647 0.901396 -0.297461
vn -0.552563 0.791488 -0.261191
vn 0.314647 0.901396 -0.297461
vn 0.314647 0.901396 -0.297461
vn -0.552563 0.791488 -0.261191
vn 0.314647 0.901396 -0.297461
vn 0.314647 0.901396 -0.297461
vn 0.314647 0.901396 -0.297461
vn 0.314647 0.901396 -0.297461
vn 0.314647 0.901396 -0.297461
vn -0.552563 0.791488 -0.261191
vn -0.552563 0.791488 -0.261191
vn 0.314647 0.901396 -0.297461
vn -0.552563 0.791488 -0.261191
vn 0.314647 0.901396 -0.297461
vn 0.314647 0.901396 -0.297461
vn -0.552563 0.791488 -0.261191
vn 0.314647 0.901396 -0.297461
vn 0.314647 0.901396 -0.297461
vn 0.314647 0.901396 -0.297461
vn 0.314647 0.901396 -0.297461
vn 0.314647 0.901396 -0.297461
vn -0.552563 0.791488 -0.261191
vn -0.552563 0.791488 -0.261191
vn 0.314647 0.901396 -0.297461
vn -0.552563 0.791488 -0.261191
vn 0.314647 0.901396 -0.297461
vn 0.314647 0.901396 -0.297461
vn -0.552563 0.791488 -0.261191
vn 0.314647 0.901396 -0.297461
vn 0.314647 0.901396 -0.297461
vn 0.314647 0.901396 -0.297461
vn 0.314647 0.901396 -0.297461
vn 0.314647 0.901396 -0.297461
vn -0.552563 0.791488 -0.261191
vn -0.552563 0.791488 -0.261191
vn 0.314647 0.901396 -0.297461
vn -0.552563 0.791488 -0.261191
vn 0.314647 0.901396 -0.297461
vn 0.314647 0.901396 -0.297461
vn -0.552563 0.791488 -0.261191
vn 0.314647 0.901396 -0.297461
vn 0.314647 0.901396 -0.297461
vn 0.314647 0.901396 -0.297461
vn 0.314647 0.901396 -0.297461
vn 0.314647 0.901396 -0.297461
vn -0.552563 0.791488 -0.261191
vn -0.552563 0.791488 -0.261191
vn 0.314647 0.901396 -0.297461
vn -0.552563 0.791488 -0.261191
vn 0.314647 0.901396 -0.297461
vn 0.314647 0.901396 -0.297461
vn -0.552563 0.791488 -0.261191
vn 0.314647 0.901396 -0.297461
vn 0.314647 0.901396 -0.297461
vn 0.314647 0.901396 -0.297461
vn 0.314647 0.901396 -0.297461
vn 0.314647 0.901396 -0.297461
vn -0.552563 0.791488 -0.261191
vn -0.552563 0.791488 -0.261191
vn 0.314647 0.901396 -0.297461
vn -0.552563 0.791488 -0.261191
vn 0.314647 0.901396 -0.297461
vn 0.314647 0.901396 -0.297461
vn -0.552563 0.791488 -0.261191
vn 0.314647 0.901396 -0.297461
vn 0.314647 0.901396 -0.297461
vn 0.314647 0.901396 -0.297461
vn 0.314647 0.901396 -0.297461
vn 0.314647 0.901396 -0.297461
vn -0.552563 0.791488 -0.261191
vn -0.552563 0.791488 -0.261191
vn 0.314647 0.901396 -0.297461
vn -0.552563 0.791488 -0.261191
vn 0.314647 0.901396 -0.297461
vn 0.314647 0.901396 -0.297461
vn -0.552563 0.791488 -0.261191
vn 0.314647 0.901396 -0.297461
vn 0.314647 0.901396 -0.297461
vn 0.314647 0.901396 -0.297461
vn 0.314647 0.901396 -0.297461
vn 0.314647 0.901396 -0.297461
vn -0.552563 0.791488 -0.261191
vn -0.552563 0.791488 -0.261191
vn 0.314647 0.901396 -0.297461
vn -0.552563 0.791488 -0.261191
vn 0.314647 0.901396 -0.297461
vn 0.314647 0.901396 -0.297461
vn -0.552563 0.791488 -0.261191
vn 0.314647 0.901396 -0.297461
vn 0.314647 0.901396 -0.297461
vn 0.314647 0.901396 -0.297461
vn 0.314647 0.901396 -0.297461
vn 0.314647 0.901396 -0.297461
vn -0.552563 0.791488 -0.261191
vn -0.552563 0.791488 -0.261191
vn 0.314647 0.901396 -0.297461
vn -0.552563 0.791488 -0.261191
vn 0.314647 0.901396 -0.297461
vn 0.314647 0.901396 -0.297461
vn -0.552563 0.791488 -0.261191
vn 0.314647 0.901396 -0.297461
vn 0.314647 0.901396 -0.297461
vn 0.314647 0.901396 -0.297461
vn 0.314647 0.901396 -0.297461
vn 0.314647 0.901396 -0.297461
vn -0.552563 0.791488 -0.261191
vn -0.552563 0.791488 -0.261191
vn 0.314647 0.901396 -0.297461
vn -0.552563 0.791488 -0.261191
vn 0.314647 0.901396 -0.297461
vn 0.314647 0.901396 -0.297461
vn -0.552563 0.791488 -0.261191
vn 0.314647 0.901396 -0.297461
vn 0.314647 0.901396 -0.297461
vn 0.314647 0.901396 -0.297461
vn 0.314647 0.901396 -0.297461
vn 0.314647 0.901396 -0.297461
vn -0.552563 0.791488 -0.261191
vn -0.552563 0.791488 -0.261191
vn 0.314647 0.901396 -0.297461
vn -0.552563 0.791488 -0.261191
vn 0.314647 0.901396 -0.297461
vn 0.314647 0.901396 -0.297461
vn -0.552563 0.791488 -0.261191
vn 0.314647 0.901396 -0.297461
vn 0.314647 0.901396 -0.297461
vn 0.314647 0.901396 -0.297461
vn 0.314647 0.901396 -0.297461
vn 0.314647 0.901396 -0.297461
vn -0.552563 0.791488 -0.261191
vn -0.552563 0.791488 -0.261191
vn 0.314647 0.901396 -0.297461
vn -0.552563 0.791488 -0.261191
vn 0.314647 0.901396 -0.297461
vn 0.314647 0.901396 -0.297461
vn -0.552563 0.791488 -0.261191
vn 0.314647 0.901396 -0.297461
vn 0.314647 0.901396 -0.297461
vn 0.314647 0.901396 -0.297461
vn 0.314647 0.901396 -0.297461
vn 0.314647 0.901396 -0.297461
vn -0.552563 0.791488 -0.261191
vn -0.552563 0.791488 -0.261191
vn 0.314647 0.901396 -0.297461
vn -0.552563 0.791488 -0.261191
vn 0.314647 0.901396 -0.297461
vn 0.314647 0.901396 -0.297461
vn -0.552563 0.791488 -0.261191
vn 0.314647 0.901396 -0.297461
vn 0.314647 0.901396 -0.297461
vn 0.314647 0.901396 -0.297461
vn 0.314647 0.901396 -0.297461
vn 0.314647 0.901396 -0.297461
vn -0.552563 0.791488 -0.261191
vn -0.552563 0.791488 -0.261191
vn 0.314647 0.901396 -0.297461
vn -0.552563 0.791488 -0.261191
vn 0.314647 0.901396 -0.297461
vn 0.314647 0.901396 -0.297461
vn -0.552563 0.791488 -0.261191
vn 0.314647 0.901396 -0.297461
vn 0.314647 0.901396 -0.297461
vn 0.314647 0.901396 -0.297461
vn 0.314647 0.901396 -0.297461
vn 0.314647 0.901396 -0.297461
vn -0.552563 0.791488 -0.261191
vn -0.552563 0.791488 -0.261191
vn 0.314647 0.901396 -0.297461
vn -0.552563 0.791488 -0.261191
vn 0.314647 0.901396 -0.297461
vn 0.314647 0.901396 -0.297461
vn -0.552563 0.791488 -0.261191
vn 0.314647 0.901396 -0.297461
vn 0.314647 0.901396 -0.297461
vn 0.314647 0.901396 -0.297461
vn 0.314647 0.901396 -0.297461
vn 0.314647 0.901396 -0.297461
vn -0.552563 0.791488 -0.261191
vn -0.552563 0.791488 -0.261191
vn 0.314647 0.901396 -0.297461
vn -0.552563 0.791488 -0.261191
vn 0.314647 0.901396 -0.297461
vn 0.314647 0.901396 -0.297461
vn -0.552563 0.791488 -0.261191
vn 0.314647 0.901396 -0.297461
vn 0.314647 0.901396 -0.297461
vn 0.314647 0.901396 -0.297461
vn 0.314647 0.901396 -0.297461
vn 0.314647 0.901396 -0.297461
vn -0.552563 0.791488 -0.261191
vn -0.552563 0.791488 -0.261191
vn 0.314647 0.901396 -0.297461
vn -0.552563 0.791488 -0.261191
vn 0.314647 0.901396 -0.297461
vn 0.314647 0.901396 -0.297461
vn -0.552563 0.791488 -0.261191
vn 0.314647 0.901396 -0.297461
vn 0.314647 0.901396 -0.297461
vn 0.314647 0.901396 -0.297461
vn 0.314647 0.901396 -0.297461
vn 0.314647 0.901396 -0.297461
vn -0.552563 0.791488 -0.261191
vn -0.552563 0.791488 -0.261191
vn 0.314647 0.901396 -0.297461
vn -0.552563 0.791488 -0.261191
vn 0.314647 0.901396 -0.297461
vn 0.314647 0.901396 -0.297461
vn -0.552563 0.791488 -0.261191
vn 0.314647 0.901396 -0.297461
vn 0.314647 0.901396 -0.297461
vn 0.314647 0.901396 -0.297461
vn 0.314647 0.901396 -0.297461
vn 0.314647 0.901396 -0.297461
vn -0.552563 0.791488 -0.261191
vn -0.552563 0.791488 -0.261191
vn 0.314647 0.901396 -0.297461
vn -0.552563 0.791488 -0.261191
vn 0.314647 0.901396 -0.297461
vn 0.314647 0.901396 -0.297461
vn -0.552563 0.791488 -0.261191
vn 0.314647 0.901396 -0.297461
vn 0.314647 0.901396 -0.297461
vn 0.314647 0.901396 -0.297461
vn 0.314647 0.901396 -0.297461
vn 0.314647 0.901396 -0.297461
vn -0.552563 0.791488 -0.261191
vn -0.552563 0.791488 -0.261191
vn 0.314647 0.901396 -0.297461
vn -0.552563 0.791488 -0.261191
vn 0.314647 0.901396 -0.297461
vn 0.314647 0.901396 -0.297461
vn -0.552563 0.791488 -0.261191
vn 0.314647 0.901396 -0.297461
vn 0.314647 0.901396 -0.297461
vn 0.314647 0.901396 -0.297461
vn 0.314647 0.901396 -0.297461
vn 0.314647 0.901396 -0.297461
vn -0.552563 0.791488 -0.261191
vn -0.552563 0.791488 -0.261191
vn 0.314647 0.901396 -0.297461
vn -0.552563 0.791488 -0.261191
vn 0.314647 0.901396 -0.297461
vn 0.314647 0.901396 -0.297461
vn -0.552563 0.791488 -0.261191
vn 0.314647 0.901396 -0.297461
vn 0.314647 0.901396 -0.297461
vn 0.314647 0.901396 -0.297461
vn 0.314647 0.901396 -0.297461
vn 0.314647 0.901396 -0.297461
vn -0.552563 0.791488 -0.261191
vn -0.552563 0.791488 -0.261191
vn 0.314647 0.901396 -0.297461
vn -0.552563 0.791488 -0.261191
vn 0.314647 0.901396 -0.297461
vn 0.314647 0.901396 -0.297461
vn -0.552563 0.791488 -0.261191
vn 0.314647 0.901396 -0.297461
vn 0.314647 0.901396 -0.297461
vn 0.314647 0.901396 -0.297461
vn 0.314647 0.901396 -0.297461
vn 0.314647 0.901396 -0.297461
vn -0.552563 0.791488 -0.261191
vn -0.552563 0.791488 -0.261191
vn 0.314647 0.901396 -0.297461
vn -0.552563 0.791488 -0.261191
vn 0.314647 0.901396 -0.297461
vn 0.314647 0.901396 -0.297461
vn -0.552563 0.791488 -0.261191
vn 0.314647 0.901396 -0.297461
vn 0.314647 0.901396 -0.297461
vn 0.314647 0.901396 -0.297461
vn 0.314647 0.901396 -0.297461
vn 0.314647 0.901396 -0.297461
vn -0.552563 0.791488 -0.261191
vn -0.552563 0.791488 -0.261191
vn 0.314647 0.901396 -0.297461
vn -0.552563 0.791488 -0.261191
vn 0.314647 0.901396 -0.297461
vn 0.314647 0.901396 -0.297461
vn -0.552563 0.791488 -0.261191
vn 0.314647 0.901396 -0.297461
vn 0.314647 0.901396 -0.297461
vn 0.314647 0.901396 -0.297461
vn 0.314647 0.901396 -0.297461
vn 0.314647 0.901396 -0.297461
vn -0.552563 0.791488 -0.261191
vn -0.552563 0.791488 -0.261191
vn 0.314647 0.901396 -0.297461
vn -0.552563 0.791488 -0.261191
vn 0.314647 0.901396 -0.297461
vn 0.314647 0.901396 -0.297461
vn -0.552563 0.791488 -0.261191
vn 0.314647 0.901396 -0.297461
vn 0.314647 0.901396 -0.297461
vn 0.314647 0.901396 -0.297461
vn 0.314647 0.901396 -0.297461
vn 0.314647 0.901396 -0.297461
vn -0.552563 0.791488 -0.261191
vn -0.552563 0.791488 -0.261191
vn 0.314647 0.901396 -0.297461
vn -0.552563 0.791488 -0.261191
vn 0.314647 0.901396 -0.297461
vn 0.314647 0.901396 -0.297461
vn -0.552563 0.791488 -0.261191
vn 0.314647 0.901396 -0.297461
vn 0.314647 0.901396 -0.297461
vn 0.314647 0.901396 -0.297461
vn 0.314647 0.901396 -0.297461
vn 0.314647 0.901396 -0.297461
vn -0.552563 0.791488 -0.261191
vn -0.552563 0.791488 -0.261191
vn 0.314647 0.901396 -0.297461
vn -0.552563 0.791488 -0.261191
vn 0.314647 0.901396 -0.297461
vn 0.314647 0.901396 -0.297461
vn -0.552563 0.791488 -0.261191
vn 0.314647 0.901396 -0.297461
vn 0.314647 0.901396 -0.297461
vn 0.314647 0.901396 -0.297461
vn 0.314647 0.901396 -0.297461
vn 0.314647 0.901396 -0.297461
vn -0.552563 0.791488 -0.261191
vn -0.552563 0.791488 -0.261191
vn 0.314647 0.901396 -0.297461
vn -0.552563 0.791488 -0.261191
vn 0.314647 0.901396 -0.297461
vn 0.314647 0.901396 -0.297461
vn -0.552563 0.791488 -0.261191
vn 0.314647 0.901396 -0.297461
vn 0.314647 0.901396 -0.297461
vn 0.314647 0.901396 -0.297461
vn 0.314647 0.901396 -0.297461
vn 0.314647 0.901396 -0.297461
vn -0.552563 0.791488 -0.261191
vn -0.552563 0.791488 -0.261191
vn 0.314647 0.901396 -0.297461
vn -0.552563 0.791488 -0.261191
vn 0.314647 0.901396 -0.297461
vn 0.314647 0.901396 -0.297461
vn -0.552563 0.791488 -0.261191
vn 0.314647 0.901396 -0.297461
vn 0.314647 0.901396 -0.297461
vn 0.314647 0.901396 -0.297461
vn 0.314647 0.901396 -0.297461
vn 0.314647 0.901396 -0.297461
vn -0.552563 0.791488 -0.261191
vn -0.552563 0.791488 -0.261191
vn 0.314647 0.901396 -0.297461
vn -0.552563 0.791488 -0.261191
vn 0.314647 0.901396 -0.297461
vn 0.314647 0.901396 -0.297461
vn -0.552563 0.791488 -0.261191
vn 0.314647 0.901396 -0.297461
vn 0.314647 0.901396 -0.297461
vn 0.314647 0.901396 -0.297461
vn 0.314647 0.901396 -0.297461
vn 0.314647 0.901396 -0.297461
vn -0.552563 0.791488 -0.261191
vn -0.552563 0.791488 -0.261191
vn 0.314647 0.901396 -0.297461
vn -0.552563 0.791488 -0.261191
vn 0.314647 0.901396 -0.297461
vn 0.314647 0.901396 -0.297461
vn -0.552563 0.791488 -0.261191
vn 0.314647 0.901396 -0.297461
vn 0.314647 0.901396 -0.297461
vn 0.314647 0.901396 -0.297461
vn 0.314647 0.901396 -0.297461
vn 0.314647 0.901396 -0.297461
vn -0.552563 0.791488 -0.261191
vn -0.552563 0.791488 -0.261191
vn 0.314647 0.901396 -0.297461
vn -0.552563 0.791488 -0.261191
vn 0.314647 0.901396 -0.297461
vn 0.314647 0.901396 -0.297461
vn -0.552563 0.791488 -0.261191
vn 0.314647 0.901396 -0.297461
vn 0.314647 0.901396 -0.297461
vn 0.314647 0.901396 -0.297461
vn 0.314647 0.901396 -0.297461
vn 0.314647 0.901396 -0.297461
vn -0.552563 0.791488 -0.261191
vn -0.552563 0.791488 -0.261191
vn 0.314647 0.901396 -0.297461
vn -0.552563 0.791488 -0.261191
vn 0.314647 0.901396 -0.297461
vn 0.314647 0.901396 -0.297461
vn -0.552563 0.791488 -0.261191
vn 0.314647 0.901396 -0.297461
vn 0.314647 0.901396 -0.297461
vn 0.314647 0.901396 -0.297461
vn 0.314647 0.901396 -0.297461
vn 0.314647 0.901396 -0.297461
vn -0.552563 0.791488 -0.261191
vn -0.552563 0.791488 -0.261191
vn 0.314647 0.901396 -0.297461
vn -0.552563 0.791488 -0.261191
vn 0.314647 0.901396 -0.297461
vn 0.314647 0.901396 -0.297461
vn -0.552563 0.791488 -0.261191
vn 0.314647 0.901396 -0.297461
vn 0.314647 0.901396 -0.297461
vn 0.314647 0.901396 -0.297461
vn 0.314647 0.901396 -0.297461
vn 0.314647 0.901396 -0.297461
vn -0.552563 0.791488 -0.261191
vn -0.552563 0.791488 -0.261191
vn 0.314647 0.901396 -0.297461
vn -0.552563 0.791488 -0.261191
vn 0.314647 0.901396 -0.297461
vn 0.314647 0.901396 -0.297461
vn -0.552563 0.791488 -0.261191
vn 0.314647 0.901396 -0.297461
vn 0.314647 0.901396 -0.297461
vn 0.314647 0.901396 -0.297461
vn 0.314647 0.901396 -0.297461
vn 0.314647 0.901396 -0.297461
vn -0.552563 0.791488 -0.261191
vn -0.552563 0.791488 -0.261191
vn 0.314647 0.901396 -0.297461
vn -0.552563 0.791488 -0.261191
vn 0.314647 0.901396 -0.297461
vn 0.314647 0.901396 -0.297461
vn -0.552563 0.791488 -0.261191
vn 0.314647 0.901396 -0.297461
vn 0.314647 0.901396 -0.297461
vn 0.314647 0.901396 -0.297461
vn 0.314647 0.901396 -0.297461
vn 0.314647 0.901396 -0.297461
vn -0.552563 0.791488 -0.261191
vn -0.552563 0.791488 -0.261191
vn 0.314647 0.901396 -0.297461
vn -0.552563 0.791488 -0.261191
vn 0.314647 0.901396 -0.297461
vn 0.314647 0.901396 -0.297461
vn -0.552563 0.791488 -0.261191
vn 0.314647 0.901396 -0.297461
vn 0.314647 0.901396 -0.297461
vn 0.314647 0.901396 -0.297461
vn 0.314647 0.901396 -0.297461
vn 0.314647 0.901396 -0.297461
vn -0.552563 0.791488 -0.261191
vn -0.552563 0.791488 -0.261191
vn 0.314647 0.901396 -0.297461
vn -0.552563 0.791488 -0.261191
vn 0.314647 0.901396 -0.297461
vn 0.314647 0.901396 -0.297461
vn -0.552563 0.791488 -0.261191
vn 0.314647 0.901396 -0.297461
vn 0.314647 0.901396 -0.297461
vn 0.314647 0.901396 -0.297461
vn 0.314647 0.901396 -0.297461
vn 0.314647 0.901396 -0.297461
vn -0.552563 0.791488 -0.261191
vn -0.552563 0.791488 -0.261191
vn 0.314647 0.901396 -0.297461
vn -0.552563 0.791488 -0.261191
vn 0.314647 0.901396 -0.297461
vn 0.314647 0.901396 -0.297461
vn -0.552563 0.791488 -0.261191
vn 0.314647 0.901396 -0.297461
vn 0.314647 0.901396 -0.297461
vn 0.314647 0.901396 -0.297461
vn 0.314647 0.901396 -0.297461
vn 0.314647 0.901396 -0.297461
vn -0.552563 0.791488 -0.261191
vn -0.552563 0.791488 -0.261191
vn 0.314647 0.901396 -0.297461
vn -0.552563 0.791488 -0.261191
vn 0.314647 0.901396 -0.297461
vn 0.314647 0.901396 -0.297461
vn -0.552563 0.791488 -0.261191
vn 0.314647 0.901396 -0.297461
vn 0.314647 0.901396 -0.297461
vn 0.314647 0.901396 -0.297461
vn 0.314647 0.901396 -0.297461
vn 0.314647 0.901396 -0.297461
vn -0.552563 0.791488 -0.261191
vn -0.552563 0.791488 -0.261191
vn 0.314647 0.901396 -0.297461
vn -0.552563 0.791488 -0.261191
vn 0.314647 0.901396 -0.297461
vn 0.314647 0.901396 -0.297461
vn -0.552563 0.791488 -0.261191
vn 0.314647 0.901396 -0.297461
vn 0.314647 0.901396 -0.297461
vn 0.314647 0.901396 -0.297461
vn 0.314647 0.901396 -0.297461
vn 0.314647 0.901396 -0.297461
vn -0.552563 0.791488 -0.261191
vn -0.552563 0.791488 -0.261191
vn 0.314647 0.901396 -0.297461
vn -0.552563 0.791488 -0.261191
vn 0.314647 0.901396 -0.297461
vn 0.314647 0.901396 -0.297461
vn -0.552563 0.791488 -0.261191
vn 0.314647 0.901396 -0.297461
vn 0.314647 0.901396 -0.297461
vn 0.314647 0.901396 -0.297461
vn 0.314647 0.901396 -0.297461
vn 0.314647 0.901396 -0.297461
vn -0.552563 0.791488 -0.261191
vn -0.552563 0.791488 -0.261191
vn 0.314647 0.901396 -0.297461
vn -0.552563 0.791488 -0.261191
vn 0.314647 0.901396 -0.297461
vn 0.314647 0.901396 -0.297461
vn -0.552563 0.791488 -0.261191
vn 0.314647 0.901396 -0.297461
vn 0.314647 0.901396 -0.297461
vn 0.314647 0.901396 -0.297461
vn 0.314647 0.901396 -0.297461
vn 0.314647 0.901396 -0.297461
vn -0.552563 0.791488 -0.261191
vn -0.552563 0.791488 -0.261191
vn 0.314647 0.901396 -0.297461
vn -0.552563 0.791488 -0.261191
vn 0.314647 0.901396 -0.297461
vn 0.314647 0.901396 -0.297461
vn -0.552563 0.791488 -0.261191
vn 0.314647 0.901396 -0.297461
vn 0.314647 0.901396 -0.297461
vn 0.314647 0.901396 -0.297461
vn 0.314647 0.901396 -0.297461
vn 0.314647 0.901396 -0.297461
vn -0.552563 0.791488 -0.261191
vn -0.552563 0.791488 -0.261191
vn 0.314647 0.901396 -0.297461
vn -0.552563 0.791488 -0.261191
vn 0.314647 0.901396 -0.297461
vn 0.314647 0.901396 -0.297461
vn -0.552563 0.791488 -0.261191
vn 0.314647 0.901396 -0.297461
vn 0.314647 0.901396 -0.297461
vn 0.314647 0.901396 -0.297461
vn 0.314647 0.901396 -0.297461
vn 0.314647 0.901396 -0.297461
vn -0.552563 0.791488 -0.261191
vn -0.552563 0.791488 -0.261191
vn 0.314647 0.901396 -0.297461
vn -0.552563 0.791488 -0.261191
vn 0.314647 0.901396 -0.297461
vn 0.314647 0.901396 -0.297461
vn -0.552563 0.791488 -0.261191
vn 0.314647 0.901396 -0.297461
vn 0.314647 0.901396 -0.297461
vn 0.314647 0.901396 -0.297461
vn 0.314647 0.901396 -0.297461
vn 0.314647 0.901396 -0.297461
vn -0.552563 0.791488 -0.261191
vn -0.552563 0.791488 -0.261191
vn 0.314647 0.901396 -0.297461
vn -0.552563 0.791488 -0.261191
vn 0.314647 0.901396 -0.297461
vn 0.314647 0.901396 -0.297461
vn -0.552563 0.791488 -0.261191
vn 0.314647 0.901396 -0.297461
vn 0.314647 0.901396 -0.297461
vn 0.314647 0.901396 -0.297461
vn 0.314647 0.901396 -0.297461
vn 0.314647 0.901396 -0.297461
vn -0.552563 0.791488 -0.261191
vn -0.552563 0.791488 -0.261191
vn 0.314647 0.901396 -0.297461
vn -0.552563 0.791488 -0.261191
vn 0.314647 0.901396 -0.297461
vn 0.314647 0.901396 -0.297461
vn -0.552563 0.791488 -0.261191
vn 0.314647 0.901396 -0.297461
vn 0.314647 0.901396 -0.297461
vn 0.314647 0.901396 -0.297461
vn 0.314647 0.901396 -0.297461
vn 0.314647 0.901396 -0.297461
vn -0.552563 0.791488 -0.261191
vn -0.552563 0.791488 -0.261191
vn 0.314647 0.901396 -0.297461
vn -0.552563 0.791488 -0.261191
vn 0.314647 0.901396 -0.297461
vn 0.314647 0.901396 -0.297461
vn -0.552563 0.791488 -0.261191
vn 0.314647 0.901396 -0.297461
vn 0.314647 0.901396 -0.297461
vn 0.314647 0.901396 -0.297461
vn 0.314647 0.901396 -0.297461
vn 0.314647 0.901396 -0.297461
vn -0.552563 0.791488 -0.261191
vn -0.552563 0.791488 -0.261191
vn 0.314647 0.901396 -0.297461
vn -0.552563 0.791488 -0.261191
vn 0.314647 0.901396 -0.297461
vn 0.314647 0.901396 -0.297461
vn -0.552563 0.791488 -0.261191
vn 0.314647 0.901396 -0.297461
vn 0.314647 0.901396 -0.297461
vn 0.314647 0.901396 -0.297461
vn 0.314647 0.901396 -0.297461
vn 0.314647 0.901396 -0.297461
vn -0.552563 0.791488 -0.261191
vn -0.552563 0.791488 -0.261191
vn 0.314647 0.901396 -0.297461
vn -0.552563 0.791488 -0.261191
vn 0.314647 0.901396 -0.297461
vn 0.314647 0.901396 -0.297461
vn -0.552563 0.791488 -0.261191
vn 0.314647 0.901396 -0.297461
vn 0.314647 0.901396 -0.297461
vn 0.314647 0.901396 -0.297461
vn 0.314647 0.901396 -0.297461
vn 0.314647 0.901396 -0.297461
vn -0.552563 0.791488 -0.261191
vn -0.552563 0.791488 -0.261191
vn 0.314647 0.901396 -0.297461
vn -0.552563 0.791488 -0.261191
vn 0.314647 0.901396 -0.297461
vn 0.314647 0.901396 -0.297461
vn -0.552563 0.791488 -0.261191
vn 0.314647 0.901396 -0.297461
vn 0.314647 0.901396 -0.297461
vn 0.314647 0.901396 -0.297461
vn 0.314647 0.901396 -0.297461
vn 0.314647 0.901396 -0.297461
vn -0.552563 0.791488 -0.261191
vn -0.552563 0.791488 -0.261191
vn 0.314647 0.901396 -0.297461
vn -0.552563 0.791488 -0.261191
vn 0.314647 0.901396 -0.297461
vn 0.314647 0.901396 -0.297461
vn -0.552563 0.791488 -0.261191
vn 0.314647 0.901396 -0.297461
vn 0.314647 0.901396 -0.297461
vn 0.314647 0.901396 -0.297461
vn 0.314647 0.901396 -0.297461
vn 0.314647 0.901396 -0.297461
vn -0.552563 0.791488 -0.261191
vn -0.552563 0.791488 -0.261191
vn 0.314647 0.901396 -0.297461
vn -0.552563 0.791488 -0.261191
vn 0.314647 0.901396 -0.297461
vn 0.314647 0.901396 -0.297461
vn -0.552563 0.791488 -0.261191
vn 0.314647 0.901396 -0.297461
vn 0.314647 0.901396 -0.297461
vn 0.314647 0.901396 -0.297461
vn 0.314647 0.901396 -0.297461
vn 0.314647 0.901396 -0.297461
vn -0.552563 0.791488 -0.261191
vn -0.552563 0.791488 -0.261191
vn 0.314647 0.901396 -0.297461
vn -0.552563 0.791488 -0.261191
vn 0.314647 0.901396 -0.297461
vn 0.314647 0.901396 -0.297461
vn -0.552563 0.791488 -0.261191
vn 0.314647 0.901396 -0.297461
vn 0.314647 0.901396 -0.297461
vn 0.314647 0.901396 -0.297461
vn 0.314647 0.901396 -0.297461
vn 0.314647 0.901396 -0.297461
vn -0.552563 0.791488 -0.261191
vn -0.552563 0.791488 -0.261191
vn 0.314647 0.901396 -0.297461
vn -0.552563 0.791488 -0.261191
vn 0.314647 0.901396 -0.297461
vn 0.314647 0.901396 -0.297461
vn -0.552563 0.791488 -0.261191
vn 0.314647 0.901396 -0.297461
vn 0.314647 0.901396 -0.297461
vn 0.314647 0.901396 -0.297461
vn 0.314647 0.901396 -0.297461
vn 0.314647 0.901396 -0.297461
vn -0.552563 0.791488 -0.261191
vn -0.552563 0.791488 -0.261191
vn 0.314647 0.901396 -0.297461
vn -0.552563 0.791488 -0.261191
vn 0.314647 0.901396 -0.297461
vn 0.314647 0.901396 -0.297461
vn -0.552563 0.791488 -0.261191
vn 0.314647 0.901396 -0.297461
vn 0.314647 0.901396 -0.297461
vn 0.314647 0.901396 -0.297461
vn 0.314647 0.901396 -0.297461
vn 0.314647 0.901396 -0.297461
vn -0.552563 0.791488 -0.261191
vn -0.552563 0.791488 -0.261191
vn 0.314647 0.901396 -0.297461
vn -0.552563 0.791488 -0.261191
vn 0.314647 0.901396 -0.297461
vn 0.314647 0.901396 -0.297461
vn -0.552563 0.791488 -0.261191
vn 0.314647 0.901396 -0.297461
vn 0.314647 0.901396 -0.297461
vn 0.314647 0.901396 -0.297461
vn 0.314647 0.901396 -0.297461
vn 0.314647 0.901396 -0.297461
vn -0.552563 0.791488 -0.261191
vn -0.552563 0.791488 -0.261191
vn 0.314647 0.901396 -0.297461
vn -0.552563 0.791488 -0.261191
vn 0.314647 0.901396 -0.297461
vn 0.314647 0.901396 -0.297461
vn -0.552563 0.791488 -0.261191
vn 0.314647 0.901396 -0.297461
vn 0.314647 0.901396 -0.297461
vn 0.314647 0.901396 -0.297461
vn 0.314647 0.901396 -0.297461
vn 0.314647 0.901396 -0.297461
vn -0.552563 0.791488 -0.261191
vn -0.552563 0.791488 -0.261191
vn 0.314647 0.901396 -0.297461
vn -0.552563 0.791488 -0.261191
vn 0.314647 0.901396 -0.297461
vn 0.314647 0.901396 -0.297461
vn -0.552563 0.791488 -0.261191
vn 0.314647 0.901396 -0.297461
vn 0.314647 0.901396 -0.297461
vn 0.314647 0.901396 -0.297461
vn 0.314647 0.901396 -0.297461
vn 0.314647 0.901396 -0.297461
vn -0.552563 0.791488 -0.261191
vn -0.552563 0.791488 -0.261191
vn 0.314647 0.901396 -0.297461
vn -0.552563 0.791488 -0.261191
vn 0.314647 0.901396 -0.297461
vn 0.314647 0.901396 -0.297461
vn -0.552563 0.791488 -0.261191
vn 0.314647 0.901396 -0.297461
vn 0.314647 0.901396 -0.297461
vn 0.314647 0.901396 -0.297461
vn 0.314647 0.901396 -0.297461
vn 0.314647 0.901396 -0.297461
vn -0.552563 0.791488 -0.261191
vn -0.552563 0.791488 -0.261191
vn 0.314647 0.901396 -0.297461
vn -0.552563 0.791488 -0.261191
vn 0.314647 0.901396 -0.297461
vn 0.314647 0.901396 -0.297461
vn -0.552563 0.791488 -0.261191
vn 0.314647 0.901396 -0.297461
vn 0.314647 0.901396 -0.297461
vn 0.314647 0.901396 -0.297461
vn 0.314647 0.901396 -0.297461
vn 0.314647 0.901396 -0.297461
vn -0.552563 0.791488 -0.261191
vn -0.552563 0.791488 -0.261191
vn 0.314647 0.901396 -0.297461
vn -0.552563 0.791488 -0.261191
vn 0.314647 0.901396 -0.297461
vn 0.314647 0.901396 -0.297461
vn -0.552563 0.791488 -0.261191
vn 0.314647 0.901396 -0.297461
vn 0.314647 0.901396 -0.297461
vn 0.314647 0.901396 -0.297461
vn 0.314647 0.901396 -0.297461
vn 0.314647 0.901396 -0.297461
vn -0.552563 0.791488 -0.261191
vn -0.552563 0.791488 -0.261191
vn 0.314647 0.901396 -0.297461
vn -0.552563 0.791488 -0.261191
vn 0.314647 0.901396 -0.297461
vn 0.314647 0.901396 -0.297461
vn -0.552563 0.791488 -0.261191
vn 0.314647 0.901396 -0.297461
vn 0.314647 0.901396 -0.297461
vn 0.314647 0.901396 -0.297461
vn 0.314647 0.901396 -0.297461
vn 0.314647 0.901396 -0.297461
vn -0.552563 0.791488 -0.261191
vn -0.552563 0.791488 -0.261191
vn 0.314647 0.901396 -0.297461
vn -0.552563 0.791488 -0.261191
vn 0.314647 0.901396 -0.297461
vn 0.314647 0.901396 -0.297461
vn -0.552563 0.791488 -0.261191
vn 0.314647 0.901396 -0.297461
vn 0.314647 0.901396 -0.297461
vn 0.314647 0.901396 -0.297461
vn 0.314647 0.901396 -0.297461
vn 0.314647 0.901396 -0.297461
vn -0.552563 0.791488 -0.261191
vn -0.552563 0.791488 -0.261191
vn 0.314647 0.901396 -0.297461
vn -0.552563 0.791488 -0.261191
vn 0.314647 0.901396 -0.297461
vn 0.314647 0.901396 -0.297461
vn -0.552563 0.791488 -0.261191
vn 0.314647 0.901396 -0.297461
vn 0.314647 0.901396 -0.297461
vn 0.314647 0.901396 -0.297461
vn 0.314647 0.901396 -0.297461
vn 0.314647 0.901396 -0.297461
vn -0.552563 0.791488 -0.261191
vn -0.552563 0.791488 -0.261191
vn 0.314647 0.901396 -0.297461
vn -0.552563 0.791488 -0.261191
vn 0.314647 0.901396 -0.297461
vn 0.314647 0.901396 -0.297461
vn -0.552563 0.791488 -0.261191
vn 0.314647 0.901396 -0.297461
vn 0.314647 0.901396 -0.297461
vn 0.314647 0.901396 -0.297461
vn 0.314647 0.901396 -0.297461
vn 0.314647 0.901396 -0.297461
vn -0.552563 0.791488 -0.261191
vn -0.552563 0.791488 -0.261191
vn 0.314647 0.901396 -0.297461
vn -0.552563 0.791488 -0.261191
vn 0.314647 0.901396 -0.297461
vn 0.314647 0.901396 -0.297461
vn -0.552563 0.791488 -0.261191
vn 0.314647 0.901396 -0.297461
vn 0.314647 0.901396 -0.297461
vn 0.314647 0.901396 -0.297461
vn 0.314647 0.901396 -0.297461
vn 0.314647 0.901396 -0.297461
vn -0.552563 0.791488 -0.261191
vn -0.552563 0.791488 -0.261191
vn 0.314647 0.901396 -0.297461
vn -0.552563 0.791488 -0.261191
vn 0.314647 0.901396 -0.297461
vn 0.314647 0.901396 -0.297461
vn -0.552563 0.791488 -0.261191
vn 0.314647 0.901396 -0.297461
vn 0.314647 0.901396 -0.297461
vn 0.314647 0.901396 -0.297461
vn 0.314647 0.901396 -0.297461
vn 0.314647 0.901396 -0.297461
vn -0.552563 0.791488 -0.261191
vn -0.552563 0.791488 -0.261191
vn 0.314647 0.901396 -0.297461
vn -0.552563 0.791488 -0.261191
vn 0.314647 0.901396 -0.297461
vn 0.314647 0.901396 -0.297461
vn -0.552563 0.791488 -0.261191
vn 0.314647 0.901396 -0.297461
vn 0.314647 0.901396 -0.297461
vn 0.314647 0.901396 -0.297461
vn 0.314647 0.901396 -0.297461
vn 0.314647 0.901396 -0.297461
vn -0.552563 0.791488 -0.261191
vn -0.552563 0.791488 -0.261191
vn 0.314647 0.901396 -0.297461
vn -0.552563 0.791488 -0.261191
vn 0.314647 0.901396 -0.297461
vn 0.314647 0.901396 -0.297461
vn -0.552563 0.791488 -0.261191
vn 0.314647 0.901396 -0.297461
vn 0.314647 0.901396 -0.297461
vn 0.314647 0.901396 -0.297461
vn 0.314647 0.901396 -0.297461
vn 0.314647 0.901396 -0.297461
vn -0.552563 0.791488 -0.261191
vn -0.552563 0.791488 -0.261191
vn 0.314647 0.901396 -0.297461
vn -0.552563 0.791488 -0.261191
vn 0.314647 0.901396 -0.297461
vn 0.314647 0.901396 -0.297461
vn -0.552563 0.791488 -0.261191
vn 0.314647 0.901396 -0.297461
vn 0.314647 0.901396 -0.297461
vn 0.314647 0.901396 -0.297461
vn 0.314647 0.901396 -0.297461
vn 0.314647 0.901396 -0.297461
vn -0.552563 0.791488 -0.261191
vn -0.552563 0.791488 -0.261191
vn 0.314647 0.901396 -0.297461
vn -0.552563 0.791488 -0.261191
vn 0.314647 0.901396 -0.297461
vn 0.314647 0.901396 -0.297461
vn -0.552563 0.791488 -0.261191
vn 0.314647 0.901396 -0.297461
vn 0.314647 0.901396 -0.297461
vn 0.314647 0.901396 -0.297461
vn 0.314647 0.901396 -0.297461
vn 0.314647 0.901396 -0.297461
vn -0.552563 0.791488 -0.261191
vn -0.552563 0.791488 -0.261191
vn 0.314647 0.901396 -0.297461
vn -0.552563 0.791488 -0.261191
vn 0.314647 0.901396 -0.297461
vn 0.314647 0.901396 -0.297461
vn -0.552563 0.791488 -0.261191
vn 0.314647 0.901396 -0.297461
vn 0.314647 0.901396 -0.297461
vn 0.314647 0.901396 -0.297461
vn 0.314647 0.901396 -0.297461
vn 0.314647 0.901396 -0.297461
vn -0.552563 0.791488 -0.261191
vn -0.552563 0.791488 -0.261191
vn 0.314647 0.901396 -0.297461
vn -0.552563 0.791488 -0.261191
vn 0.314647 0.901396 -0.297461
vn 0.314647 0.901396 -0.297461
vn -0.552563 0.791488 -0.261191
vn 0.314647 0.901396 -0.297461
vn 0.314647 0.901396 -0.297461
vn 0.314647 0.901396 -0.297461
vn 0.314647 0.901396 -0.297461
vn 0.314647 0.901396 -0.297461
vn -0.552563 0.791488 -0.261191
vn -0.552563 0.791488 -0.261191
vn 0.314647 0.901396 -0.297461
vn -0.552563 0.791488 -0.261191
vn 0.314647 0.901396 -0.297461
vn 0.314647 0.901396 -0.297461
vn -0.552563 0.791488 -0.261191
vn 0.314647 0.901396 -0.297461
vn 0.314647 0.901396 -0.297461
vn 0.314647 0.901396 -0.297461
vn 0.314647 0.901396 -0.297461
vn 0.314647 0.901396 -0.297461
vn -0.552563 0.791488 -0.261191
vn -0.552563 0.791488 -0.261191
vn 0.314647 0.901396 -0.297461
vn -0.552563 0.791488 -0.261191
vn 0.314647 0.901396 -0.297461
vn 0.314647 0.901396 -0.297461
vn -0.552563 0.791488 -0.261191
vn 0.314647 0.901396 -0.297461
vn 0.314647 0.901396 -0.297461
vn 0.314647 0.901396 -0.297461
vn 0.314647 0.901396 -0.297461
vn 0.314647 0.901396 -0.297461
vn -0.552563 0.791488 -0.261191
vn -0.552563 0.791488 -0.261191
vn 0.314647 0.901396 -0.297461
vn -0.552563 0.791488 -0.261191
vn 0.314647 0.901396 -0.297461
vn 0.314647 0.901396 -0.297461
vn -0.552563 0.791488 -0.261191
vn 0.314647 0.901396 -0.297461
vn 0.314647 0.901396 -0.297461
vn 0.314647 0.901396 -0.297461
vn 0.314647 0.901396 -0.297461
vn 0.314647 0.901396 -0.297461
vn -0.552563 0.791488 -0.261191
vn -0.552563 0.791488 -0.261191
vn 0.314647 0.901396 -0.297461
vn -0.552563 0.791488 -0.261191
vn 0.314647 0.901396 -0.297461
vn 0.314647 0.901396 -0.297461
vn -0.552563 0.791488 -0.261191
vn 0.314647 0.901396 -0.297461
vn 0.314647 0.901396 -0.297461
vn 0.314647 0.901396 -0.297461
vn 0.314647 0.901396 -0.297461
vn 0.314647 0.901396 -0.297461
vn -0.552563 0.791488 -0.261191
vn -0.552563 0.791488 -0.261191
vn 0.314647 0.901396 -0.297461
vn -0.552563 0.791488 -0.261191
vn 0.314647 0.901396 -0.297461
vn 0.314647 0.901396 -0.297461
vn -0.552563 0.791488 -0.261191
vn 0.314647 0.901396 -0.297461
vn 0.314647 0.901396 -0.297461
vn 0.314647 0.901396 -0.297461
vn 0.314647 0.901396 -0.297461
vn 0.314647 0.901396 -0.297461
vn -0.552563 0.791488 -0.261191
vn -0.552563 0.791488 -0.261191
vn 0.314647 0.901396 -0.297461
vn -0.552563 0.791488 -0.261191
vn 0.314647 0.901396 -0.297461
vn 0.314647 0.901396 -0.297461
vn -0.552563 0.791488 -0.261191
vn 0.314647 0.901396 -0.297461
vn 0.314647 0.901396 -0.297461
vn 0.314647 0.901396 -0.297461
vn 0.314647 0.901396 -0.297461
vn 0.314647 0.901396 -0.297461
vn -0.552563 0.791488 -0.261191
vn -0.552563 0.791488 -0.261191
vn 0.314647 0.901396 -0.297461
vn -0.552563 0.791488 -0.261191
vn 0.314647 0.901396 -0.297461
vn 0.314647 0.901396 -0.297461
vn -0.552563 0.791488 -0.261191
vn 0.314647 0.901396 -0.297461
vn 0.314647 0.901396 -0.297461
vn 0.314647 0.901396 -0.297461
vn 0.314647 0.901396 -0.297461
vn 0.314647 0.901396 -0.297461
vn -0.552563 0.791488 -0.261191
vn -0.552563 0.791488 -0.261191
vn 0.314647 0.901396 -0.297461
vn -0.552563 0.791488 -0.261191
vn 0.314647 0.901396 -0.297461
vn 0.314647 0.901396 -0.297461
vn -0.552563 0.791488 -0.261191
vn 0.314647 0.901396 -0.297461
vn 0.314647 0.901396 -0.297461
vn 0.314647 0.901396 -0.297461
vn 0.314647 0.901396 -0.297461
vn 0.314647 0.901396 -0.297461
vn -0.552563 0.791488 -0.261191
vn -0.552563 0.791488 -0.261191
vn 0.314647 0.901396 -0.297461
vn -0.552563 0.791488 -0.261191
vn 0.314647 0.901396 -0.297461
vn 0.314647 0.901396 -0.297461
vn -0.552563 0.791488 -0.261191
vn 0.314647 0.901396 -0.297461
vn 0.314647 0.901396 -0.297461
vn 0.314647 0.901396 -0.297461
vn 0.314647 0.901396 -0.297461
vn 0.314647 0.901396 -0.297461
vn -0.552563 0.791488 -0.261191
vn -0.552563 0.791488 -0.261191
vn 0.314647 0.901396 -0.297461
vn -0.552563 0.791488 -0.261191
vn 0.314647 0.901396 -0.297461
vn 0.314647 0.901396 -0.297461
vn -0.552563 0.791488 -0.261191
vn 0.314647 0.901396 -0.297461
vn 0.314647 0.901396 -0.297461
vn 0.314647 0.901396 -0.297461
vn 0.314647 0.901396 -0.297461
vn 0.314647 0.901396 -0.297461
vn -0.552563 0.791488 -0.261191
vn -0.552563 0.791488 -0.261191
vn 0.314647 0.901396 -0.297461
vn -0.552563 0.791488 -0.261191
vn 0.314647 0.901396 -0.297461
vn 0.314647 0.901396 -0.297461
vn -0.552563 0.791488 -0.261191
vn 0.314647 0.901396 -0.297461
vn 0.314647 0.901396 -0.297461
vn 0.314647 0.901396 -0.297461
vn 0.314647 0.901396 -0.297461
vn 0.314647 0.901396 -0.297461
vn -0.552563 0.791488 -0.261191
vn -0.552563 0.791488 -0.261191
vn 0.314647 0.901396 -0.297461
vn -0.552563 0.791488 -0.261191
vn 0.314647 0.901396 -0.297461
vn 0.314647 0.901396 -0.297461
vn -0.552563 0.791488 -0.261191
vn 0.314647 0.901396 -0.297461
vn 0.314647 0.901396 -0.297461
vn 0.314647 0.901396 -0.297461
vn 0.314647 0.901396 -0.297461
vn 0.314647 0.901396 -0.297461
vn -0.552563 0.791488 -0.261191
vn -0.552563 0.791488 -0.261191
vn 0.314647 0.901396 -0.297461
vn -0.552563 0.791488 -0.261191
vn 0.314647 0.901396 -0.297461
vn 0.314647 0.901396 -0.297461
vn -0.552563 0.791488 -0.261191
vn 0.314647 0.901396 -0.297461
vn 0.314647 0.901396 -0.297461
vn 0.314647 0.901396 -0.297461
vn 0.314647 0.901396 -0.297461
vn 0.314647 0.901396 -0.297461
vn -0.552563 0.791488 -0.261191
vn -0.552563 0.791488 -0.261191
vn 0.314647 0.901396 -0.297461
vn -0.552563 0.791488 -0.261191
vn 0.314647 0.901396 -0.297461
vn 0.314647 0.901396 -0.297461
vn -0.552563 0.791488 -0.261191
vn 0.314647 0.901396 -0.297461
vn 0.314647 0.901396 -0.297461
vn 0.314647 0.901396 -0.297461
vn 0.314647 0.901396 -0.297461
vn 0.314647 0.901396 -0.297461
vn -0.552563 0.791488 -0.261191
vn -0.552563 0.791488 -0.261191
vn 0.314647 0.901396 -0.297461
vn -0.552563 0.791488 -0.261191
vn 0.314647 0.901396 -0.297461
vn 0.314647 0.901396 -0.297461
vn -0.552563 0.791488 -0.261191
vn 0.314647 0.901396 -0.297461
vn 0.314647 0.901396 -0.297461
vn 0.314647 0.901396 -0.297461
vn 0.314647 0.901396 -0.297461
vn 0.314647 0.901396 -0.297461
vn -0.552563 0.791488 -0.261191
vn -0.552563 0.791488 -0.261191
vn 0.314647 0.901396 -0.297461
vn -0.552563 0.791488 -0.261191
vn 0.314647 0.901396 -0.297461
vn 0.314647 0.901396 -0.297461
vn -0.552563 0.791488 -0.261191
vn 0.314647 0.901396 -0.297461
vn 0.314647 0.901396 -0.297461
vn 0.314647 0.901396 -0.297461
vn 0.314647 0.901396 -0.297461
vn 0.314647 0.901396 -0.297461
vn -0.552563 0.791488 -0.261191
vn -0.552563 0.791488 -0.261191
vn 0.314647 0.901396 -0.297461
vn -0.552563 0.791488 -0.261191
vn 0.314647 0.901396 -0.297461
vn 0.314647 0.901396 -0.297461
vn -0.552563 0.791488 -0.261191
vn 0.314647 0.901396 -0.297461
vn 0.314647 0.901396 -0.297461
vn 0.314647 0.901396 -0.297461
vn 0.314647 0.901396 -0.297461
vn 0.314647 0.901396 -0.297461
vn -0.552563 0.791488 -0.261191
vn -0.552563 0.791488 -0.261191
vn 0.314647 0.901396 -0.297461
vn -0.552563 0.791488 -0.261191
vn 0.314647 0.901396 -0.297461
vn 0.314647 0.901396 -0.297461
vn -0.552563 0.791488 -0.261191
vn 0.314647 0.901396 -0.297461
vn 0.314647 0.901396 -0.297461
vn 0.314647 0.901396 -0.297461
vn 0.314647 0.901396 -0.297461
vn 0.314647 0.901396 -0.297461
vn -0.552563 0.791488 -0.261191
vn -0.552563 0.791488 -0.261191
vn 0.314647 0.901396 -0.297461
vn -0.552563 0.791488 -0.261191
vn 0.314647 0.901396 -0.297461
vn 0.314647 0.901396 -0.297461
vn -0.552563 0.791488 -0.261191
vn 0.314647 0.901396 -0.297461
vn 0.314647 0.901396 -0.297461
vn 0.314647 0.901396 -0.297461
vn 0.314647 0.901396 -0.297461
vn 0.314647 0.901396 -0.297461
vn -0.552563 0.791488 -0.261191
vn -0.552563 0.791488 -0.261191
vn 0.314647 0.901396 -0.297461
vn -0.552563 0.791488 -0.261191
vn 0.314647 0.901396 -0.297461
vn 0.314647 0.901396 -0.297461
vn -0.552563 0.791488 -0.261191
vn 0.314647 0.901396 -0.297461
vn 0.314647 0.901396 -0.297461
vn 0.314647 0.901396 -0.297461
vn 0.314647 0.901396 -0.297461
vn 0.314647 0.901396 -0.297461
vn -0.552563 0.791488 -0.261191
vn -0.552563 0.791488 -0.261191
vn 0.314647 0.901396 -0.297461
vn -0.552563 0.791488 -0.261191
vn 0.314647 0.901396 -0.297461
vn 0.314647 0.901396 -0.297461
vn -0.552563 0.791488 -0.261191
vn 0.314647 0.901396 -0.297461
vn 0.314647 0.901396 -0.297461
vn 0.314647 0.901396 -0.297461
vn 0.314647 0.901396 -0.297461
vn 0.314647 0.901396 -0.297461
vn -0.552563 0.791488 -0.261191
vn -0.552563 0.791488 -0.261191
vn 0.314647 0.901396 -0.297461
vn -0.552563 0.791488 -0.261191
vn 0.314647 0.901396 -0.297461
vn 0.314647 0.901396 -0.297461
vn -0.552563 0.791488 -0.261191
vn 0.314647 0.901396 -0.297461
vn 0.314647 0.901396 -0.297461
vn 0.314647 0.901396 -0.297461
vn 0.314647 0.901396 -0.297461
vn 0.314647 0.901396 -0.297461
vn -0.552563 0.791488 -0.261191
vn -0.552563 0.791488 -0.261191
vn 0.314647 0.901396 -0.297461
vn -0.552563 0.791488 -0.261191
vn 0.314647 0.901396 -0.297461
vn 0.314647 0.901396 -0.297461
vn -0.552563 0.791488 -0.261191
vn 0.314647 0.901396 -0.297461
vn 0.314647 0.901396 -0.297461
vn 0.314647 0.901396 -0.297461
vn 0.314647 0.901396 -0.297461
vn 0.314647 0.901396 -0.297461
vn -0.552563 0.791488 -0.261191
vn -0.552563 0.791488 -0.261191
vn 0.314647 0.901396 -0.297461
vn -0.552563 0.791488 -0.261191
vn 0.314647 0.901396 -0.297461
vn 0.314647 0.901396 -0.297461
vn -0.552563 0.791488 -0.261191
vn 0.314647 0.901396 -0.297461
vn 0.314647 0.901396 -0.297461
vn 0.314647 0.901396 -0.297461
vn 0.314647 0.901396 -0.297461
vn 0.314647 0.901396 -0.297461
vn -0.552563 0.791488 -0.261191
vn -0.552563 0.791488 -0.261191
vn 0.314647 0.901396 -0.297461
vn -0.552563 0.791488 -0.261191
vn 0.314647 0.901396 -0.297461
vn 0.314647 0.901396 -0.297461
vn -0.552563 0.791488 -0.261191
vn 0.314647 0.901396 -0.297461
vn 0.314647 0.901396 -0.297461
vn 0.314647 0.901396 -0.297461
vn 0.314647 0.901396 -0.297461
vn 0.314647 0.901396 -0.297461
vn -0.552563 0.791488 -0.261191
vn -0.552563 0.791488 -0.261191
vn 0.314647 0.901396 -0.297461
vn -0.552563 0.791488 -0.261191
vn 0.314647 0.901396 -0.297461
vn 0.314647 0.901396 -0.297461
vn -0.552563 0.791488 -0.261191
vn 0.314647 0.901396 -0.297461
vn 0.314647 0.901396 -0.297461
vn 0.314647 0.901396 -0.297461
vn 0.314647 0.901396 -0.297461
vn 0.314647 0.901396 -0.297461
vn -0.552563 0.791488 -0.261191
vn -0.552563 0.791488 -0.261191
vn 0.314647 0.901396 -0.297461
vn -0.552563 0.791488 -0.261191
vn 0.314647 0.901396 -0.297461
vn 0.314647 0.901396 -0.297461
vn -0.552563 0.791488 -0.261191
vn 0.314647 0.901396 -0.297461
vn 0.314647 0.901396 -0.297461
vn 0.314647 0.901396 -0.297461
vn 0.314647 0.901396 -0.297461
vn 0.314647 0.901396 -0.297461
vn -0.552563 0.791488 -0.261191
vn -0.552563 0.791488 -0.261191
vn 0.314647 0.901396 -0.297461
vn -0.552563 0.791488 -0.261191
vn 0.314647 0.901396 -0.297461
vn 0.314647 0.901396 -0.297461
vn -0.552563 0.791488 -0.261191
vn 0.314647 0.901396 -0.297461
vn 0.314647 0.901396 -0.297461
vn 0.314647 0.901396 -0.297461
vn 0.314647 0.901396 -0.297461
vn 0.314647 0.901396 -0.297461
vn -0.552563 0.791488 -0.261191
vn -0.552563 0.791488 -0.261191
vn 0.314647 0.901396 -0.297461
vn -0.552563 0.791488 -0.261191
vn 0.314647 0.901396 -0.297461
vn 0.314647 0.901396 -0.297461
vn -0.552563 0.791488 -0.261191
vn 0.314647 0.901396 -0.297461
vn 0.314647 0.901396 -0.297461
vn 0.314647 0.901396 -0.297461
vn 0.314647 0.901396 -0.297461
vn 0.314647 0.901396 -0.297461
vn -0.552563 0.791488 -0.261191
vn -0.552563 0.791488 -0.261191
vn 0.314647 0.901396 -0.297461
vn -0.552563 0.791488 -0.261191
vn 0.314647 0.901396 -0.297461
vn 0.314647 0.901396 -0.297461
vn -0.552563 0.791488 -0.261191
vn 0.314647 0.901396 -0.297461
vn 0.314647 0.901396 -0.297461
vn 0.314647 0.901396 -0.297461
vn 0.314647 0.901396 -0.297461
vn 0.314647 0.901396 -0.297461
vn -0.552563 0.791488 -0.261191
vn -0.552563 0.791488 -0.261191
vn 0.314647 0.901396 -0.297461
vn -0.552563 0.791488 -0.261191
vn 0.314647 0.901396 -0.297461
vn 0.314647 0.901396 -0.297461
vn -0.552563 0.791488 -0.261191
vn 0.314647 0.901396 -0.297461
vn 0.314647 0.901396 -0.297461
vn 0.314647 0.901396 -0.297461
vn 0.314647 0.901396 -0.297461
vn 0.314647 0.901396 -0.297461
vn -0.552563 0.791488 -0.261191
vn -0.552563 0.791488 -0.261191
vn 0.314647 0.901396 -0.297461
vn -0.552563 0.791488 -0.261191
vn 0.314647 0.901396 -0.297461
vn 0.314647 0.901396 -0.297461
vn -0.552563 0.791488 -0.261191
vn 0.314647 0.901396 -0.297461
vn 0.314647 0.901396 -0.297461
vn 0.314647 0.901396 -0.297461
vn 0.314647 0.901396 -0.297461
vn 0.314647 0.901396 -0.297461
vn -0.552563 0.791488 -0.261191
vn -0.552563 0.791488 -0.261191
vn 0.314647 0.901396 -0.297461
vn -0.552563 0.791488 -0.261191
vn 0.314647 0.901396 -0.297461
vn 0.314647 0.901396 -0.297461
vn -0.552563 0.791488 -0.261191
vn 0.314647 0.901396 -0.297461
vn 0.314647 0.901396 -0.297461
vn 0.314647 0.901396 -0.297461
vn 0.314647 0.901396 -0.297461
vn 0.314647 0.901396 -0.297461
vn -0.552563 0.791488 -0.261191
vn -0.552563 0.791488 -0.261191
vn 0.314647 0.901396 -0.297461
vn -0.552563 0.791488 -0.261191
vn 0.314647 0.901396 -0.297461
vn 0.314647 0.901396 -0.297461
vn -0.552563 0.791488 -0.261191
vn 0.314647 0.901396 -0.297461
vn 0.314647 0.901396 -0.297461
vn 0.314647 0.901396 -0.297461
vn 0.314647 0.901396 -0.297461
vn 0.314647 0.901396 -0.297461
vn -0.552563 0.791488 -0.261191
vn -0.552563 0.791488 -0.261191
vn 0.314647 0.901396 -0.297461
vn -0.552563 0.791488 -0.261191
vn 0.314647 0.901396 -0.297461
vn 0.314647 0.901396 -0.297461
vn -0.552563 0.791488 -0.261191
vn 0.314647 0.901396 -0.297461
vn 0.314647 0.901396 -0.297461
vn 0.314647 0.901396 -0.297461
vn 0.314647 0.901396 -0.297461
vn 0.314647 0.901396 -0.297461
vn -0.552563 0.791488 -0.261191
vn -0.552563 0.791488 -0.261191
vn 0.314647 0.901396 -0.297461
vn -0.552563 0.791488 -0.261191
vn 0.314647 0.901396 -0.297461
vn 0.314647 0.901396 -0.297461
vn -0.552563 0.791488 -0.261191
vn 0.314647 0.901396 -0.297461
vn 0.314647 0.901396 -0.297461
vn 0.314647 0.901396 -0.297461
vn 0.314647 0.901396 -0.297461
vn 0.314647 0.901396 -0.297461
vn -0.552563 0.791488 -0.261191
vn -0.552563 0.791488 -0.261191
vn 0.314647 0.901396 -0.297461
vn -0.552563 0.791488 -0.261191
vn 0.314647 0.901396 -0.297461
vn 0.314647 0.901396 -0.297461
vn -0.552563 0.791488 -0.261191
vn 0.314647 0.901396 -0.297461
vn 0.314647 0.901396 -0.297461
vn 0.314647 0.901396 -0.297461
vn 0.314647 0.901396 -0.297461
vn 0.314647 0.901396 -0.297461
vn -0.552563 0.791488 -0.261191
vn -0.552563 0.791488 -0.261191
vn 0.314647 0.901396 -0.297461
vn -0.552563 0.791488 -0.261191
vn 0.314647 0.901396 -0.297461
vn 0.314647 0.901396 -0.297461
vn -0.552563 0.791488 -0.261191
vn 0.314647 0.901396 -0.297461
vn 0.314647 0.901396 -0.297461
vn 0.314647 0.901396 -0.297461
vn 0.314647 0.901396 -0.297461
vn 0.314647 0.901396 -0.297461
vn -0.552563 0.791488 -0.261191
vn -0.552563 0.791488 -0.261191
vn 0.314647 0.901396 -0.297461
vn -0.552563 0.791488 -0.261191
vn 0.314647 0.901396 -0.297461
vn 0.314647 0.901396 -0.297461
vn -0.552563 0.791488 -0.261191
vn 0.314647 0.901396 -0.297461
vn 0.314647 0.901396 -0.297461
vn 0.314647 0.901396 -0.297461
vn 0.314647 0.901396 -0.297461
vn 0.314647 0.901396 -0.297461
vn -0.552563 0.791488 -0.261191
vn -0.552563 0.791488 -0.261191
vn 0.314647 0.901396 -0.297461
vn -0.552563 0.791488 -0.261191
vn 0.314647 0.901396 -0.297461
vn 0.314647 0.901396 -0.297461
vn -0.552563 0.791488 -0.261191
vn 0.314647 0.901396 -0.297461
vn 0.314647 0.901396 -0.297461
vn 0.314647 0.901396 -0.297461
vn 0.314647 0.901396 -0.297461
vn 0.314647 0.901396 -0.297461
vn -0.552563 0.791488 -0.261191
vn -0.552563 0.791488 -0.261191
vn 0.314647 0.901396 -0.297461
vn -0.552563 0.791488 -0.261191
vn 0.314647 0.901396 -0.297461
vn 0.314647 0.901396 -0.297461
vn -0.552563 0.791488 -0.261191
vn 0.314647 0.901396 -0.297461
vn 0.314647 0.901396 -0.297461
vn 0.314647 0.901396 -0.297461
vn 0.314647 0.901396 -0.297461
vn 0.314647 0.901396 -0.297461
vn -0.552563 0.791488 -0.261191
vn -0.552563 0.791488 -0.261191
vn 0.314647 0.901396 -0.297461
vn -0.552563 0.791488 -0.261191
vn 0.314647 0.901396 -0.297461
vn 0.314647 0.901396 -0.297461
vn -0.552563 0.791488 -0.261191
vn 0.314647 0.901396 -0.297461
vn 0.314647 0.901396 -0.297461
vn 0.314647 0.901396 -0.297461
vn 0.314647 0.901396 -0.297461
vn 0.314647 0.901396 -0.297461
vn -0.552563 0.791488 -0.261191
vn -0.552563 0.791488 -0.261191
vn 0.314647 0.901396 -0.297461
vn -0.552563 0.791488 -0.261191
vn 0.314647 0.901396 -0.297461
vn 0.314647 0.901396 -0.297461
vn -0.552563 0.791488 -0.261191
vn 0.314647 0.901396 -0.297461
vn 0.314647 0.901396 -0.297461
vn 0.314647 0.901396 -0.297461
vn 0.314647 0.901396 -0.297461
vn 0.314647 0.901396 -0.297461
vn -0.552563 0.791488 -0.261191
vn -0.552563 0.791488 -0.261191
vn 0.314647 0.901396 -0.297461
vn -0.552563 0.791488 -0.261191
vn 0.314647 0.901396 -0.297461
vn 0.314647 0.901396 -0.297461
vn -0.552563 0.791488 -0.261191
vn 0.314647 0.901396 -0.297461
vn 0.314647 0.901396 -0.297461
vn 0.314647 0.901396 -0.297461
vn 0.314647 0.901396 -0.297461
vn 0.314647 0.901396 -0.297461
vn -0.552563 0.791488 -0.261191
vn -0.552563 0.791488 -0.261191
vn 0.314647 0.901396 -0.297461
vn -0.552563 0.791488 -0.261191
vn 0.314647 0.901396 -0.297461
vn 0.314647 0.901396 -0.297461
vn -0.552563 0.791488 -0.261191
vn 0.314647 0.901396 -0.297461
vn 0.314647 0.901396 -0.297461
vn 0.314647 0.901396 -0.297461
vn 0.314647 0.901396 -0.297461
vn 0.314647 0.901396 -0.297461
vn -0.552563 0.791488 -0.261191
vn -0.552563 0.791488 -0.261191
vn 0.314647 0.901396 -0.297461
vn -0.552563 0.791488 -0.261191
vn 0.314647 0.901396 -0.297461
vn 0.314647 0.901396 -0.297461
vn -0.552563 0.791488 -0.261191
vn 0.314647 0.901396 -0.297461
vn 0.314647 0.901396 -0.297461
vn 0.314647 0.901396 -0.297461
vn 0.314647 0.901396 -0.297461
vn 0.314647 0.901396 -0.297461
vn -0.552563 0.791488 -0.261191
vn -0.552563 0.791488 -0.261191
vn 0.314647 0.901396 -0.297461
vn -0.552563 0.791488 -0.261191
vn 0.314647 0.901396 -0.297461
vn 0.314647 0.901396 -0.297461
vn -0.552563 0.791488 -0.261191
vn 0.314647 0.901396 -0.297461
vn 0.314647 0.901396 -0.297461
vn 0.314647 0.901396 -0.297461
vn 0.314647 0.901396 -0.297461
vn 0.314647 0.901396 -0.297461
vn -0.552563 0.791488 -0.261191
vn -0.552563 0.791488 -0.261191
vn 0.314647 0.901396 -0.297461
vn -0.552563 0.791488 -0.261191
vn 0.314647 0.901396 -0.297461
vn 0.314647 0.901396 -0.297461
vn -0.552563 0.791488 -0.261191
vn 0.314647 0.901396 -0.297461
vn 0.314647 0.901396 -0.297461
vn 0.314647 0.901396 -0.297461
vn 0.314647 0.901396 -0.297461
vn 0.314647 0.901396 -0.297461
vn -0.552563 0.791488 -0.261191
vn -0.552563 0.791488 -0.261191
vn 0.314647 0.901396 -0.297461
vn -0.552563 0.791488 -0.261191
vn 0.314647 0.901396 -0.297461
vn 0.314647 0.901396 -0.297461
vn -0.552563 0.791488 -0.261191
vn 0.314647 0.901396 -0.297461
vn 0.314647 0.901396 -0.297461
vn 0.314647 0.901396 -0.297461
vn 0.314647 0.901396 -0.297461
vn 0.314647 0.901396 -0.297461
vn -0.552563 0.791488 -0.261191
vn -0.552563 0.791488 -0.261191
vn 0.314647 0.901396 -0.297461
vn -0.552563 0.791488 -0.261191
vn 0.314647 0.901396 -0.297461
vn 0.314647 0.901396 -0.297461
vn -0.552563 0.791488 -0.261191
vn 0.314647 0.901396 -0.297461
vn 0.314647 0.901396 -0.297461
vn 0.314647 0.901396 -0.297461
vn 0.314647 0.901396 -0.297461
vn 0.314647 0.901396 -0.297461
vn -0.552563 0.791488 -0.261191
vn -0.552563 0.791488 -0.261191
vn 0.314647 0.901396 -0.297461
vn -0.552563 0.791488 -0.261191
vn 0.314647 0.901396 -0.297461
vn 0.314647 0.901396 -0.297461
vn -0.552563 0.791488 -0.261191
vn 0.314647 0.901396 -0.297461
vn 0.314647 0.901396 -0.297461
vn 0.314647 0.901396 -0.297461
vn 0.314647 0.901396 -0.297461
vn 0.314647 0.901396 -0.297461
vn -0.552563 0.791488 -0.261191
vn -0.552563 0.791488 -0.261191
vn 0.314647 0.901396 -0.297461
vn -0.552563 0.791488 -0.261191
vn 0.314647 0.901396 -0.297461
vn 0.314647 0.901396 -0.297461
vn -0.552563 0.791488 -0.261191
vn 0.314647 0.901396 -0.297461
vn 0.314647 0.901396 -0.297461
vn 0.314647 0.901396 -0.297461
vn 0.314647 0.901396 -0.297461
vn 0.314647 0.901396 -0.297461
vn -0.552563 0.791488 -0.261191
vn -0.552563 0.791488 -0.261191
vn 0.314647 0.901396 -0.297461
vn -0.552563 0.791488 -0.261191
vn 0.314647 0.901396 -0.297461
vn 0.314647 0.901396 -0.297461
vn -0.552563 0.791488 -0.261191
vn 0.314647 0.901396 -0.297461
vn 0.314647 0.901396 -0.297461
vn 0.314647 0.901396 -0.297461
vn 0.314647 0.901396 -0.297461
vn 0.314647 0.901396 -0.297461
vn -0.552563 0.791488 -0.261191
vn -0.552563 0.791488 -0.261191
vn 0.314647 0.901396 -0.297461
vn -0.552563 0.791488 -0.261191
vn 0.314647 0.901396 -0.297461
vn 0.314647 0.901396 -0.297461
vn -0.552563 0.791488 -0.261191
vn 0.314647 0.901396 -0.297461
vn 0.314647 0.901396 -0.297461
vn 0.314647 0.901396 -0.297461
vn 0.314647 0.901396 -0.297461
vn 0.314647 0.901396 -0.297461
vn -0.552563 0.791488 -0.261191
vn -0.552563 0.791488 -0.261191
vn 0.314647 0.901396 -0.297461
vn -0.552563 0.791488 -0.261191
vn 0.314647 0.901396 -0.297461
vn 0.314647 0.901396 -0.297461
vn -0.552563 0.791488 -0.261191
vn 0.314647 0.901396 -0.297461
vn 0.314647 0.901396 -0.297461
vn 0.314647 0.901396 -0.297461
vn 0.314647 0.901396 -0.297461
vn 0.314647 0.901396 -0.297461
vn -0.552563 0.791488 -0.261191
vn -0.552563 0.791488 -0.261191
vn 0.314647 0.901396 -0.297461
vn -0.552563 0.791488 -0.261191
vn 0.314647 0.901396 -0.297461
vn 0.314647 0.901396 -0.297461
vn -0.552563 0.791488 -0.261191
vn 0.314647 0.901396 -0.297461
vn 0.314647 0.901396 -0.297461
vn 0.314647 0.901396 -0.297461
vn 0.314647 0.901396 -0.297461
vn 0.314647 0.901396 -0.297461
vn -0.552563 0.791488 -0.261191
vn -0.552563 0.791488 -0.261191
vn 0.314647 0.901396 -0.297461
vn -0.552563 0.791488 -0.261191
vn 0.314647 0.901396 -0.297461
vn 0.314647 0.901396 -0.297461
vn -0.552563 0.791488 -0.261191
vn 0.314647 0.901396 -0.297461
vn 0.314647 0.901396 -0.297461
vn 0.314647 0.901396 -0.297461
vn 0.314647 0.901396 -0.297461
vn 0.314647 0.901396 -0.297461
vn -0.552563 0.791488 -0.261191
vn -0.552563 0.791488 -0.261191
vn 0.314647 0.901396 -0.297461
vn -0.552563 0.791488 -0.261191
vn 0.314647 0.901396 -0.297461
vn 0.314647 0.901396 -0.297461
vn -0.552563 0.791488 -0.261191
vn 0.314647 0.901396 -0.297461
vn 0.314647 0.901396 -0.297461
vn 0.314647 0.901396 -0.297461
vn 0.314647 0.901396 -0.297461
vn 0.314647 0.901396 -0.297461
vn -0.552563 0.791488 -0.261191
vn -0.552563 0.791488 -0.261191
vn 0.314647 0.901396 -0.297461
vn -0.552563 0.791488 -0.261191
vn 0.314647 0.901396 -0.297461
vn 0.314647 0.901396 -0.297461
vn -0.552563 0.791488 -0.261191
vn 0.314647 0.901396 -0.297461
vn 0.314647 0.901396 -0.297461
vn 0.314647 0.901396 -0.297461
vn 0.314647 0.901396 -0.297461
vn 0.314647 0.901396 -0.297461
vn -0.552563 0.791488 -0.261191
vn -0.552563 0.791488 -0.261191
vn 0.314647 0.901396 -0.297461
vn -0.552563 0.791488 -0.261191
vn 0.314647 0.901396 -0.297461
vn 0.314647 0.901396 -0.297461
vn -0.552563 0.791488 -0.261191
vn 0.314647 0.901396 -0.297461
vn 0.314647 0.901396 -0.297461
vn 0.314647 0.901396 -0.297461
vn 0.314647 0.901396 -0.297461
vn 0.314647 0.901396 -0.297461
vn -0.552563 0.791488 -0.261191
vn -0.552563 0.791488 -0.261191
vn 0.314647 0.901396 -0.297461
vn -0.552563 0.791488 -0.261191
vn 0.314647 0.901396 -0.297461
vn 0.314647 0.901396 -0.297461
vn -0.552563 0.791488 -0.261191
vn 0.314647 0.901396 -0.297461
vn 0.314647 0.901396 -0.297461
vn 0.314647 0.901396 -0.297461
vn 0.314647 0.901396 -0.297461
vn 0.314647 0.901396 -0.297461
vn -0.552563 0.791488 -0.261191
vn -0.552563 0.791488 -0.261191
vn 0.314647 0.901396 -0.297461
vn -0.552563 0.791488 -0.261191
vn 0.314647 0.901396 -0.297461
vn 0.314647 0.901396 -0.297461
vn -0.552563 0.791488 -0.261191
vn 0.314647 0.901396 -0.297461
vn 0.314647 0.901396 -0.297461
vn 0.314647 0.901396 -0.297461
vn 0.314647 0.901396 -0.297461
vn 0.314647 0.901396 -0.297461
vn -0.552563 0.791488 -0.261191
vn -0.552563 0.791488 -0.261191
vn 0.314647 0.901396 -0.297461
vn -0.552563 0.791488 -0.261191
vn 0.314647 0.901396 -0.297461
vn 0.314647 0.901396 -0.297461
vn -0.552563 0.791488 -0.261191
vn 0.314647 0.901396 -0.297461
vn 0.314647 0.901396 -0.297461
vn 0.314647 0.901396 -0.297461
vn 0.314647 0.901396 -0.297461
vn 0.314647 0.901396 -0.297461
vn -0.552563 0.791488 -0.261191
vn -0.552563 0.791488 -0.261191
vn 0.314647 0.901396 -0.297461
vn -0.552563 0.791488 -0.261191
vn 0.314647 0.901396 -0.297461
vn 0.314647 0.901396 -0.297461
vn -0.552563 0.791488 -0.261191
vn 0.314647 0.901396 -0.297461
vn 0.314647 0.901396 -0.297461
vn 0.314647 0.901396 -0.297461
vn 0.314647 0.901396 -0.297461
vn 0.314647 0.901396 -0.297461
vn -0.552563 0.791488 -0.261191
vn -0.552563 0.791488 -0.261191
vn 0.314647 0.901396 -0.297461
vn -0.552563 0.791488 -0.261191
vn 0.314647 0.901396 -0.297461
vn 0.314647 0.901396 -0.297461
vn -0.552563 0.791488 -0.261191
vn 0.314647 0.901396 -0.297461
vn 0.314647 0.901396 -0.297461
vn 0.314647 0.901396 -0.297461
vn 0.314647 0.901396 -0.297461
vn 0.314647 0.901396 -0.297461
vn -0.552563 0.791488 -0.261191
vn -0.552563 0.791488 -0.261191
vn 0.314647 0.901396 -0.297461
vn -0.552563 0.791488 -0.261191
vn 0.314647 0.901396 -0.297461
vn 0.314647 0.901396 -0.297461
vn -0.552563 0.791488 -0.261191
vn 0.314647 0.901396 -0.297461
vn 0.314647 0.901396 -0.297461
vn 0.314647 0.901396 -0.297461
vn 0.314647 0.901396 -0.297461
vn 0.314647 0.901396 -0.297461
vn -0.552563 0.791488 -0.261191
vn -0.552563 0.791488 -0.261191
vn 0.314647 0.901396 -0.297461
vn -0.552563 0.791488 -0.261191
vn 0.314647 0.901396 -0.297461
vn 0.314647 0.901396 -0.297461
vn -0.552563 0.791488 -0.261191
vn 0.314647 0.901396 -0.297461
vn 0.314647 0.901396 -0.297461
vn 0.314647 0.901396 -0.297461
vn 0.314647 0.901396 -0.297461
vn 0.314647 0.901396 -0.297461
vn -0.552563 0.791488 -0.261191
vn -0.552563 0.791488 -0.261191
vn 0.314647 0.901396 -0.297461
vn -0.552563 0.791488 -0.261191
vn 0.314647 0.901396 -0.297461
vn 0.314647 0.901396 -0.297461
vn -0.552563 0.791488 -0.261191
vn 0.314647 0.901396 -0.297461
vn 0.314647 0.901396 -0.297461
vn 0.314647 0.901396 -0.297461
vn 0.314647 0.901396 -0.297461
vn 0.314647 0.901396 -0.297461
vn -0.552563 0.791488 -0.261191
vn -0.552563 0.791488 -0.261191
vn 0.314647 0.901396 -0.297461
vn -0.552563 0.791488 -0.261191
vn 0.314647 0.901396 -0.297461
vn 0.314647 0.901396 -0.297461
vn -0.552563 0.791488 -0.261191
vn 0.314647 0.901396 -0.297461
vn 0.314647 0.901396 -0.297461
vn 0.314647 0.901396 -0.297461
vn 0.314647 0.901396 -0.297461
vn 0.314647 0.901396 -0.297461
vn -0.552563 0.791488 -0.261191
vn -0.552563 0.791488 -0.261191
vn 0.314647 0.901396 -0.297461
vn -0.552563 0.791488 -0.261191
vn 0.314647 0.901396 -0.297461
vn 0.314647 0.901396 -0.297461
vn -0.552563 0.791488 -0.261191
vn 0.314647 0.901396 -0.297461
vn 0.314647 0.901396 -0.297461
vn 0.314647 0.901396 -0.297461
vn 0.314647 0.901396 -0.297461
vn 0.314647 0.901396 -0.297461
vn -0.552563 0.791488 -0.261191
vn -0.552563 0.791488 -0.261191
vn 0.314647 0.901396 -0.297461
vn -0.552563 0.791488 -0.261191
vn 0.314647 0.901396 -0.297461
vn 0.314647 0.901396 -0.297461
vn -0.552563 0.791488 -0.261191
vn 0.314647 0.901396 -0.297461
vn 0.314647 0.901396 -0.297461
vn 0.314647 0.901396 -0.297461
vn 0.314647 0.901396 -0.297461
vn 0.314647 0.901396 -0.297461
vn -0.552563 0.791488 -0.261191
vn -0.552563 0.791488 -0.261191
vn 0.314647 0.901396 -0.297461
vn -0.552563 0.791488 -0.261191
vn 0.314647 0.901396 -0.297461
vn 0.314647 0.901396 -0.297461
vn -0.552563 0.791488 -0.261191
vn 0.314647 0.901396 -0.297461
vn 0.314647 0.901396 -0.297461
vn 0.314647 0.901396 -0.297461
vn 0.314647 0.901396 -0.297461
vn 0.314647 0.901396 -0.297461
vn -0.552563 0.791488 -0.261191
vn -0.552563 0.791488 -0.261191
vn 0.314647 0.901396 -0.297461
vn -0.552563 0.791488 -0.261191
vn 0.314647 0.901396 -0.297461
vn 0.314647 0.901396 -0.297461
vn -0.552563 0.791488 -0.261191
vn 0.314647 0.901396 -0.297461
vn 0.314647 0.901396 -0.297461
vn 0.314647 0.901396 -0.297461
vn 0.314647 0.901396 -0.297461
vn 0.314647 0.901396 -0.297461
vn -0.552563 0.791488 -0.261191
vn -0.552563 0.791488 -0.261191
vn 0.314647 0.901396 -0.297461
vn -0.552563 0.791488 -0.261191
vn 0.314647 0.901396 -0.297461
vn 0.314647 0.901396 -0.297461
vn -0.552563 0.791488 -0.261191
vn 0.314647 0.901396 -0.297461
vn 0.314647 0.901396 -0.297461
vn 0.314647 0.901396 -0.297461
vn 0.314647 0.901396 -0.297461
vn 0.314647 0.901396 -0.297461
vn -0.552563 0.791488 -0.261191
vn -0.552563 0.791488 -0.261191
vn 0.314647 0.901396 -0.297461
vn -0.552563 0.791488 -0.261191
vn 0.314647 0.901396 -0.297461
vn 0.314647 0.901396 -0.297461
vn -0.552563 0.791488 -0.261191
vn 0.314647 0.901396 -0.297461
vn 0.314647 0.901396 -0.297461
vn 0.314647 0.901396 -0.297461
vn 0.314647 0.901396 -0.297461
vn 0.314647 0.901396 -0.297461
vn -0.552563 0.791488 -0.261191
vn -0.552563 0.791488 -0.261191
vn 0.314647 0.901396 -0.297461
vn -0.552563 0.791488 -0.261191
vn 0.314647 0.901396 -0.297461
vn 0.314647 0.901396 -0.297461
vn -0.552563 0.791488 -0.261191
vn 0.314647 0.901396 -0.297461
vn 0.314647 0.901396 -0.297461
vn 0.314647 0.901396 -0.297461
vn 0.314647 0.901396 -0.297461
vn 0.314647 0.901396 -0.297461
vn -0.552563 0.791488 -0.261191
vn -0.552563 0.791488 -0.261191
vn 0.314647 0.901396 -0.297461
vn -0.552563 0.791488 -0.261191
vn 0.314647 0.901396 -0.297461
vn 0.314647 0.901396 -0.297461
vn -0.552563 0.791488 -0.261191
vn 0.314647 0.901396 -0.297461
vn 0.314647 0.901396 -0.297461
vn 0.314647 0.901396 -0.297461
vn 0.314647 0.901396 -0.297461
vn 0.314647 0.901396 -0.297461
vn -0.552563 0.791488 -0.261191
vn -0.552563 0.791488 -0.261191
vn 0.314647 0.901396 -0.297461
vn -0.552563 0.791488 -0.261191
vn 0.314647 0.901396 -0.297461
vn 0.314647 0.901396 -0.297461
vn -0.552563 0.791488 -0.261191
vn 0.314647 0.901396 -0.297461
vn 0.314647 0.901396 -0.297461
vn 0.314647 0.901396 -0.297461
vn 0.314647 0.901396 -0.297461
vn 0.314647 0.901396 -0.297461
vn -0.552563 0.791488 -0.261191
vn -0.552563 0.791488 -0.261191
vn 0.314647 0.901396 -0.297461
vn -0.552563 0.791488 -0.261191
vn 0.314647 0.901396 -0.297461
vn 0.314647 0.901396 -0.297461
vn -0.552563 0.791488 -0.261191
vn 0.314647 0.901396 -0.297461
vn 0.314647 0.901396 -0.297461
vn 0.314647 0.901396 -0.297461
vn 0.314647 0.901396 -0.297461
vn 0.314647 0.901396 -0.297461
vn -0.552563 0.791488 -0.261191
vn -0.552563 0.791488 -0.261191
vn 0.314647 0.901396 -0.297461
vn -0.552563 0.791488 -0.261191
vn 0.314647 0.901396 -0.297461
vn 0.314647 0.901396 -0.297461
vn -0.552563 0.791488 -0.261191
vn 0.314647 0.901396 -0.297461
vn 0.314647 0.901396 -0.297461
vn 0.314647 0.901396 -0.297461
vn 0.314647 0.901396 -0.297461
vn 0.314647 0.901396 -0.297461
vn -0.552563 0.791488 -0.261191
vn -0.552563 0.791488 -0.261191
vn 0.314647 0.901396 -0.297461
vn -0.552563 0.791488 -0.261191
vn 0.314647 0.901396 -0.297461
vn 0.314647 0.901396 -0.297461
vn -0.552563 0.791488 -0.261191
vn 0.314647 0.901396 -0.297461
vn 0.314647 0.901396 -0.297461
vn 0.314647 0.901396 -0.297461
vn 0.314647 0.901396 -0.297461
vn 0.314647 0.901396 -0.297461
vn -0.552563 0.791488 -0.261191
vn -0.552563 0.791488 -0.261191
vn 0.314647 0.901396 -0.297461
vn -0.552563 0.791488 -0.261191
vn 0.314647 0.901396 -0.297461
vn 0.314647 0.901396 -0.297461
vn -0.552563 0.791488 -0.261191
vn 0.314647 0.901396 -0.297461
vn 0.314647 0.901396 -0.297461
vn 0.314647 0.901396 -0.297461
vn 0.314647 0.901396 -0.297461
vn 0.314647 0.901396 -0.297461
vn -0.552563 0.791488 -0.261191
vn -0.552563 0.791488 -0.261191
vn 0.314647 0.901396 -0.297461
vn -0.552563 0.791488 -0.261191
vn 0.314647 0.901396 -0.297461
vn 0.314647 0.901396 -0.297461
vn -0.552563 0.791488 -0.261191
vn 0.314647 0.901396 -0.297461
vn 0.314647 0.901396 -0.297461
vn 0.314647 0.901396 -0.297461
vn 0.314647 0.901396 -0.297461
vn 0.314647 0.901396 -0.297461
vn -0.552563 0.791488 -0.261191
vn -0.552563 0.791488 -0.261191
vn 0.314647 0.901396 -0.297461
vn -0.552563 0.791488 -0.261191
vn 0.314647 0.901396 -0.297461
vn 0.314647 0.901396 -0.297461
vn -0.552563 0.791488 -0.261191
vn 0.314647 0.901396 -0.297461
vn 0.314647 0.901396 -0.297461
vn 0.314647 0.901396 -0.297461
vn 0.314647 0.901396 -0.297461
vn 0.314647 0.901396 -0.297461
vn -0.552563 0.791488 -0.261191
vn -0.552563 0.791488 -0.261191
vn 0.314647 0.901396 -0.297461
vn -0.552563 0.791488 -0.261191
vn 0.314647 0.901396 -0.297461
vn 0.314647 0.901396 -0.297461
vn -0.552563 0.791488 -0.261191
vn 0.314647 0.901396 -0.297461
vn 0.314647 0.901396 -0.297461
vn 0.314647 0.901396 -0.297461
vn 0.314647 0.901396 -0.297461
vn 0.314647 0.901396 -0.297461
vn -0.552563 0.791488 -0.261191
vn -0.552563 0.791488 -0.261191
vn 0.314647 0.901396 -0.297461
vn -0.552563 0.791488 -0.261191
vn 0.314647 0.901396 -0.297461
vn 0.314647 0.901396 -0.297461
vn -0.552563 0.791488 -0.261191
vn 0.314647 0.901396 -0.297461
vn 0.314647 0.901396 -0.297461
vn 0.314647 0.901396 -0.297461
vn 0.314647 0.901396 -0.297461
vn 0.314647 0.901396 -0.297461
vn -0.552563 0.791488 -0.261191
vn -0.552563 0.791488 -0.261191
vn 0.314647 0.901396 -0.297461
vn -0.552563 0.791488 -0.261191
vn 0.314647 0.901396 -0.297461
vn 0.314647 0.901396 -0.297461
vn -0.552563 0.791488 -0.261191
vn 0.314647 0.901396 -0.297461
vn 0.314647 0.901396 -0.297461
vn 0.314647 0.901396 -0.297461
vn 0.314647 0.901396 -0.297461
vn 0.314647 0.901396 -0.297461
vn -0.552563 0.791488 -0.261191
vn -0.552563 0.791488 -0.261191
vn 0.314647 0.901396 -0.297461
vn -0.552563 0.791488 -0.261191
vn 0.314647 0.901396 -0.297461
vn 0.314647 0.901396 -0.297461
vn -0.552563 0.791488 -0.261191
vn 0.314647 0.901396 -0.297461
vn 0.314647 0.901396 -0.297461
vn 0.314647 0.901396 -0.297461
vn 0.314647 0.901396 -0.297461
vn 0.314647 0.901396 -0.297461
vn -0.552563 0.791488 -0.261191
vn -0.552563 0.791488 -0.261191
vn 0.314647 0.901396 -0.297461
vn -0.552563 0.791488 -0.261191
vn 0.314647 0.901396 -0.297461
vn 0.314647 0.901396 -0.297461
vn -0.552563 0.791488 -0.261191
vn 0.314647 0.901396 -0.297461
vn 0.314647 0.901396 -0.297461
vn 0.314647 0.901396 -0.297461
vn 0.314647 0.901396 -0.297461
vn 0.314647 0.901396 -0.297461
vn -0.552563 0.791488 -0.261191
vn -0.552563 0.791488 -0.261191
vn 0.314647 0.901396 -0.297461
vn -0.552563 0.791488 -0.261191
vn 0.314647 0.901396 -0.297461
vn 0.314647 0.901396 -0.297461
vn -0.552563 0.791488 -0.261191
vn 0.314647 0.901396 -0.297461
vn 0.314647 0.901396 -0.297461
vn 0.314647 0.901396 -0.297461
vn 0.314647 0.901396 -0.297461
vn 0.314647 0.901396 -0.297461
vn -0.552563 0.791488 -0.261191
vn -0.552563 0.791488 -0.261191
vn 0.314647 0.901396 -0.297461
vn -0.552563 0.791488 -0.261191
vn 0.314647 0.901396 -0.297461
vn 0.314647 0.901396 -0.297461
vn -0.552563 0.791488 -0.261191
vn 0.314647 0.901396 -0.297461
vn 0.314647 0.901396 -0.297461
vn 0.314647 0.901396 -0.297461
vn 0.314647 0.901396 -0.297461
vn 0.314647 0.901396 -0.297461
vn -0.552563 0.791488 -0.261191
vn -0.552563 0.791488 -0.261191
vn 0.314647 0.901396 -0.297461
vn -0.552563 0.791488 -0.261191
vn 0.314647 0.901396 -0.297461
vn 0.314647 0.901396 -0.297461
vn -0.552563 0.791488 -0.261191
vn 0.314647 0.901396 -0.297461
vn 0.314647 0.901396 -0.297461
vn 0.314647 0.901396 -0.297461
vn 0.314647 0.901396 -0.297461
vn 0.314647 0.901396 -0.297461
vn -0.552563 0.791488 -0.261191
vn -0.552563 0.791488 -0.261191
vn 0.314647 0.901396 -0.297461
vn -0.552563 0.791488 -0.261191
vn 0.314647 0.901396 -0.297461
vn 0.314647 0.901396 -0.297461
vn -0.552563 0.791488 -0.261191
vn 0.314647 0.901396 -0.297461
vn 0.314647 0.901396 -0.297461
vn 0.314647 0.901396 -0.297461
vn 0.314647 0.901396 -0.297461
vn 0.314647 0.901396 -0.297461
vn -0.552563 0.791488 -0.261191
vn -0.552563 0.791488 -0.261191
vn 0.314647 0.901396 -0.297461
vn -0.552563 0.791488 -0.261191
vn 0.314647 0.901396 -0.297461
vn 0.314647 0.901396 -0.297461
vn -0.552563 0.791488 -0.261191
vn 0.314647 0.901396 -0.297461
vn 0.314647 0.901396 -0.297461
vn 0.314647 0.901396 -0.297461
vn 0.314647 0.901396 -0.297461
vn 0.314647 0.901396 -0.297461
vn -0.552563 0.791488 -0.261191
vn -0.552563 0.791488 -0.261191
vn 0.314647 0.901396 -0.297461
vn -0.552563 0.791488 -0.261191
vn 0.314647 0.901396 -0.297461
vn 0.314647 0.901396 -0.297461
vn -0.552563 0.791488 -0.261191
vn 0.314647 0.901396 -0.297461
vn 0.314647 0.901396 -0.297461
vn 0.314647 0.901396 -0.297461
vn 0.314647 0.901396 -0.297461
vn 0.314647 0.901396 -0.297461
vn -0.552563 0.791488 -0.261191
vn -0.552563 0.791488 -0.261191
vn 0.314647 0.901396 -0.297461
vn -0.552563 0.791488 -0.261191
vn 0.314647 0.901396 -0.297461
vn 0.314647 0.901396 -0.297461
vn -0.552563 0.791488 -0.261191
vn 0.314647 0.901396 -0.297461
vn 0.314647 0.901396 -0.297461
vn 0.314647 0.901396 -0.297461
vn 0.314647 0.901396 -0.297461
vn 0.314647 0.901396 -0.297461
vn -0.552563 0.791488 -0.261191
vn -0.552563 0.791488 -0.261191
vn 0.314647 0.901396 -0.297461
vn -0.552563 0.791488 -0.261191
vn 0.314647 0.901396 -0.297461
vn 0.314647 0.901396 -0.297461
vn -0.552563 0.791488 -0.261191
vn 0.314647 0.901396 -0.297461
vn 0.314647 0.901396 -0.297461
vn 0.314647 0.901396 -0.297461
vn 0.314647 0.901396 -0.297461
vn 0.314647 0.901396 -0.297461
vn -0.552563 0.791488 -0.261191
vn -0.552563 0.791488 -0.261191
vn 0.314647 0.901396 -0.297461
vn -0.552563 0.791488 -0.261191
vn 0.314647 0.901396 -0.297461
vn 0.314647 0.901396 -0.297461
vn -0.552563 0.791488 -0.261191
vn 0.314647 0.901396 -0.297461
vn 0.314647 0.901396 -0.297461
vn 0.314647 0.901396 -0.297461
vn 0.314647 0.901396 -0.297461
vn 0.314647 0.901396 -0.297461
vn -0.552563 0.791488 -0.261191
vn -0.552563 0.791488 -0.261191
vn 0.314647 0.901396 -0.297461
vn -0.552563 0.791488 -0.261191
vn 0.314647 0.901396 -0.297461
vn 0.314647 0.901396 -0.297461
vn -0.552563 0.791488 -0.261191
vn 0.314647 0.901396 -0.297461
vn 0.314647 0.901396 -0.297461
vn 0.314647 0.901396 -0.297461
vn 0.314647 0.901396 -0.297461
vn 0.314647 0.901396 -0.297461
vn -0.552563 0.791488 -0.261191
vn -0.552563 0.791488 -0.261191
vn 0.314647 0.901396 -0.297461
vn -0.552563 0.791488 -0.261191
vn 0.314647 0.901396 -0.297461
vn 0.314647 0.901396 -0.297461
vn -0.552563 0.791488 -0.261191
vn 0.314647 0.901396 -0.297461
vn 0.314647 0.901396 -0.297461
vn 0.314647 0.901396 -0.297461
vn 0.314647 0.901396 -0.297461
vn 0.314647 0.901396 -0.297461
vn -0.552563 0.791488 -0.261191
vn -0.552563 0.791488 -0.261191
vn 0.314647 0.901396 -0.297461
vn -0.552563 0.791488 -0.261191
vn 0.314647 0.901396 -0.297461
vn 0.314647 0.901396 -0.297461
vn -0.552563 0.791488 -0.261191
vn 0.314647 0.901396 -0.297461
vn 0.314647 0.901396 -0.297461
vn 0.314647 0.901396 -0.297461
vn 0.314647 0.901396 -0.297461
vn 0.314647 0.901396 -0.297461
vn -0.552563 0.791488 -0.261191
vn -0.552563 0.791488 -0.261191
vn 0.314647 0.901396 -0.297461
vn -0.552563 0.791488 -0.261191
vn 0.314647 0.901396 -0.297461
vn 0.314647 0.901396 -0.297461
vn -0.552563 0.791488 -0.261191
vn 0.314647 0.901396 -0.297461
vn 0.314647 0.901396 -0.297461
vn 0.314647 0.901396 -0.297461
vn 0.314647 0.901396 -0.297461
vn 0.314647 0.901396 -0.297461
vn -0.552563 0.791488 -0.261191
vn -0.552563 0.791488 -0.261191
vn 0.314647 0.901396 -0.297461
vn -0.552563 0.791488 -0.261191
vn 0.314647 0.901396 -0.297461
vn 0.314647 0.901396 -0.297461
vn -0.552563 0.791488 -0.261191
vn 0.314647 0.901396 -0.297461
vn 0.314647 0.901396 -0.297461
vn 0.314647 0.901396 -0.297461
vn 0.314647 0.901396 -0.297461
vn 0.314647 0.901396 -0.297461
vn -0.552563 0.791488 -0.261191
vn -0.552563 0.791488 -0.261191
vn 0.314647 0.901396 -0.297461
vn -0.552563 0.791488 -0.261191
vn 0.314647 0.901396 -0.297461
vn 0.314647 0.901396 -0.297461
vn -0.552563 0.791488 -0.261191
vn 0.314647 0.901396 -0.297461
vn 0.314647 0.901396 -0.297461
vn 0.314647 0.901396 -0.297461
vn 0.314647 0.901396 -0.297461
vn 0.314647 0.901396 -0.297461
vn -0.552563 0.791488 -0.261191
vn -0.552563 0.791488 -0.261191
vn 0.314647 0.901396 -0.297461
vn -0.552563 0.791488 -0.261191
vn 0.314647 0.901396 -0.297461
vn 0.314647 0.901396 -0.297461
vn -0.552563 0.791488 -0.261191
vn 0.314647 0.901396 -0.297461
vn 0.314647 0.901396 -0.297461
vn 0.314647 0.901396 -0.297461
vn 0.314647 0.901396 -0.297461
vn 0.314647 0.901396 -0.297461
vn -0.552563 0.791488 -0.261191
vn -0.552563 0.791488 -0.261191
vn 0.314647 0.901396 -0.297461
vn -0.552563 0.791488 -0.261191
vn 0.314647 0.901396 -0.297461
vn 0.314647 0.901396 -0.297461
vn -0.552563 0.791488 -0.261191
vn 0.314647 0.901396 -0.297461
vn 0.314647 0.901396 -0.297461
vn 0.314647 0.901396 -0.297461
vn 0.314647 0.901396 -0.297461
vn 0.314647 0.901396 -0.297461
vn -0.552563 0.791488 -0.261191
vn -0.552563 0.791488 -0.261191
vn 0.314647 0.901396 -0.297461
vn -0.552563 0.791488 -0.261191
vn 0.314647 0.901396 -0.297461
vn 0.314647 0.901396 -0.297461
vn -0.552563 0.791488 -0.261191
vn 0.314647 0.901396 -0.297461
vn 0.314647 0.901396 -0.297461
vn 0.314647 0.901396 -0.297461
vn 0.314647 0.901396 -0.297461
vn 0.314647 0.901396 -0.297461
vn -0.552563 0.791488 -0.261191
vn -0.552563 0.791488 -0.261191
vn 0.314647 0.901396 -0.297461
vn -0.552563 0.791488 -0.261191
vn 0.314647 0.901396 -0.297461
vn 0.314647 0.901396 -0.297461
vn -0.552563 0.791488 -0.261191
vn 0.314647 0.901396 -0.297461
vn 0.314647 0.901396 -0.297461
vn 0.314647 0.901396 -0.297461
vn 0.314647 0.901396 -0.297461
vn 0.314647 0.901396 -0.297461
vn -0.552563 0.791488 -0.261191
vn -0.552563 0.791488 -0.261191
vn 0.314647 0.901396 -0.297461
vn -0.552563 0.791488 -0.261191
vn 0.314647 0.901396 -0.297461
vn 0.314647 0.901396 -0.297461
vn -0.552563 0.791488 -0.261191
vn 0.314647 0.901396 -0.297461
vn 0.314647 0.901396 -0.297461
vn 0.314647 0.901396 -0.297461
vn 0.314647 0.901396 -0.297461
vn 0.314647 0.901396 -0.297461
vn -0.552563 0.791488 -0.261191
vn -0.552563 0.791488 -0.261191
vn 0.314647 0.901396 -0.297461
vn -0.552563 0.791488 -0.261191
vn 0.314647 0.901396 -0.297461
vn 0.314647 0.901396 -0.297461
vn -0.552563 0.791488 -0.261191
vn 0.314647 0.901396 -0.297461
vn 0.314647 0.901396 -0.297461
vn 0.314647 0.901396 -0.297461
vn 0.314647 0.901396 -0.297461
vn 0.314647 0.901396 -0.297461
vn -0.552563 0.791488 -0.261191
vn -0.552563 0.791488 -0.261191
vn 0.314647 0.901396 -0.297461
vn -0.552563 0.791488 -0.261191
vn 0.314647 0.901396 -0.297461
vn 0.314647 0.901396 -0.297461
vn -0.552563 0.791488 -0.261191
vn 0.314647 0.901396 -0.297461
vn 0.314647 0.901396 -0.297461
vn 0.314647 0.901396 -0.297461
vn 0.314647 0.901396 -0.297461
vn 0.314647 0.901396 -0.297461
vn -0.552563 0.791488 -0.261191
vn -0.552563 0.791488 -0.261191
vn 0.314647 0.901396 -0.297461
vn -0.552563 0.791488 -0.261191
vn 0.314647 0.901396 -0.297461
vn 0.314647 0.901396 -0.297461
vn -0.552563 0.791488 -0.261191
vn 0.314647 0.901396 -0.297461
vn 0.314647 0.901396 -0.297461
vn 0.314647 0.901396 -0.297461
vn 0.314647 0.901396 -0.297461
vn 0.314647 0.901396 -0.297461
vn -0.552563 0.791488 -0.261191
vn -0.552563 0.791488 -0.261191
vn 0.314647 0.901396 -0.297461
vn -0.552563 0.791488 -0.261191
vn 0.314647 0.901396 -0.297461
vn 0.314647 0.901396 -0.297461
vn -0.552563 0.791488 -0.261191
vn 0.314647 0.901396 -0.297461
vn 0.314647 0.901396 -0.297461
vn 0.314647 0.901396 -0.297461
vn 0.314647 0.901396 -0.297461
vn 0.314647 0.901396 -0.297461
vn -0.552563 0.791488 -0.261191
vn -0.552563 0.791488 -0.261191
vn 0.314647 0.901396 -0.297461
vn -0.552563 0.791488 -0.261191
vn 0.314647 0.901396 -0.297461
vn 0.314647 0.901396 -0.297461
vn -0.552563 0.791488 -0.261191
vn 0.314647 0.901396 -0.297461
vn 0.314647 0.901396 -0.297461
vn 0.314647 0.901396 -0.297461
vn 0.314647 0.901396 -0.297461
vn 0.314647 0.901396 -0.297461
vn -0.552563 0.791488 -0.261191
vn -0.552563 0.791488 -0.261191
vn 0.314647 0.901396 -0.297461
vn -0.552563 0.791488 -0.261191
vn 0.314647 0.901396 -0.297461
vn 0.314647 0.901396 -0.297461
vn -0.552563 0.791488 -0.261191
vn 0.314647 0.901396 -0.297461
vn 0.314647 0.901396 -0.297461
vn 0.314647 0.901396 -0.297461
vn 0.314647 0.901396 -0.297461
vn 0.314647 0.901396 -0.297461
vn -0.552563 0.791488 -0.261191
vn -0.552563 0.791488 -0.261191
vn 0.314647 0.901396 -0.297461
vn -0.552563 0.791488 -0.261191
vn 0.314647 0.901396 -0.297461
vn 0.314647 0.901396 -0.297461
vn -0.552563 0.791488 -0.261191
vn 0.314647 0.901396 -0.297461
vn 0.314647 0.901396 -0.297461
vn 0.314647 0.901396 -0.297461
vn 0.314647 0.901396 -0.297461
vn 0.314647 0.901396 -0.297461
vn -0.552563 0.791488 -0.261191
vn -0.552563 0.791488 -0.261191
vn 0.314647 0.901396 -0.297461
vn -0.552563 0.791488 -0.261191
vn 0.314647 0.901396 -0.297461
vn 0.314647 0.901396 -0.297461
vn -0.552563 0.791488 -0.261191
vn 0.314647 0.901396 -0.297461
vn 0.314647 0.901396 -0.297461
vn 0.314647 0.901396 -0.297461
vn 0.314647 0.901396 -0.297461
vn 0.314647 0.901396 -0.297461
vn -0.552563 0.791488 -0.261191
vn -0.552563 0.791488 -0.261191
vn 0.314647 0.901396 -0.297461
vn -0.552563 0.791488 -0.261191
vn 0.314647 0.901396 -0.297461
vn 0.314647 0.901396 -0.297461
vn -0.552563 0.791488 -0.261191
vn 0.314647 0.901396 -0.297461
vn 0.314647 0.901396 -0.297461
vn 0.314647 0.901396 -0.297461
vn 0.314647 0.901396 -0.297461
vn 0.314647 0.901396 -0.297461
vn -0.552563 0.791488 -0.261191
vn -0.552563 0.791488 -0.261191
vn 0.314647 0.901396 -0.297461
vn -0.552563 0.791488 -0.261191
vn 0.314647 0.901396 -0.297461
vn 0.314647 0.901396 -0.297461
vn -0.552563 0.791488 -0.261191
vn 0.314647 0.901396 -0.297461
vn 0.314647 0.901396 -0.297461
vn 0.314647 0.901396 -0.297461
vn 0.314647 0.901396 -0.297461
vn 0.314647 0.901396 -0.297461
vn -0.552563 0.791488 -0.261191
vn -0.552563 0.791488 -0.261191
vn 0.314647 0.901396 -0.297461
vn -0.552563 0.791488 -0.261191
vn 0.314647 0.901396 -0.297461
vn 0.314647 0.901396 -0.297461
vn -0.552563 0.791488 -0.261191
vn 0.314647 0.901396 -0.297461
vn 0.314647 0.901396 -0.297461
vn 0.314647 0.901396 -0.297461
vn 0.314647 0.901396 -0.297461
vn 0.314647 0.901396 -0.297461
vn -0.552563 0.791488 -0.261191
vn -0.552563 0.791488 -0.261191
vn 0.314647 0.901396 -0.297461
vn -0.552563 0.791488 -0.261191
vn 0.314647 0.901396 -0.297461
vn 0.314647 0.901396 -0.297461
vn -0.552563 0.791488 -0.261191
vn 0.314647 0.901396 -0.297461
vn 0.314647 0.901396 -0.297461
vn 0.314647 0.901396 -0.297461
vn 0.314647 0.901396 -0.297461
vn 0.314647 0.901396 -0.297461
vn -0.552563 0.791488 -0.261191
vn -0.552563 0.791488 -0.261191
vn 0.314647 0.901396 -0.297461
vn -0.552563 0.791488 -0.261191
vn 0.314647 0.901396 -0.297461
vn 0.314647 0.901396 -0.297461
vn -0.552563 0.791488 -0.261191
vn 0.314647 0.901396 -0.297461
vn 0.314647 0.901396 -0.297461
vn 0.314647 0.901396 -0.297461
vn 0.314647 0.901396 -0.297461
vn 0.314647 0.901396 -0.297461
vn -0.552563 0.791488 -0.261191
vn -0.552563 0.791488 -0.261191
vn 0.314647 0.901396 -0.297461
vn -0.552563 0.791488 -0.261191
vn 0.314647 0.901396 -0.297461
vn 0.314647 0.901396 -0.297461
vn -0.552563 0.791488 -0.261191
vn 0.314647 0.901396 -0.297461
vn 0.314647 0.901396 -0.297461
vn 0.314647 0.901396 -0.297461
vn 0.314647 0.901396 -0.297461
vn 0.314647 0.901396 -0.297461
vn -0.552563 0.791488 -0.261191
vn -0.552563 0.791488 -0.261191
vn 0.314647 0.901396 -0.297461
vn -0.552563 0.791488 -0.261191
vn 0.314647 0.901396 -0.297461
vn 0.314647 0.901396 -0.297461
vn -0.552563 0.791488 -0.261191
vn 0.314647 0.901396 -0.297461
vn 0.314647 0.901396 -0.297461
vn 0.314647 0.901396 -0.297461
vn 0.314647 0.901396 -0.297461
vn 0.314647 0.901396 -0.297461
vn -0.552563 0.791488 -0.261191
vn -0.552563 0.791488 -0.261191
vn 0.314647 0.901396 -0.297461
vn -0.552563 0.791488 -0.261191
vn 0.314647 0.901396 -0.297461
vn 0.314647 0.901396 -0.297461
vn -0.552563 0.791488 -0.261191
vn 0.314647 0.901396 -0.297461
vn 0.314647 0.901396 -0.297461
vn 0.314647 0.901396 -0.297461
vn 0.314647 0.901396 -0.297461
vn 0.314647 0.901396 -0.297461
vn -0.552563 0.791488 -0.261191
vn -0.552563 0.791488 -0.261191
vn 0.314647 0.901396 -0.297461
vn -0.552563 0.791488 -0.261191
vn 0.314647 0.901396 -0.297461
vn 0.314647 0.901396 -0.297461
vn -0.552563 0.791488 -0.261191
vn 0.314647 0.901396 -0.297461
vn 0.314647 0.901396 -0.297461
vn 0.314647 0.901396 -0.297461
vn 0.314647 0.901396 -0.297461
vn 0.314647 0.901396 -0.297461
vn -0.552563 0.791488 -0.261191
vn -0.552563 0.791488 -0.261191
vn 0.314647 0.901396 -0.297461
vn -0.552563 0.791488 -0.261191
vn 0.314647 0.901396 -0.297461
vn 0.314647 0.901396 -0.297461
vn -0.552563 0.791488 -0.261191
vn 0.314647 0.901396 -0.297461
vn 0.314647 0.901396 -0.297461
vn 0.314647 0.901396 -0.297461
vn 0.314647 0.901396 -0.297461
vn 0.314647 0.901396 -0.297461
vn -0.552563 0.791488 -0.261191
vn -0.552563 0.791488 -0.261191
vn 0.314647 0.901396 -0.297461
vn -0.552563 0.791488 -0.261191
vn 0.314647 0.901396 -0.297461
vn 0.314647 0.901396 -0.297461
vn -0.552563 0.791488 -0.261191
vn 0.314647 0.901396 -0.297461
vn 0.314647 0.901396 -0.297461
vn 0.314647 0.901396 -0.297461
vn 0.314647 0.901396 -0.297461
vn 0.314647 0.901396 -0.297461
vn -0.552563 0.791488 -0.261191
vn -0.552563 0.791488 -0.261191
vn 0.314647 0.901396 -0.297461
vn -0.552563 0.791488 -0.261191
vn 0.314647 0.901396 -0.297461
vn 0.314647 0.901396 -0.297461
vn -0.552563 0.791488 -0.261191
vn 0.314647 0.901396 -0.297461
vn 0.314647 0.901396 -0.297461
vn 0.314647 0.901396 -0.297461
vn 0.314647 0.901396 -0.297461
vn 0.314647 0.901396 -0.297461
vn -0.552563 0.791488 -0.261191
vn -0.552563 0.791488 -0.261191
vn 0.314647 0.901396 -0.297461
vn -0.552563 0.791488 -0.261191
vn 0.314647 0.901396 -0.297461
vn 0.314647 0.901396 -0.297461
vn -0.552563 0.791488 -0.261191
vn 0.314647 0.901396 -0.297461
vn 0.314647 0.901396 -0.297461
vn 0.314647 0.901396 -0.297461
vn 0.314647 0.901396 -0.297461
vn 0.314647 0.901396 -0.297461
vn -0.552563 0.791488 -0.261191
vn -0.552563 0.791488 -0.261191
vn 0.314647 0.901396 -0.297461
vn -0.552563 0.791488 -0.261191
vn 0.314647 0.901396 -0.297461
vn 0.314647 0.901396 -0.297461
vn -0.552563 0.791488 -0.261191
vn 0.314647 0.901396 -0.297461
vn 0.314647 0.901396 -0.297461
vn 0.314647 0.901396 -0.297461
vn 0.314647 0.901396 -0.297461
vn 0.314647 0.901396 -0.297461
vn -0.552563 0.791488 -0.261191
vn -0.552563 0.791488 -0.261191
vn 0.314647 0.901396 -0.297461
vn -0.552563 0.791488 -0.261191
vn 0.314647 0.901396 -0.297461
vn 0.314647 0.901396 -0.297461
vn -0.552563 0.791488 -0.261191
vn 0.314647 0.901396 -0.297461
vn 0.314647 0.901396 -0.297461
vn 0.314647 0.901396 -0.297461
vn 0.314647 0.901396 -0.297461
vn 0.314647 0.901396 -0.297461
vn -0.552563 0.791488 -0.261191
vn -0.552563 0.791488 -0.261191
vn 0.314647 0.901396 -0.297461
vn -0.552563 0.791488 -0.261191
vn 0.314647 0.901396 -0.297461
vn 0.314647 0.901396 -0.297461
vn -0.552563 0.791488 -0.261191
vn 0.314647 0.901396 -0.297461
vn 0.314647 0.901396 -0.297461
vn 0.314647 0.901396 -0.297461
vn 0.314647 0.901396 -0.297461
vn 0.314647 0.901396 -0.297461
vn -0.552563 0.791488 -0.261191
vn -0.552563 0.791488 -0.261191
vn 0.314647 0.901396 -0.297461
vn -0.552563 0.791488 -0.261191
vn 0.314647 0.901396 -0.297461
vn 0.314647 0.901396 -0.297461
vn -0.552563 0.791488 -0.261191
vn 0.314647 0.901396 -0.297461
vn 0.314647 0.901396 -0.297461
vn 0.314647 0.901396 -0.297461
vn 0.314647 0.901396 -0.297461
vn 0.314647 0.901396 -0.297461
vn -0.552563 0.791488 -0.261191
vn -0.552563 0.791488 -0.261191
vn 0.314647 0.901396 -0.297461
vn -0.552563 0.791488 -0.261191
vn 0.314647 0.901396 -0.297461
vn 0.314647 0.901396 -0.297461
vn -0.552563 0.791488 -0.261191
vn 0.314647 0.901396 -0.297461
vn 0.314647 0.901396 -0.297461
vn 0.314647 0.901396 -0.297461
vn 0.314647 0.901396 -0.297461
vn 0.314647 0.901396 -0.297461
vn -0.552563 0.791488 -0.261191
vn -0.552563 0.791488 -0.261191
vn 0.314647 0.901396 -0.297461
vn -0.552563 0.791488 -0.261191
vn 0.314647 0.901396 -0.297461
vn 0.314647 0.901396 -0.297461
vn -0.552563 0.791488 -0.261191
vn 0.314647 0.901396 -0.297461
vn 0.314647 0.901396 -0.297461
vn 0.314647 0.901396 -0.297461
vn 0.314647 0.901396 -0.297461
vn 0.314647 0.901396 -0.297461
vn -0.552563 0.791488 -0.261191
vn -0.552563 0.791488 -0.261191
vn 0.314647 0.901396 -0.297461
vn -0.552563 0.791488 -0.261191
vn 0.314647 0.901396 -0.297461
vn 0.314647 0.901396 -0.297461
vn -0.552563 0.791488 -0.261191
vn 0.314647 0.901396 -0.297461
vn 0.314647 0.901396 -0.297461
vn 0.314647 0.901396 -0.297461
vn 0.314647 0.901396 -0.297461
vn 0.314647 0.901396 -0.297461
vn -0.552563 0.791488 -0.261191
vn -0.552563 0.791488 -0.261191
vn 0.314647 0.901396 -0.297461
vn -0.552563 0.791488 -0.261191
vn 0.314647 0.901396 -0.297461
vn 0.314647 0.901396 -0.297461
vn -0.552563 0.791488 -0.261191
vn 0.314647 0.901396 -0.297461
vn 0.314647 0.901396 -0.297461
vn 0.314647 0.901396 -0.297461
vn 0.314647 0.901396 -0.297461
vn 0.314647 0.901396 -0.297461
vn -0.552563 0.791488 -0.261191
vn -0.552563 0.791488 -0.261191
vn 0.314647 0.901396 -0.297461
vn -0.552563 0.791488 -0.261191
vn 0.314647 0.901396 -0.297461
vn 0.314647 0.901396 -0.297461
vn -0.552563 0.791488 -0.261191
vn 0.314647 0.901396 -0.297461
vn 0.314647 0.901396 -0.297461
vn 0.314647 0.901396 -0.297461
vn 0.314647 0.901396 -0.297461
vn 0.314647 0.901396 -0.297461
vn -0.552563 0.791488 -0.261191
vn -0.552563 0.791488 -0.261191
vn 0.314647 0.901396 -0.297461
vn -0.552563 0.791488 -0.261191
vn 0.314647 0.901396 -0.297461
vn 0.314647 0.901396 -0.297461
vn -0.552563 0.791488 -0.261191
vn 0.314647 0.901396 -0.297461
vn 0.314647 0.901396 -0.297461
vn 0.314647 0.901396 -0.297461
vn 0.314647 0.901396 -0.297461
vn 0.314647 0.901396 -0.297461
vn -0.552563 0.791488 -0.261191
vn -0.552563 0.791488 -0.261191
vn 0.314647 0.901396 -0.297461
vn -0.552563 0.791488 -0.261191
vn 0.314647 0.901396 -0.297461
vn 0.314647 0.901396 -0.297461
vn -0.552563 0.791488 -0.261191
vn 0.314647 0.901396 -0.297461
vn 0.314647 0.901396 -0.297461
vn 0.314647 0.901396 -0.297461
vn 0.314647 0.901396 -0.297461
vn 0.314647 0.901396 -0.297461
vn -0.552563 0.791488 -0.261191
vn -0.552563 0.791488 -0.261191
vn 0.314647 0.901396 -0.297461
vn -0.552563 0.791488 -0.261191
vn 0.314647 0.901396 -0.297461
vn 0.314647 0.901396 -0.297461
vn -0.552563 0.791488 -0.261191
vn 0.314647 0.901396 -0.297461
vn 0.314647 0.901396 -0.297461
vn 0.314647 0.901396 -0.297461
vn 0.314647 0.901396 -0.297461
vn 0.314647 0.901396 -0.297461
vn -0.552563 0.791488 -0.261191
vn -0.552563 0.791488 -0.261191
vn 0.314647 0.901396 -0.297461
vn -0.552563 0.791488 -0.261191
vn 0.314647 0.901396 -0.297461
vn 0.314647 0.901396 -0.297461
vn -0.552563 0.791488 -0.261191
vn 0.314647 0.901396 -0.297461
vn 0.314647 0.901396 -0.297461
vn 0.314647 0.901396 -0.297461
vn 0.314647 0.901396 -0.297461
vn 0.314647 0.901396 -0.297461
vn -0.552563 0.791488 -0.261191
vn -0.552563 0.791488 -0.261191
vn 0.314647 0.901396 -0.297461
vn -0.552563 0.791488 -0.261191
vn 0.314647 0.901396 -0.297461
vn 0.314647 0.901396 -0.297461
vn -0.552563 0.791488 -0.261191
vn 0.314647 0.901396 -0.297461
vn 0.314647 0.901396 -0.297461
vn 0.314647 0.901396 -0.297461
vn 0.314647 0.901396 -0.297461
vn 0.314647 0.901396 -0.297461
vn -0.552563 0.791488 -0.261191
vn -0.552563 0.791488 -0.261191
vn 0.314647 0.901396 -0.297461
vn -0.552563 0.791488 -0.261191
vn 0.314647 0.901396 -0.297461
vn 0.314647 0.901396 -0.297461
vn -0.552563 0.791488 -0.261191
vn 0.314647 0.901396 -0.297461
vn 0.314647 0.901396 -0.297461
vn 0.314647 0.901396 -0.297461
vn 0.314647 0.901396 -0.297461
vn 0.314647 0.901396 -0.297461
vn -0.552563 0.791488 -0.261191
vn -0.552563 0.791488 -0.261191
vn 0.314647 0.901396 -0.297461
vn -0.552563 0.791488 -0.261191
vn 0.314647 0.901396 -0.297461
vn 0.314647 0.901396 -0.297461
vn -0.552563 0.791488 -0.261191
vn 0.314647 0.901396 -0.297461
vn 0.314647 0.901396 -0.297461
vn 0.314647 0.901396 -0.297461
vn 0.314647 0.901396 -0.297461
vn 0.314647 0.901396 -0.297461
vn -0.552563 0.791488 -0.261191
vn -0.552563 0.791488 -0.261191
vn 0.314647 0.901396 -0.297461
vn -0.552563 0.791488 -0.261191
vn 0.314647 0.901396 -0.297461
vn 0.314647 0.901396 -0.297461
vn -0.552563 0.791488 -0.261191
vn 0.314647 0.901396 -0.297461
vn 0.314647 0.901396 -0.297461
vn 0.314647 0.901396 -0.297461
vn 0.314647 0.901396 -0.297461
vn 0.314647 0.901396 -0.297461
vn -0.552563 0.791488 -0.261191
vn -0.552563 0.791488 -0.261191
vn 0.314647 0.901396 -0.297461
vn -0.552563 0.791488 -0.261191
vn 0.314647 0.901396 -0.297461
vn 0.314647 0.901396 -0.297461
vn -0.552563 0.791488 -0.261191
vn 0.314647 0.901396 -0.297461
vn 0.314647 0.901396 -0.297461
vn 0.314647 0.901396 -0.297461
vn 0.314647 0.901396 -0.297461
vn 0.314647 0.901396 -0.297461
vn -0.552563 0.791488 -0.261191
vn -0.552563 0.791488 -0.261191
vn 0.314647 0.901396 -0.297461
vn -0.552563 0.791488 -0.261191
vn 0.314647 0.901396 -0.297461
vn 0.314647 0.901396 -0.297461
vn -0.552563 0.791488 -0.261191
vn 0.314647 0.901396 -0.297461
vn 0.314647 0.901396 -0.297461
vn 0.314647 0.901396 -0.297461
vn 0.314647 0.901396 -0.297461
vn 0.314647 0.901396 -0.297461
vn -0.552563 0.791488 -0.261191
vn -0.552563 0.791488 -0.261191
vn 0.314647 0.901396 -0.297461
vn -0.552563 0.791488 -0.261191
vn 0.314647 0.901396 -0.297461
vn 0.314647 0.901396 -0.297461
vn -0.552563 0.791488 -0.261191
vn 0.314647 0.901396 -0.297461
vn 0.314647 0.901396 -0.297461
vn 0.314647 0.901396 -0.297461
vn 0.314647 0.901396 -0.297461
vn 0.314647 0.901396 -0.297461
vn -0.552563 0.791488 -0.261191
vn -0.552563 0.791488 -0.261191
vn 0.314647 0.901396 -0.297461
vn -0.552563 0.791488 -0.261191
vn 0.314647 0.901396 -0.297461
vn 0.314647 0.901396 -0.297461
vn -0.552563 0.791488 -0.261191
vn 0.314647 0.901396 -0.297461
vn 0.314647 0.901396 -0.297461
vn 0.314647 0.901396 -0.297461
vn 0.314647 0.901396 -0.297461
vn 0.314647 0.901396 -0.297461
vn -0.552563 0.791488 -0.261191
vn -0.552563 0.791488 -0.261191
vn 0.314647 0.901396 -0.297461
vn -0.552563 0.791488 -0.261191
vn 0.314647 0.901396 -0.297461
vn 0.314647 0.901396 -0.297461
vn -0.552563 0.791488 -0.261191
vn 0.314647 0.901396 -0.297461
vn 0.314647 0.901396 -0.297461
vn 0.314647 0.901396 -0.297461
vn 0.314647 0.901396 -0.297461
vn 0.314647 0.901396 -0.297461
vn -0.552563 0.791488 -0.261191
vn -0.552563 0.791488 -0.261191
vn 0.314647 0.901396 -0.297461
vn -0.552563 0.791488 -0.261191
vn 0.314647 0.901396 -0.297461
vn 0.314647 0.901396 -0.297461
vn -0.552563 0.791488 -0.261191
vn 0.314647 0.901396 -0.297461
vn 0.314647 0.901396 -0.297461
vn 0.314647 0.901396 -0.297461
vn 0.314647 0.901396 -0.297461
vn 0.314647 0.901396 -0.297461
vn -0.552563 0.791488 -0.261191
vn -0.552563 0.791488 -0.261191
vn 0.314647 0.901396 -0.297461
vn -0.552563 0.791488 -0.261191
vn 0.314647 0.901396 -0.297461
vn 0.314647 0.901396 -0.297461
vn -0.552563 0.791488 -0.261191
vn 0.314647 0.901396 -0.297461
vn 0.314647 0.901396 -0.297461
vn 0.314647 0.901396 -0.297461
vn 0.314647 0.901396 -0.297461
vn 0.314647 0.901396 -0.297461
vn -0.552563 0.791488 -0.261191
vn -0.552563 0.791488 -0.261191
vn 0.314647 0.901396 -0.297461
vn -0.552563 0.791488 -0.261191
vn 0.314647 0.901396 -0.297461
vn 0.314647 0.901396 -0.297461
vn -0.552563 0.791488 -0.261191
vn 0.314647 0.901396 -0.297461
vn 0.314647 0.901396 -0.297461
vn 0.314647 0.901396 -0.297461
vn 0.314647 0.901396 -0.297461
vn 0.314647 0.901396 -0.297461
vn -0.552563 0.791488 -0.261191
vn -0.552563 0.791488 -0.261191
vn 0.314647 0.901396 -0.297461
vn -0.552563 0.791488 -0.261191
vn 0.314647 0.901396 -0.297461
vn 0.314647 0.901396 -0.297461
vn -0.552563 0.791488 -0.261191
vn 0.314647 0.901396 -0.297461
vn 0.314647 0.901396 -0.297461
vn 0.314647 0.901396 -0.297461
vn 0.314647 0.901396 -0.297461
vn 0.314647 0.901396 -0.297461
vn -0.552563 0.791488 -0.261191
vn -0.552563 0.791488 -0.261191
vn 0.314647 0.901396 -0.297461
vn -0.552563 0.791488 -0.261191
vn 0.314647 0.901396 -0.297461
vn 0.314647 0.901396 -0.297461
vn -0.552563 0.791488 -0.261191
vn 0.314647 0.901396 -0.297461
vn 0.314647 0.901396 -0.297461
vn 0.314647 0.901396 -0.297461
vn 0.314647 0.901396 -0.297461
vn 0.314647 0.901396 -0.297461
vn -0.552563 0.791488 -0.261191
vn -0.552563 0.791488 -0.261191
vn 0.314647 0.901396 -0.297461
vn -0.552563 0.791488 -0.261191
vn 0.314647 0.901396 -0.297461
vn 0.314647 0.901396 -0.297461
vn -0.552563 0.791488 -0.261191
vn 0.314647 0.901396 -0.297461
vn 0.314647 0.901396 -0.297461
vn 0.314647 0.901396 -0.297461
vn 0.314647 0.901396 -0.297461
vn 0.314647 0.901396 -0.297461
vn -0.552563 0.791488 -0.261191
vn -0.552563 0.791488 -0.261191
vn 0.314647 0.901396 -0.297461
vn -0.552563 0.791488 -0.261191
vn 0.314647 0.901396 -0.297461
vn 0.314647 0.901396 -0.297461
vn -0.552563 0.791488 -0.261191
vn 0.314647 0.901396 -0.297461
vn 0.314647 0.901396 -0.297461
vn 0.314647 0.901396 -0.297461
vn 0.314647 0.901396 -0.297461
vn 0.314647 0.901396 -0.297461
vn -0.552563 0.791488 -0.261191
vn -0.552563 0.791488 -0.261191
vn 0.314647 0.901396 -0.297461
vn -0.552563 0.791488 -0.261191
vn 0.314647 0.901396 -0.297461
vn 0.314647 0.901396 -0.297461
vn -0.552563 0.791488 -0.261191
vn 0.314647 0.901396 -0.297461
vn 0.314647 0.901396 -0.297461
vn 0.314647 0.901396 -0.297461
vn 0.314647 0.901396 -0.297461
vn 0.314647 0.901396 -0.297461
vn -0.552563 0.791488 -0.261191
vn -0.552563 0.791488 -0.261191
vn 0.314647 0.901396 -0.297461
vn -0.552563 0.791488 -0.261191
vn 0.314647 0.901396 -0.297461
vn 0.314647 0.901396 -0.297461
vn -0.552563 0.791488 -0.261191
vn 0.314647 0.901396 -0.297461
vn 0.314647 0.901396 -0.297461
vn 0.314647 0.901396 -0.297461
vn 0.314647 0.901396 -0.297461
vn 0.314647 0.901396 -0.297461
vn -0.552563 0.791488 -0.261191
vn -0.552563 0.791488 -0.261191
vn 0.314647 0.901396 -0.297461
vn -0.552563 0.791488 -0.261191
vn 0.314647 0.901396 -0.297461
vn 0.314647 0.901396 -0.297461
vn -0.552563 0.791488 -0.261191
vn 0.314647 0.901396 -0.297461
vn 0.314647 0.901396 -0.297461
vn 0.314647 0.901396 -0.297461
vn 0.314647 0.901396 -0.297461
vn 0.314647 0.901396 -0.297461
vn -0.552563 0.791488 -0.261191
vn -0.552563 0.791488 -0.261191
vn 0.314647 0.901396 -0.297461
vn -0.552563 0.791488 -0.261191
vn 0.314647 0.901396 -0.297461
vn 0.314647 0.901396 -0.297461
vn -0.552563 0.791488 -0.261191
vn 0.314647 0.901396 -0.297461
vn 0.314647 0.901396 -0.297461
vn 0.314647 0.901396 -0.297461
vn 0.314647 0.901396 -0.297461
vn 0.314647 0.901396 -0.297461
vn -0.552563 0.791488 -0.261191
vn -0.552563 0.791488 -0.261191
vn 0.314647 0.901396 -0.297461
vn -0.552563 0.791488 -0.261191
vn 0.314647 0.901396 -0.297461
vn 0.314647 0.901396 -0.297461
vn -0.552563 0.791488 -0.261191
vn 0.314647 0.901396 -0.297461
vn 0.314647 0.901396 -0.297461
vn 0.314647 0.901396 -0.297461
vn 0.314647 0.901396 -0.297461
vn 0.314647 0.901396 -0.297461
vn -0.552563 0.791488 -0.261191
vn -0.552563 0.791488 -0.261191
vn 0.314647 0.901396 -0.297461
vn -0.552563 0.791488 -0.261191
vn 0.314647 0.901396 -0.297461
vn 0.314647 0.901396 -0.297461
vn -0.552563 0.791488 -0.261191
vn 0.314647 0.901396 -0.297461
vn 0.314647 0.901396 -0.297461
vn 0.314647 0.901396 -0.297461
vn 0.314647 0.901396 -0.297461
vn 0.314647 0.901396 -0.297461
vn -0.552563 0.791488 -0.261191
vn -0.552563 0.791488 -0.261191
vn 0.314647 0.901396 -0.297461
vn -0.552563 0.791488 -0.261191
vn 0.314647 0.901396 -0.297461
vn 0.314647 0.901396 -0.297461
vn -0.552563 0.791488 -0.261191
vn 0.314647 0.901396 -0.297461
vn 0.314647 0.901396 -0.297461
vn 0.314647 0.901396 -0.297461
vn 0.314647 0.901396 -0.297461
vn 0.314647 0.901396 -0.297461
vn -0.552563 0.791488 -0.261191
vn -0.552563 0.791488 -0.261191
vn 0.314647 0.901396 -0.297461
vn -0.552563 0.791488 -0.261191
vn 0.314647 0.901396 -0.297461
vn 0.314647 0.901396 -0.297461
vn -0.552563 0.791488 -0.261191
vn 0.314647 0.901396 -0.297461
vn 0.314647 0.901396 -0.297461
vn 0.314647 0.901396 -0.297461
vn 0.314647 0.901396 -0.297461
vn 0.314647 0.901396 -0.297461
vn -0.552563 0.791488 -0.261191
vn -0.552563 0.791488 -0.261191
vn 0.314647 0.901396 -0.297461
vn -0.552563 0.791488 -0.261191
vn 0.314647 0.901396 -0.297461
vn 0.314647 0.901396 -0.297461
vn -0.552563 0.791488 -0.261191
vn 0.314647 0.901396 -0.297461
vn 0.314647 0.901396 -0.297461
vn 0.314647 0.901396 -0.297461
vn 0.314647 0.901396 -0.297461
vn 0.314647 0.901396 -0.297461
vn -0.552563 0.791488 -0.261191
vn -0.552563 0.791488 -0.261191
vn 0.314647 0.901396 -0.297461
vn -0.552563 0.791488 -0.261191
vn 0.314647 0.901396 -0.297461
vn 0.314647 0.901396 -0.297461
vn -0.552563 0.791488 -0.261191
vn 0.314647 0.901396 -0.297461
vn 0.314647 0.901396 -0.297461
vn 0.314647 0.901396 -0.297461
vn 0.314647 0.901396 -0.297461
vn 0.314647 0.901396 -0.297461
vn -0.552563 0.791488 -0.261191
vn -0.552563 0.791488 -0.261191
vn 0.314647 0.901396 -0.297461
vn -0.552563 0.791488 -0.261191
vn 0.314647 0.901396 -0.297461
vn 0.314647 0.901396 -0.297461
vn -0.552563 0.791488 -0.261191
vn 0.314647 0.901396 -0.297461
vn 0.314647 0.901396 -0.297461
vn 0.314647 0.901396 -0.297461
vn 0.314647 0.901396 -0.297461
vn 0.314647 0.901396 -0.297461
vn -0.552563 0.791488 -0.261191
vn -0.552563 0.791488 -0.261191
vn 0.314647 0.901396 -0.297461
vn -0.552563 0.791488 -0.261191
vn 0.314647 0.901396 -0.297461
vn 0.314647 0.901396 -0.297461
vn -0.552563 0.791488 -0.261191
vn 0.314647 0.901396 -0.297461
vn 0.314647 0.901396 -0.297461
vn 0.314647 0.901396 -0.297461
vn 0.314647 0.901396 -0.297461
vn 0.314647 0.901396 -0.297461
vn -0.552563 0.791488 -0.261191
vn -0.552563 0.791488 -0.261191
vn 0.314647 0.901396 -0.297461
vn -0.552563 0.791488 -0.261191
vn 0.314647 0.901396 -0.297461
vn 0.314647 0.901396 -0.297461
vn -0.552563 0.791488 -0.261191
vn 0.314647 0.901396 -0.297461
vn 0.314647 0.901396 -0.297461
vn 0.314647 0.901396 -0.297461
vn 0.314647 0.901396 -0.297461
vn 0.314647 0.901396 -0.297461
vn -0.552563 0.791488 -0.261191
vn -0.552563 0.791488 -0.261191
vn 0.314647 0.901396 -0.297461
vn -0.552563 0.791488 -0.261191
vn 0.314647 0.901396 -0.297461
vn 0.314647 0.901396 -0.297461
vn -0.552563 0.791488 -0.261191
vn 0.314647 0.901396 -0.297461
vn 0.314647 0.901396 -0.297461
vn 0.314647 0.901396 -0.297461
vn 0.314647 0.901396 -0.297461
vn 0.314647 0.901396 -0.297461
vn -0.552563 0.791488 -0.261191
vn -0.552563 0.791488 -0.261191
vn 0.314647 0.901396 -0.297461
vn -0.552563 0.791488 -0.261191
vn 0.314647 0.901396 -0.297461
vn 0.314647 0.901396 -0.297461
vn -0.552563 0.791488 -0.261191
vn 0.314647 0.901396 -0.297461
vn 0.314647 0.901396 -0.297461
vn 0.314647 0.901396 -0.297461
vn 0.314647 0.901396 -0.297461
vn 0.314647 0.901396 -0.297461
vn -0.552563 0.791488 -0.261191
vn -0.552563 0.791488 -0.261191
vn 0.314647 0.901396 -0.297461
vn -0.552563 0.791488 -0.261191
vn 0.314647 0.901396 -0.297461
vn 0.314647 0.901396 -0.297461
vn -0.552563 0.791488 -0.261191
vn 0.314647 0.901396 -0.297461
vn 0.314647 0.901396 -0.297461
vn 0.314647 0.901396 -0.297461
vn 0.314647 0.901396 -0.297461
vn 0.314647 0.901396 -0.297461
vn -0.552563 0.791488 -0.261191
vn -0.552563 0.791488 -0.261191
vn 0.314647 0.901396 -0.297461
vn -0.552563 0.791488 -0.261191
vn 0.314647 0.901396 -0.297461
vn 0.314647 0.901396 -0.297461
vn -0.552563 0.791488 -0.261191
vn 0.314647 0.901396 -0.297461
vn 0.314647 0.901396 -0.297461
vn 0.314647 0.901396 -0.297461
vn 0.314647 0.901396 -0.297461
vn 0.314647 0.901396 -0.297461
vn -0.552563 0.791488 -0.261191
vn -0.552563 0.791488 -0.261191
vn 0.314647 0.901396 -0.297461
vn -0.552563 0.791488 -0.261191
vn 0.314647 0.901396 -0.297461
vn 0.314647 0.901396 -0.297461
vn -0.552563 0.791488 -0.261191
vn 0.314647 0.901396 -0.297461
vn 0.314647 0.901396 -0.297461
vn 0.314647 0.901396 -0.297461
vn 0.314647 0.901396 -0.297461
vn 0.314647 0.901396 -0.297461
vn -0.552563 0.791488 -0.261191
vn -0.552563 0.791488 -0.261191
vn 0.314647 0.901396 -0.297461
vn 0.000000 0.000000 1.000000
vn 0.000000 0.000000 -1.000000
vn 0.000000 1.000000 0.000000
vn 0.000000 -1.000000 0.000000
vn 1.000000 0.000000 0.000000
vn -1.000000 0.000000 0.000000
vn 1.000000 0.000000 0.000000
vn 0.707107 0.675075 0.210413
vn 0.707107 0.675075 0.210413
vn 0.000000 0.954700 0.297569
vn 0.000000 0.954700 0.297569
vn -0.707107 0.675075 0.210413
vn -0.707107 0.675075 0.210413
vn -1.000000 0.000000 0.000000
vn -1.000000 0.000000 0.000000
vn -0.707107 -0.675075 -0.210413
vn -0.707107 -0.675075 -0.210413
vn -0.000000 -0.954700 -0.297569
vn -0.000000 -0.954700 -0.297569
vn 0.707107 -0.675075 -0.210413
vn 0.707107 -0.675075 -0.210413
vn 1.000000 0.000000 0.000000
vn -0.000000 0.297569 -0.954700
vn 0.000000 -0.297569 0.954700
vn -1.000000 0.000000 -0.000000
vn -0.707107 0.675075 -0.210413
vn -0.707107 0.675075 -0.210413
vn -0.000000 0.954700 -0.297569
vn -0.000000 0.954700 -0.297569
vn 0.707107 0.675075 -0.210413
vn 0.707107 0.675075 -0.210413
vn 1.000000 0.000000 -0.000000
vn 1.000000 0.000000 -0.000000
vn 0.707107 -0.675075 0.210413
vn 0.707107 -0.675075 0.210413
vn 0.000000 -0.954700 0.297569
vn 0.000000 -0.954700 0.297569
vn -0.707107 -0.675075 0.210413
vn -0.707107 -0.675075 0.210413
vn -1.000000 0.000000 -0.000000
vn -0.000000 0.297569 0.954700
vn 0.000000 -0.297569 -0.954700
vn 1.000000 0.000000 0.000000
vn 0.707107 0.675075 0.210413
vn 0.707107 0.675075 0.210413
vn 0.000000 0.954700 0.297569
vn 0.000000 0.954700 0.297569
vn -0.707107 0.675075 0.210413
vn -0.707107 0.675075 0.210413
vn -1.000000 0.000000 0.000000
vn -1.000000 0.000000 0.000000
vn -0.707107 -0.675075 -0.210413
vn -0.707107 -0.675075 -0.210413
vn -0.000000 -0.954700 -0.297569
vn -0.000000 -0.954700 -0.297569
vn 0.707107 -0.675075 -0.210413
vn 0.707107 -0.675075 -0.210413
vn 1.000000 0.000000 0.000000
vn -0.000000 0.297569 -0.954700
vn 0.000000 -0.297569 0.954700
vn -1.000000 0.000000 -0.000000
vn -0.707107 0.675075 -0.210413
vn -0.707107 0.675075 -0.210413
vn -0.000000 0.954700 -0.297569
vn -0.000000 0.954700 -0.297569
vn 0.707107 0.675075 -0.210413
vn 0.707107 0.675075 -0.210413
vn 1.000000 0.000000 -0.000000
vn 1.000000 0.000000 -0.000000
vn 0.707107 -0.675075 0.210413
vn 0.707107 -0.675075 0.210413
vn 0.000000 -0.954700 0.297569
vn 0.000000 -0.954700 0.297569
vn -0.707107 -0.675075 0.210413
vn -0.707107 -0.675075 0.210413
vn -1.000000 0.000000 -0.000000
vn -0.000000 0.297569 0.954700
vn 0.000000 -0.297569 -0.954700
f 1/1/1 3/2/2 155/3/3
f 1/1/1 155/3/3 153/4/4
f 3/5/5 5/6/6 157/7/7
f 3/5/5 157/7/7 155/8/8
f 5/9/9 7/10/10 159/11/11
f 5/9/9 159/11/11 157/12/12
f 7/13/13 9/14/14 161/15/15
f 7/13/13 161/15/15 159/16/16
f 9/17/17 11/18/18 163/19/19
f 9/17/17 163/19/19 161/20/20
f 11/21/21 13/22/22 165/23/23
f 11/21/21 165/23/23 163/24/24
f 13/25/25 15/26/26 167/27/27
f 13/25/25 167/27/27 165/28/28
f 15/29/29 17/30/30 169/31/31
f 15/29/29 169/31/31 167/32/32
f 17/33/33 19/34/34 171/35/35
f 17/33/33 171/35/35 169/36/36
f 19/37/37 21/38/38 173/39/39
f 19/37/37 173/39/39 171/40/40
f 21/41/41 23/42/42 175/43/43
f 21/41/41 175/43/43 173/44/44
f 23/45/45 25/46/46 177/47/47
f 23/45/45 177/47/47 175/48/48
f 25/49/49 27/50/50 179/51/51
f 25/49/49 179/51/51 177/52/52
f 27/53/53 29/54/54 181/55/55
f 27/53/53 181/55/55 179/56/56
f 29/57/57 31/58/58 183/59/59
f 29/57/57 183/59/59 181/60/60
f 31/61/61 33/62/62 185/63/63
f 31/61/61 185/63/63 183/64/64
f 33/65/65 35/66/66 187/67/67
f 33/65/65 187/67/67 185/68/68
f 35/69/69 37/70/70 189/71/71
f 35/69/69 189/71/71 187/72/72
f 37/73/73 39/74/74 191/75/75
f 37/73/73 191/75/75 189/76/76
f 39/77/77 41/78/78 193/79/79
f 39/77/77 193/79/79 191/80/80
f 41/81/81 43/82/82 195/83/83
f 41/81/81 195/83/83 193/84/84
f 43/85/85 45/86/86 197/87/87
f 43/85/85 197/87/87 195/88/88
f 45/89/89 47/90/90 199/91/91
f 45/89/89 199/91/91 197/92/92
f 47/93/93 49/94/94 201/95/95
f 47/93/93 201/95/95 199/96/96
f 49/97/97 51/98/98 203/99/99
f 49/97/97 203/99/99 201/100/100
f 51/101/101 53/102/102 205/103/103
f 51/101/101 205/103/103 203/104/104
f 53/105/105 55/106/106 207/107/107
f 53/105/105 207/107/107 205/108/108
f 55/109/109 57/110/110 209/111/111
f 55/109/109 209/111/111 207/112/112
f 57/113/113 59/114/114 211/115/115
f 57/113/113 211/115/115 209/116/116
f 59/117/117 61/118/118 213/119/119
f 59/117/117 213/119/119 211/120/120
f 61/121/121 63/122/122 215/123/123
f 61/121/121 215/123/123 213/124/124
f 63/125/125 65/126/126 217/127/127
f 63/125/125 217/127/127 215/128/128
f 65/129/129 67/130/130 219/131/131
f 65/129/129 219/131/131 217/132/132
f 67/133/133 69/134/134 221/135/135
f 67/133/133 221/135/135 219/136/136
f 69/137/137 71/138/138 223/139/139
f 69/137/137 223/139/139 221/140/140
f 71/141/141 73/142/142 225/143/143
f 71/141/141 225/143/143 223/144/144
f 73/145/145 75/146/146 227/147/147
f 73/145/145 227/147/147 225/148/148
f 75/149/149 77/150/150 229/151/151
f 75/149/149 229/151/151 227/152/152
f 77/153/153 79/154/154 231/155/155
f 77/153/153 231/155/155 229/156/156
f 79/157/157 81/158/158 233/159/159
f 79/157/157 233/159/159 231/160/160
f 81/161/161 83/162/162 235/163/163
f 81/161/161 235/163/163 233/164/164
f 83/165/165 85/166/166 237/167/167
f 83/165/165 237/167/167 235/168/168
f 85/169/169 87/170/170 239/171/171
f 85/169/169 239/171/171 237/172/172
f 87/173/173 89/174/174 241/175/175
f 87/173/173 241/175/175 239/176/176
f 89/177/177 91/178/178 243/179/179
f 89/177/177 243/179/179 241/180/180
f 91/181/181 93/182/182 245/183/183
f 91/181/181 245/183/183 243/184/184
f 93/185/185 95/186/186 247/187/187
f 93/185/185 247/187/187 245/188/188
f 95/189/189 97/190/190 249/191/191
f 95/189/189 249/191/191 247/192/192
f 97/193/193 99/194/194 251/195/195
f 97/193/193 251/195/195 249/196/196
f 99/197/197 101/198/198 253/199/199
f 99/197/197 253/199/199 251/200/200
f 101/201/201 103/202/202 255/203/203
f 101/201/201 255/203/203 253/204/204
f 103/205/205 105/206/206 257/207/207
f 103/205/205 257/207/207 255/208/208
f 105/209/209 107/210/210 259/211/211
f 105/209/209 259/211/211 257/212/212
f 107/213/213 109/214/214 261/215/215
f 107/213/213 261/215/215 259/216/216
f 109/217/217 111/218/218 263/219/219
f 109/217/217 263/219/219 261/220/220
f 111/221/221 113/222/222 265/223/223
f 111/221/221 265/223/223 263/224/224
f 113/225/225 115/226/226 267/227/227
f 113/225/225 267/227/227 265/228/228
f 115/229/229 117/230/230 269/231/231
f 115/229/229 269/231/231 267/232/232
f 117/233/233 119/234/234 271/235/235
f 117/233/233 271/235/235 269/236/236
f 119/237/237 121/238/238 273/239/239
f 119/237/237 273/239/239 271/240/240
f 121/241/241 123/242/242 275/243/243
f 121/241/241 275/243/243 273/244/244
f 123/245/245 125/246/246 277/247/247
f 123/245/245 277/247/247 275/248/248
f 125/249/249 127/250/250 279/251/251
f 125/249/249 279/251/251 277/252/252
f 127/253/253 129/254/254 281/255/255
f 127/253/253 281/255/255 279/256/256
f 129/257/257 131/258/258 283/259/259
f 129/257/257 283/259/259 281/260/260
f 131/261/261 133/262/262 285/263/263
f 131/261/261 285/263/263 283/264/264
f 133/265/265 135/266/266 287/267/267
f 133/265/265 287/267/267 285/268/268
f 135/269/269 137/270/270 289/271/271
f 135/269/269 289/271/271 287/272/272
f 137/273/273 139/274/274 291/275/275
f 137/273/273 291/275/275 289/276/276
f 139/277/277 141/278/278 293/279/279
f 139/277/277 293/279/279 291/280/280
f 141/281/281 143/282/282 295/283/283
f 141/281/281 295/283/283 293/284/284
f 143/285/285 145/286/286 297/287/287
f 143/285/285 297/287/287 295/288/288
f 145/289/289 147/290/290 299/291/291
f 145/289/289 299/291/291 297/292/292
f 147/293/293 149/294/294 301/295/295
f 147/293/293 301/295/295 299/296/296
f 149/297/297 151/298/298 303/299/299
f 149/297/297 303/299/299 301/300/300
f 153/301/301 155/302/302 307/303/303
f 153/301/301 307/303/303 305/304/304
f 155/305/305 157/306/306 309/307/307
f 155/305/305 309/307/307 307/308/308
f 157/309/309 159/310/310 311/311/311
f 157/309/309 311/311/311 309/312/312
f 159/313/313 161/314/314 313/315/315
f 159/313/313 313/315/315 311/316/316
f 161/317/317 163/318/318 315/319/319
f 161/317/317 315/319/319 313/320/320
f 163/321/321 165/322/322 317/323/323
f 163/321/321 317/323/323 315/324/324
f 165/325/325 167/326/326 319/327/327
f 165/325/325 319/327/327 317/328/328
f 167/329/329 169/330/330 321/331/331
f 167/329/329 321/331/331 319/332/332
f 169/333/333 171/334/334 323/335/335
f 169/333/333 323/335/335 321/336/336
f 171/337/337 173/338/338 325/339/339
f 171/337/337 325/339/339 323/340/340
f 173/341/341 175/342/342 327/343/343
f 173/341/341 327/343/343 325/344/344
f 175/345/345 177/346/346 329/347/347
f 175/345/345 329/347/347 327/348/348
f 177/349/349 179/350/350 331/351/351
f 177/349/349 331/351/351 329/352/352
f 179/353/353 181/354/354 333/355/355
f 179/353/353 333/355/355 331/356/356
f 181/357/357 183/358/358 335/359/359
f 181/357/357 335/359/359 333/360/360
f 183/361/361 185/362/362 337/363/363
f 183/361/361 337/363/363 335/364/364
f 185/365/365 187/366/366 339/367/367
f 185/365/365 339/367/367 337/368/368
f 187/369/369 189/370/370 341/371/371
f 187/369/369 341/371/371 339/372/372
f 189/373/373 191/374/374 343/375/375
f 189/373/373 343/375/375 341/376/376
f 191/377/377 193/378/378 345/379/379
f 191/377/377 345/379/379 343/380/380
f 193/381/381 195/382/382 347/383/383
f 193/381/381 347/383/383 345/384/384
f 195/385/385 197/386/386 349/387/387
f 195/385/385 349/387/387 347/388/388
f 197/389/389 199/390/390 351/391/391
f 197/389/389 351/391/391 349/392/392
f 199/393/393 201/394/394 353/395/395
f 199/393/393 353/395/395 351/396/396
f 201/397/397 203/398/398 355/399/399
f 201/397/397 355/399/399 353/400/400
f 203/401/401 205/402/402 357/403/403
f 203/401/401 357/403/403 355/404/404
f 205/405/405 207/406/406 359/407/407
f 205/405/405 359/407/407 357/408/408
f 207/409/409 209/410/410 361/411/411
f 207/409/409 361/411/411 359/412/412
f 209/413/413 211/414/414 363/415/415
f 209/413/413 363/415/415 361/416/416
f 211/417/417 213/418/418 365/419/419
f 211/417/417 365/419/419 363/420/420
f 213/421/421 215/422/422 367/423/423
f 213/421/421 367/423/423 365/424/424
f 215/425/425 217/426/426 369/427/427
f 215/425/425 369/427/427 367/428/428
f 217/429/429 219/430/430 371/431/431
f 217/429/429 371/431/431 369/432/432
f 219/433/433 221/434/434 373/435/435
f 219/433/433 373/435/435 371/436/436
f 221/437/437 223/438/438 375/439/439
f 221/437/437 375/439/439 373/440/440
f 223/441/441 225/442/442 377/443/443
f 223/441/441 377/443/443 375/444/444
f 225/445/445 227/446/446 379/447/447
f 225/445/445 379/447/447 377/448/448
f 227/449/449 229/450/450 381/451/451
f 227/449/449 381/451/451 379/452/452
f 229/453/453 231/454/454 383/455/455
f 229/453/453 383/455/455 381/456/456
f 231/457/457 233/458/458 385/459/459
f 231/457/457 385/459/459 383/460/460
f 233/461/461 235/462/462 387/463/463
f 233/461/461 387/463/463 385/464/464
f 235/465/465 237/466/466 389/467/467
f 235/465/465 389/467/467 387/468/468
f 237/469/469 239/470/470 391/471/471
f 237/469/469 391/471/471 389/472/472
f 239/473/473 241/474/474 393/475/475
f 239/473/473 393/475/475 391/476/476
f 241/477/477 243/478/478 395/479/479
f 241/477/477 395/479/479 393/480/480
f 243/481/481 245/482/482 397/483/483
f 243/481/481 397/483/483 395/484/484
f 245/485/485 247/486/486 399/487/487
f 245/485/485 399/487/487 397/488/488
f 247/489/489 249/490/490 401/491/491
f 247/489/489 401/491/491 399/492/492
f 249/493/493 251/494/494 403/495/495
f 249/493/493 403/495/495 401/496/496
f 251/497/497 253/498/498 405/499/499
f 251/497/497 405/499/499 403/500/500
f 253/501/501 255/502/502 407/503/503
f 253/501/501 407/503/503 405/504/504
f 255/505/505 257/506/506 409/507/507
f 255/505/505 409/507/507 407/508/508
f 257/509/509 259/510/510 411/511/511
f 257/509/509 411/511/511 409/512/512
f 259/513/513 261/514/514 413/515/515
f 259/513/513 413/515/515 411/516/516
f 261/517/517 263/518/518 415/519/519
f 261/517/517 415/519/519 413/520/520
f 263/521/521 265/522/522 417/523/523
f 263/521/521 417/523/523 415/524/524
f 265/525/525 267/526/526 419/527/527
f 265/525/525 419/527/527 417/528/528
f 267/529/529 269/530/530 421/531/531
f 267/529/529 421/531/531 419/532/532
f 269/533/533 271/534/534 423/535/535
f 269/533/533 423/535/535 421/536/536
f 271/537/537 273/538/538 425/539/539
f 271/537/537 425/539/539 423/540/540
f 273/541/541 275/542/542 427/543/543
f 273/541/541 427/543/543 425/544/544
f 275/545/545 277/546/546 429/547/547
f 275/545/545 429/547/547 427/548/548
f 277/549/549 279/550/550 431/551/551
f 277/549/549 431/551/551 429/552/552
f 279/553/553 281/554/554 433/555/555
f 279/553/553 433/555/555 431/556/556
f 281/557/557 283/558/558 435/559/559
f 281/557/557 435/559/559 433/560/560
f 283/561/561 285/562/562 437/563/563
f 283/561/561 437/563/563 435/564/564
f 285/565/565 287/566/566 439/567/567
f 285/565/565 439/567/567 437/568/568
f 287/569/569 289/570/570 441/571/571
f 287/569/569 441/571/571 439/572/572
f 289/573/573 291/574/574 443/575/575
f 289/573/573 443/575/575 441/576/576
f 291/577/577 293/578/578 445/579/579
f 291/577/577 445/579/579 443/580/580
f 293/581/581 295/582/582 447/583/583
f 293/581/581 447/583/583 445/584/584
f 295/585/585 297/586/586 449/587/587
f 295/585/585 449/587/587 447/588/588
f 297/589/589 299/590/590 451/591/591
f 297/589/589 451/591/591 449/592/592
f 299/593/593 301/594/594 453/595/595
f 299/593/593 453/595/595 451/596/596
f 301/597/597 303/598/598 455/599/599
f 301/597/597 455/599/599 453/600/600
f 305/601/601 307/602/602 459/603/603
f 305/601/601 459/603/603 457/604/604
f 307/605/605 309/606/606 461/607/607
f 307/605/605 461/607/607 459/608/608
f 309/609/609 311/610/610 463/611/611
f 309/609/609 463/611/611 461/612/612
f 311/613/613 313/614/614 465/615/615
f 311/613/613 465/615/615 463/616/616
f 313/617/617 315/618/618 467/619/619
f 313/617/617 467/619/619 465/620/620
f 315/621/621 317/622/622 469/623/623
f 315/621/621 469/623/623 467/624/624
f 317/625/625 319/626/626 471/627/627
f 317/625/625 471/627/627 469/628/628
f 319/629/629 321/630/630 473/631/631
f 319/629/629 473/631/631 471/632/632
f 321/633/633 323/634/634 475/635/635
f 321/633/633 475/635/635 473/636/636
f 323/637/637 325/638/638 477/639/639
f 323/637/637 477/639/639 475/640/640
f 325/641/641 327/642/642 479/643/643
f 325/641/641 479/643/643 477/644/644
f 327/645/645 329/646/646 481/647/647
f 327/645/645 481/647/647 479/648/648
f 329/649/649 331/650/650 483/651/651
f 329/649/649 483/651/651 481/652/652
f 331/653/653 333/654/654 485/655/655
f 331/653/653 485/655/655 483/656/656
f 333/657/657 335/658/658 487/659/659
f 333/657/657 487/659/659 485/660/660
f 335/661/661 337/662/662 489/663/663
f 335/661/661 489/663/663 487/664/664
f 337/665/665 339/666/666 491/667/667
f 337/665/665 491/667/667 489/668/668
f 339/669/669 341/670/670 493/671/671
f 339/669/669 493/671/671 491/672/672
f 341/673/673 343/674/674 495/675/675
f 341/673/673 495/675/675 493/676/676
f 343/677/677 345/678/678 497/679/679
f 343/677/677 497/679/679 495/680/680
f 345/681/681 347/682/682 499/683/683
f 345/681/681 499/683/683 497/684/684
f 347/685/685 349/686/686 501/687/687
f 347/685/685 501/687/687 499/688/688
f 349/689/689 351/690/690 503/691/691
f 349/689/689 503/691/691 501/692/692
f 351/693/693 353/694/694 505/695/695
f 351/693/693 505/695/695 503/696/696
f 353/697/697 355/698/698 507/699/699
f 353/697/697 507/699/699 505/700/700
f 355/701/701 357/702/702 509/703/703
f 355/701/701 509/703/703 507/704/704
f 357/705/705 359/706/706 511/707/707
f 357/705/705 511/707/707 509/708/708
f 359/709/709 361/710/710 513/711/711
f 359/709/709 513/711/711 511/712/712
f 361/713/713 363/714/714 515/715/715
f 361/713/713 515/715/715 513/716/716
f 363/717/717 365/718/718 517/719/719
f 363/717/717 517/719/719 515/720/720
f 365/721/721 367/722/722 519/723/723
f 365/721/721 519/723/723 517/724/724
f 367/725/725 369/726/726 521/727/727
f 367/725/725 521/727/727 519/728/728
f 369/729/729 371/730/730 523/731/731
f 369/729/729 523/731/731 521/732/732
f 371/733/733 373/734/734 525/735/735
f 371/733/733 525/735/735 523/736/736
f 373/737/737 375/738/738 527/739/739
f 373/737/737 527/739/739 525/740/740
f 375/741/741 377/742/742 529/743/743
f 375/741/741 529/743/743 527/744/744
f 377/745/745 379/746/746 531/747/747
f 377/745/745 531/747/747 529/748/748
f 379/749/749 381/750/750 533/751/751
f 379/749/749 533/751/751 531/752/752
f 381/753/753 383/754/754 535/755/755
f 381/753/753 535/755/755 533/756/756
f 383/757/757 385/758/758 537/759/759
f 383/757/757 537/759/759 535/760/760
f 385/761/761 387/762/762 539/763/763
f 385/761/761 539/763/763 537/764/764
f 387/765/765 389/766/766 541/767/767
f 387/765/765 541/767/767 539/768/768
f 389/769/769 391/770/770 543/771/771
f 389/769/769 543/771/771 541/772/772
f 391/773/773 393/774/774 545/775/775
f 391/773/773 545/775/775 543/776/776
f 393/777/777 395/778/778 547/779/779
f 393/777/777 547/779/779 545/780/780
f 395/781/781 397/782/782 549/783/783
f 395/781/781 549/783/783 547/784/784
f 397/785/785 399/786/786 551/787/787
f 397/785/785 551/787/787 549/788/788
f 399/789/789 401/790/790 553/791/791
f 399/789/789 553/791/791 551/792/792
f 401/793/793 403/794/794 555/795/795
f 401/793/793 555/795/795 553/796/796
f 403/797/797 405/798/798 557/799/799
f 403/797/797 557/799/799 555/800/800
f 405/801/801 407/802/802 559/803/803
f 405/801/801 559/803/803 557/804/804
f 407/805/805 409/806/806 561/807/807
f 407/805/805 561/807/807 559/808/808
f 409/809/809 411/810/810 563/811/811
f 409/809/809 563/811/811 561/812/812
f 411/813/813 413/814/814 565/815/815
f 411/813/813 565/815/815 563/816/816
f 413/817/817 415/818/818 567/819/819
f 413/817/817 567/819/819 565/820/820
f 415/821/821 417/822/822 569/823/823
f 415/821/821 569/823/823 567/824/824
f 417/825/825 419/826/826 571/827/827
f 417/825/825 571/827/827 569/828/828
f 419/829/829 421/830/830 573/831/831
f 419/829/829 573/831/831 571/832/832
f 421/833/833 423/834/834 575/835/835
f 421/833/833 575/835/835 573/836/836
f 423/837/837 425/838/838 577/839/839
f 423/837/837 577/839/839 575/840/840
f 425/841/841 427/842/842 579/843/843
f 425/841/841 579/843/843 577/844/844
f 427/845/845 429/846/846 581/847/847
f 427/845/845 581/847/847 579/848/848
f 429/849/849 431/850/850 583/851/851
f 429/849/849 583/851/851 581/852/852
f 431/853/853 433/854/854 585/855/855
f 431/853/853 585/855/855 583/856/856
f 433/857/857 435/858/858 587/859/859
f 433/857/857 587/859/859 585/860/860
f 435/861/861 437/862/862 589/863/863
f 435/861/861 589/863/863 587/864/864
f 437/865/865 439/866/866 591/867/867
f 437/865/865 591/867/867 589/868/868
f 439/869/869 441/870/870 593/871/871
f 439/869/869 593/871/871 591/872/872
f 441/873/873 443/874/874 595/875/875
f 441/873/873 595/875/875 593/876/876
f 443/877/877 445/878/878 597/879/879
f 443/877/877 597/879/879 595/880/880
f 445/881/881 447/882/882 599/883/883
f 445/881/881 599/883/883 597/884/884
f 447/885/885 449/886/886 601/887/887
f 447/885/885 601/887/887 599/888/888
f 449/889/889 451/890/890 603/891/891
f 449/889/889 603/891/891 601/892/892
f 451/893/893 453/894/894 605/895/895
f 451/893/893 605/895/895 603/896/896
f 453/897/897 455/898/898 607/899/899
f 453/897/897 607/899/899 605/900/900
f 457/901/901 459/902/902 611/903/903
f 457/901/901 611/903/903 609/904/904
f 459/905/905 461/906/906 613/907/907
f 459/905/905 613/907/907 611/908/908
f 461/909/909 463/910/910 615/911/911
f 461/909/909 615/911/911 613/912/912
f 463/913/913 465/914/914 617/915/915
f 463/913/913 617/915/915 615/916/916
f 465/917/917 467/918/918 619/919/919
f 465/917/917 619/919/919 617/920/920
f 467/921/921 469/922/922 621/923/923
f 467/921/921 621/923/923 619/924/924
f 469/925/925 471/926/926 623/927/927
f 469/925/925 623/927/927 621/928/928
f 471/929/929 473/930/930 625/931/931
f 471/929/929 625/931/931 623/932/932
f 473/933/933 475/934/934 627/935/935
f 473/933/933 627/935/935 625/936/936
f 475/937/937 477/938/938 629/939/939
f 475/937/937 629/939/939 627/940/940
f 477/941/941 479/942/942 631/943/943
f 477/941/941 631/943/943 629/944/944
f 479/945/945 481/946/946 633/947/947
f 479/945/945 633/947/947 631/948/948
f 481/949/949 483/950/950 635/951/951
f 481/949/949 635/951/951 633/952/952
f 483/953/953 485/954/954 637/955/955
f 483/953/953 637/955/955 635/956/956
f 485/957/957 487/958/958 639/959/959
f 485/957/957 639/959/959 637/960/960
f 487/961/961 489/962/962 641/963/963
f 487/961/961 641/963/963 639/964/964
f 489/965/965 491/966/966 643/967/967
f 489/965/965 643/967/967 641/968/968
f 491/969/969 493/970/970 645/971/971
f 491/969/969 645/971/971 643/972/972
f 493/973/973 495/974/974 647/975/975
f 493/973/973 647/975/975 645/976/976
f 495/977/977 497/978/978 649/979/979
f 495/977/977 649/979/979 647/980/980
f 497/981/981 499/982/982 651/983/983
f 497/981/981 651/983/983 649/984/984
f 499/985/985 501/986/986 653/987/987
f 499/985/985 653/987/987 651/988/988
f 501/989/989 503/990/990 655/991/991
f 501/989/989 655/991/991 653/992/992
f 503/993/993 505/994/994 657/995/995
f 503/993/993 657/995/995 655/996/996
f 505/997/997 507/998/998 659/999/999
f 505/997/997 659/999/999 657/1000/1000
f 507/1001/1001 509/1002/1002 661/1003/1003
f 507/1001/1001 661/1003/1003 659/1004/1004
f 509/1005/1005 511/1006/1006 663/1007/1007
f 509/1005/1005 663/1007/1007 661/1008/1008
f 511/1009/1009 513/1010/1010 665/1011/1011
f 511/1009/1009 665/1011/1011 663/1012/1012
f 513/1013/1013 515/1014/1014 667/1015/1015
f 513/1013/1013 667/1015/1015 665/1016/1016
f 515/1017/1017 517/1018/1018 669/1019/1019
f 515/1017/1017 669/1019/1019 667/1020/1020
f 517/1021/1021 519/1022/1022 671/1023/1023
f 517/1021/1021 671/1023/1023 669/1024/1024
f 519/1025/1025 521/1026/1026 673/1027/1027
f 519/1025/1025 673/1027/1027 671/1028/1028
f 521/1029/1029 523/1030/1030 675/1031/1031
f 521/1029/1029 675/1031/1031 673/1032/1032
f 523/1033/1033 525/1034/1034 677/1035/1035
f 523/1033/1033 677/1035/1035 675/1036/1036
f 525/1037/1037 527/1038/1038 679/1039/1039
f 525/1037/1037 679/1039/1039 677/1040/1040
f 527/1041/1041 529/1042/1042 681/1043/1043
f 527/1041/1041 681/1043/1043 679/1044/1044
f 529/1045/1045 531/1046/1046 683/1047/1047
f 529/1045/1045 683/1047/1047 681/1048/1048
f 531/1049/1049 533/1050/1050 685/1051/1051
f 531/1049/1049 685/1051/1051 683/1052/1052
f 533/1053/1053 535/1054/1054 687/1055/1055
f 533/1053/1053 687/1055/1055 685/1056/1056
f 535/1057/1057 537/1058/1058 689/1059/1059
f 535/1057/1057 689/1059/1059 687/1060/1060
f 537/1061/1061 539/1062/1062 691/1063/1063
f 537/1061/1061 691/1063/1063 689/1064/1064
f 539/1065/1065 541/1066/1066 693/1067/1067
f 539/1065/1065 693/1067/1067 691/1068/1068
f 541/1069/1069 543/1070/1070 695/1071/1071
f 541/1069/1069 695/1071/1071 693/1072/1072
f 543/1073/1073 545/1074/1074 697/1075/1075
f 543/1073/1073 697/1075/1075 695/1076/1076
f 545/1077/1077 547/1078/1078 699/1079/1079
f 545/1077/1077 699/1079/1079 697/1080/1080
f 547/1081/1081 549/1082/1082 701/1083/1083
f 547/1081/1081 701/1083/1083 699/1084/1084
f 549/1085/1085 551/1086/1086 703/1087/1087
f 549/1085/1085 703/1087/1087 701/1088/1088
f 551/1089/1089 553/1090/1090 705/1091/1091
f 551/1089/1089 705/1091/1091 703/1092/1092
f 553/1093/1093 555/1094/1094 707/1095/1095
f 553/1093/1093 707/1095/1095 705/1096/1096
f 555/1097/1097 557/1098/1098 709/1099/1099
f 555/1097/1097 709/1099/1099 707/1100/1100
f 557/1101/1101 559/1102/1102 711/1103/1103
f 557/1101/1101 711/1103/1103 709/1104/1104
f 559/1105/1105 561/1106/1106 713/1107/1107
f 559/1105/1105 713/1107/1107 711/1108/1108
f 561/1109/1109 563/1110/1110 715/1111/1111
f 561/1109/1109 715/1111/1111 713/1112/1112
f 563/1113/1113 565/1114/1114 717/1115/1115
f 563/1113/1113 717/1115/1115 715/1116/1116
f 565/1117/1117 567/1118/1118 719/1119/1119
f 565/1117/1117 719/1119/1119 717/1120/1120
f 567/1121/1121 569/1122/1122 721/1123/1123
f 567/1121/1121 721/1123/1123 719/1124/1124
f 569/1125/1125 571/1126/1126 723/1127/1127
f 569/1125/1125 723/1127/1127 721/1128/1128
f 571/1129/1129 573/1130/1130 725/1131/1131
f 571/1129/1129 725/1131/1131 723/1132/1132
f 573/1133/1133 575/1134/1134 727/1135/1135
f 573/1133/1133 727/1135/1135 725/1136/1136
f 575/1137/1137 577/1138/1138 729/1139/1139
f 575/1137/1137 729/1139/1139 727/1140/1140
f 577/1141/1141 579/1142/1142 731/1143/1143
f 577/1141/1141 731/1143/1143 729/1144/1144
f 579/1145/1145 581/1146/1146 733/1147/1147
f 579/1145/1145 733/1147/1147 731/1148/1148
f 581/1149/1149 583/1150/1150 735/1151/1151
f 581/1149/1149 735/1151/1151 733/1152/1152
f 583/1153/1153 585/1154/1154 737/1155/1155
f 583/1153/1153 737/1155/1155 735/1156/1156
f 585/1157/1157 587/1158/1158 739/1159/1159
f 585/1157/1157 739/1159/1159 737/1160/1160
f 587/1161/1161 589/1162/1162 741/1163/1163
f 587/1161/1161 741/1163/1163 739/1164/1164
f 589/1165/1165 591/1166/1166 743/1167/1167
f 589/1165/1165 743/1167/1167 741/1168/1168
f 591/1169/1169 593/1170/1170 745/1171/1171
f 591/1169/1169 745/1171/1171 743/1172/1172
f 593/1173/1173 595/1174/1174 747/1175/1175
f 593/1173/1173 747/1175/1175 745/1176/1176
f 595/1177/1177 597/1178/1178 749/1179/1179
f 595/1177/1177 749/1179/1179 747/1180/1180
f 597/1181/1181 599/1182/1182 751/1183/1183
f 597/1181/1181 751/1183/1183 749/1184/1184
f 599/1185/1185 601/1186/1186 753/1187/1187
f 599/1185/1185 753/1187/1187 751/1188/1188
f 601/1189/1189 603/1190/1190 755/1191/1191
f 601/1189/1189 755/1191/1191 753/1192/1192
f 603/1193/1193 605/1194/1194 757/1195/1195
f 603/1193/1193 757/1195/1195 755/1196/1196
f 605/1197/1197 607/1198/1198 759/1199/1199
f 605/1197/1197 759/1199/1199 757/1200/1200
f 609/1201/1201 611/1202/1202 763/1203/1203
f 609/1201/1201 763/1203/1203 761/1204/1204
f 611/1205/1205 613/1206/1206 765/1207/1207
f 611/1205/1205 765/1207/1207 763/1208/1208
f 613/1209/1209 615/1210/1210 767/1211/1211
f 613/1209/1209 767/1211/1211 765/1212/1212
f 615/1213/1213 617/1214/1214 769/1215/1215
f 615/1213/1213 769/1215/1215 767/1216/1216
f 617/1217/1217 619/1218/1218 771/1219/1219
f 617/1217/1217 771/1219/1219 769/1220/1220
f 619/1221/1221 621/1222/1222 773/1223/1223
f 619/1221/1221 773/1223/1223 771/1224/1224
f 621/1225/1225 623/1226/1226 775/1227/1227
f 621/1225/1225 775/1227/1227 773/1228/1228
f 623/1229/1229 625/1230/1230 777/1231/1231
f 623/1229/1229 777/1231/1231 775/1232/1232
f 625/1233/1233 627/1234/1234 779/1235/1235
f 625/1233/1233 779/1235/1235 777/1236/1236
f 627/1237/1237 629/1238/1238 781/1239/1239
f 627/1237/1237 781/1239/1239 779/1240/1240
f 629/1241/1241 631/1242/1242 783/1243/1243
f 629/1241/1241 783/1243/1243 781/1244/1244
f 631/1245/1245 633/1246/1246 785/1247/1247
f 631/1245/1245 785/1247/1247 783/1248/1248
f 633/1249/1249 635/1250/1250 787/1251/1251
f 633/1249/1249 787/1251/1251 785/1252/1252
f 635/1253/1253 637/1254/1254 789/1255/1255
f 635/1253/1253 789/1255/1255 787/1256/1256
f 637/1257/1257 639/1258/1258 791/1259/1259
f 637/1257/1257 791/1259/1259 789/1260/1260
f 639/1261/1261 641/1262/1262 793/1263/1263
f 639/1261/1261 793/1263/1263 791/1264/1264
f 641/1265/1265 643/1266/1266 795/1267/1267
f 641/1265/1265 795/1267/1267 793/1268/1268
f 643/1269/1269 645/1270/1270 797/1271/1271
f 643/1269/1269 797/1271/1271 795/1272/1272
f 645/1273/1273 647/1274/1274 799/1275/1275
f 645/1273/1273 799/1275/1275 797/1276/1276
f 647/1277/1277 649/1278/1278 801/1279/1279
f 647/1277/1277 801/1279/1279 799/1280/1280
f 649/1281/1281 651/1282/1282 803/1283/1283
f 649/1281/1281 803/1283/1283 801/1284/1284
f 651/1285/1285 653/1286/1286 805/1287/1287
f 651/1285/1285 805/1287/1287 803/1288/1288
f 653/1289/1289 655/1290/1290 807/1291/1291
f 653/1289/1289 807/1291/1291 805/1292/1292
f 655/1293/1293 657/1294/1294 809/1295/1295
f 655/1293/1293 809/1295/1295 807/1296/1296
f 657/1297/1297 659/1298/1298 811/1299/1299
f 657/1297/1297 811/1299/1299 809/1300/1300
f 659/1301/1301 661/1302/1302 813/1303/1303
f 659/1301/1301 813/1303/1303 811/1304/1304
f 661/1305/1305 663/1306/1306 815/1307/1307
f 661/1305/1305 815/1307/1307 813/1308/1308
f 663/1309/1309 665/1310/1310 817/1311/1311
f 663/1309/1309 817/1311/1311 815/1312/1312
f 665/1313/1313 667/1314/1314 819/1315/1315
f 665/1313/1313 819/1315/1315 817/1316/1316
f 667/1317/1317 669/1318/1318 821/1319/1319
f 667/1317/1317 821/1319/1319 819/1320/1320
f 669/1321/1321 671/1322/1322 823/1323/1323
f 669/1321/1321 823/1323/1323 821/1324/1324
f 671/1325/1325 673/1326/1326 825/1327/1327
f 671/1325/1325 825/1327/1327 823/1328/1328
f 673/1329/1329 675/1330/1330 827/1331/1331
f 673/1329/1329 827/1331/1331 825/1332/1332
f 675/1333/1333 677/1334/1334 829/1335/1335
f 675/1333/1333 829/1335/1335 827/1336/1336
f 677/1337/1337 679/1338/1338 831/1339/1339
f 677/1337/1337 831/1339/1339 829/1340/1340
f 679/1341/1341 681/1342/1342 833/1343/1343
f 679/1341/1341 833/1343/1343 831/1344/1344
f 681/1345/1345 683/1346/1346 835/1347/1347
f 681/1345/1345 835/1347/1347 833/1348/1348
f 683/1349/1349 685/1350/1350 837/1351/1351
f 683/1349/1349 837/1351/1351 835/1352/1352
f 685/1353/1353 687/1354/1354 839/1355/1355
f 685/1353/1353 839/1355/1355 837/1356/1356
f 687/1357/1357 689/1358/1358 841/1359/1359
f 687/1357/1357 841/1359/1359 839/1360/1360
f 689/1361/1361 691/1362/1362 843/1363/1363
f 689/1361/1361 843/1363/1363 841/1364/1364
f 691/1365/1365 693/1366/1366 845/1367/1367
f 691/1365/1365 845/1367/1367 843/1368/1368
f 693/1369/1369 695/1370/1370 847/1371/1371
f 693/1369/1369 847/1371/1371 845/1372/1372
f 695/1373/1373 697/1374/1374 849/1375/1375
f 695/1373/1373 849/1375/1375 847/1376/1376
f 697/1377/1377 699/1378/1378 851/1379/1379
f 697/1377/1377 851/1379/1379 849/1380/1380
f 699/1381/1381 701/1382/1382 853/1383/1383
f 699/1381/1381 853/1383/1383 851/1384/1384
f 701/1385/1385 703/1386/1386 855/1387/1387
f 701/1385/1385 855/1387/1387 853/1388/1388
f 703/1389/1389 705/1390/1390 857/1391/1391
f 703/1389/1389 857/1391/1391 855/1392/1392
f 705/1393/1393 707/1394/1394 859/1395/1395
f 705/1393/1393 859/1395/1395 857/1396/1396
f 707/1397/1397 709/1398/1398 861/1399/1399
f 707/1397/1397 861/1399/1399 859/1400/1400
f 709/1401/1401 711/1402/1402 863/1403/1403
f 709/1401/1401 863/1403/1403 861/1404/1404
f 711/1405/1405 713/1406/1406 865/1407/1407
f 711/1405/1405 865/1407/1407 863/1408/1408
f 713/1409/1409 715/1410/1410 867/1411/1411
f 713/1409/1409 867/1411/1411 865/1412/1412
f 715/1413/1413 717/1414/1414 869/1415/1415
f 715/1413/1413 869/1415/1415 867/1416/1416
f 717/1417/1417 719/1418/1418 871/1419/1419
f 717/1417/1417 871/1419/1419 869/1420/1420
f 719/1421/1421 721/1422/1422 873/1423/1423
f 719/1421/1421 873/1423/1423 871/1424/1424
f 721/1425/1425 723/1426/1426 875/1427/1427
f 721/1425/1425 875/1427/1427 873/1428/1428
f 723/1429/1429 725/1430/1430 877/1431/1431
f 723/1429/1429 877/1431/1431 875/1432/1432
f 725/1433/1433 727/1434/1434 879/1435/1435
f 725/1433/1433 879/1435/1435 877/1436/1436
f 727/1437/1437 729/1438/1438 881/1439/1439
f 727/1437/1437 881/1439/1439 879/1440/1440
f 729/1441/1441 731/1442/1442 883/1443/1443
f 729/1441/1441 883/1443/1443 881/1444/1444
f 731/1445/1445 733/1446/1446 885/1447/1447
f 731/1445/1445 885/1447/1447 883/1448/1448
f 733/1449/1449 735/1450/1450 887/1451/1451
f 733/1449/1449 887/1451/1451 885/1452/1452
f 735/1453/1453 737/1454/1454 889/1455/1455
f 735/1453/1453 889/1455/1455 887/1456/1456
f 737/1457/1457 739/1458/1458 891/1459/1459
f 737/1457/1457 891/1459/1459 889/1460/1460
f 739/1461/1461 741/1462/1462 893/1463/1463
f 739/1461/1461 893/1463/1463 891/1464/1464
f 741/1465/1465 743/1466/1466 895/1467/1467
f 741/1465/1465 895/1467/1467 893/1468/1468
f 743/1469/1469 745/1470/1470 897/1471/1471
f 743/1469/1469 897/1471/1471 895/1472/1472
f 745/1473/1473 747/1474/1474 899/1475/1475
f 745/1473/1473 899/1475/1475 897/1476/1476
f 747/1477/1477 749/1478/1478 901/1479/1479
f 747/1477/1477 901/1479/1479 899/1480/1480
f 749/1481/1481 751/1482/1482 903/1483/1483
f 749/1481/1481 903/1483/1483 901/1484/1484
f 751/1485/1485 753/1486/1486 905/1487/1487
f 751/1485/1485 905/1487/1487 903/1488/1488
f 753/1489/1489 755/1490/1490 907/1491/1491
f 753/1489/1489 907/1491/1491 905/1492/1492
f 755/1493/1493 757/1494/1494 909/1495/1495
f 755/1493/1493 909/1495/1495 907/1496/1496
f 757/1497/1497 759/1498/1498 911/1499/1499
f 757/1497/1497 911/1499/1499 909/1500/1500
f 761/1501/1501 763/1502/1502 915/1503/1503
f 761/1501/1501 915/1503/1503 913/1504/1504
f 763/1505/1505 765/1506/1506 917/1507/1507
f 763/1505/1505 917/1507/1507 915/1508/1508
f 765/1509/1509 767/1510/1510 919/1511/1511
f 765/1509/1509 919/1511/1511 917/1512/1512
f 767/1513/1513 769/1514/1514 921/1515/1515
f 767/1513/1513 921/1515/1515 919/1516/1516
f 769/1517/1517 771/1518/1518 923/1519/1519
f 769/1517/1517 923/1519/1519 921/1520/1520
f 771/1521/1521 773/1522/1522 925/1523/1523
f 771/1521/1521 925/1523/1523 923/1524/1524
f 773/1525/1525 775/1526/1526 927/1527/1527
f 773/1525/1525 927/1527/1527 925/1528/1528
f 775/1529/1529 777/1530/1530 929/1531/1531
f 775/1529/1529 929/1531/1531 927/1532/1532
f 777/1533/1533 779/1534/1534 931/1535/1535
f 777/1533/1533 931/1535/1535 929/1536/1536
f 779/1537/1537 781/1538/1538 933/1539/1539
f 779/1537/1537 933/1539/1539 931/1540/1540
f 781/1541/1541 783/1542/1542 935/1543/1543
f 781/1541/1541 935/1543/1543 933/1544/1544
f 783/1545/1545 785/1546/1546 937/1547/1547
f 783/1545/1545 937/1547/1547 935/1548/1548
f 785/1549/1549 787/1550/1550 939/1551/1551
f 785/1549/1549 939/1551/1551 937/1552/1552
f 787/1553/1553 789/1554/1554 941/1555/1555
f 787/1553/1553 941/1555/1555 939/1556/1556
f 789/1557/1557 791/1558/1558 943/1559/1559
f 789/1557/1557 943/1559/1559 941/1560/1560
f 791/1561/1561 793/1562/1562 945/1563/1563
f 791/1561/1561 945/1563/1563 943/1564/1564
f 793/1565/1565 795/1566/1566 947/1567/1567
f 793/1565/1565 947/1567/1567 945/1568/1568
f 795/1569/1569 797/1570/1570 949/1571/1571
f 795/1569/1569 949/1571/1571 947/1572/1572
f 797/1573/1573 799/1574/1574 951/1575/1575
f 797/1573/1573 951/1575/1575 949/1576/1576
f 799/1577/1577 801/1578/1578 953/1579/1579
f 799/1577/1577 953/1579/1579 951/1580/1580
f 801/1581/1581 803/1582/1582 955/1583/1583
f 801/1581/1581 955/1583/1583 953/1584/1584
f 803/1585/1585 805/1586/1586 957/1587/1587
f 803/1585/1585 957/1587/1587 955/1588/1588
f 805/1589/1589 807/1590/1590 959/1591/1591
f 805/1589/1589 959/1591/1591 957/1592/1592
f 807/1593/1593 809/1594/1594 961/1595/1595
f 807/1593/1593 961/1595/1595 959/1596/1596
f 809/1597/1597 811/1598/1598 963/1599/1599
f 809/1597/1597 963/1599/1599 961/1600/1600
f 811/1601/1601 813/1602/1602 965/1603/1603
f 811/1601/1601 965/1603/1603 963/1604/1604
f 813/1605/1605 815/1606/1606 967/1607/1607
f 813/1605/1605 967/1607/1607 965/1608/1608
f 815/1609/1609 817/1610/1610 969/1611/1611
f 815/1609/1609 969/1611/1611 967/1612/1612
f 817/1613/1613 819/1614/1614 971/1615/1615
f 817/1613/1613 971/1615/1615 969/1616/1616
f 819/1617/1617 821/1618/1618 973/1619/1619
f 819/1617/1617 973/1619/1619 971/1620/1620
f 821/1621/1621 823/1622/1622 975/1623/1623
f 821/1621/1621 975/1623/1623 973/1624/1624
f 823/1625/1625 825/1626/1626 977/1627/1627
f 823/1625/1625 977/1627/1627 975/1628/1628
f 825/1629/1629 827/1630/1630 979/1631/1631
f 825/1629/1629 979/1631/1631 977/1632/1632
f 827/1633/1633 829/1634/1634 981/1635/1635
f 827/1633/1633 981/1635/1635 979/1636/1636
f 829/1637/1637 831/1638/1638 983/1639/1639
f 829/1637/1637 983/1639/1639 981/1640/1640
f 831/1641/1641 833/1642/1642 985/1643/1643
f 831/1641/1641 985/1643/1643 983/1644/1644
f 833/1645/1645 835/1646/1646 987/1647/1647
f 833/1645/1645 987/1647/1647 985/1648/1648
f 835/1649/1649 837/1650/1650 989/1651/1651
f 835/1649/1649 989/1651/1651 987/1652/1652
f 837/1653/1653 839/1654/1654 991/1655/1655
f 837/1653/1653 991/1655/1655 989/1656/1656
f 839/1657/1657 841/1658/1658 993/1659/1659
f 839/1657/1657 993/1659/1659 991/1660/1660
f 841/1661/1661 843/1662/1662 995/1663/1663
f 841/1661/1661 995/1663/1663 993/1664/1664
f 843/1665/1665 845/1666/1666 997/1667/1667
f 843/1665/1665 997/1667/1667 995/1668/1668
f 845/1669/1669 847/1670/1670 999/1671/1671
f 845/1669/1669 999/1671/1671 997/1672/1672
f 847/1673/1673 849/1674/1674 1001/1675/1675
f 847/1673/1673 1001/1675/1675 999/1676/1676
f 849/1677/1677 851/1678/1678 1003/1679/1679
f 849/1677/1677 1003/1679/1679 1001/1680/1680
f 851/1681/1681 853/1682/1682 1005/1683/1683
f 851/1681/1681 1005/1683/1683 1003/1684/1684
f 853/1685/1685 855/1686/1686 1007/1687/1687
f 853/1685/1685 1007/1687/1687 1005/1688/1688
f 855/1689/1689 857/1690/1690 1009/1691/1691
f 855/1689/1689 1009/1691/1691 1007/1692/1692
f 857/1693/1693 859/1694/1694 1011/1695/1695
f 857/1693/1693 1011/1695/1695 1009/1696/1696
f 859/1697/1697 861/1698/1698 1013/1699/1699
f 859/1697/1697 1013/1699/1699 1011/1700/1700
f 861/1701/1701 863/1702/1702 1015/1703/1703
f 861/1701/1701 1015/1703/1703 1013/1704/1704
f 863/1705/1705 865/1706/1706 1017/1707/1707
f 863/1705/1705 1017/1707/1707 1015/1708/1708
f 865/1709/1709 867/1710/1710 1019/1711/1711
f 865/1709/1709 1019/1711/1711 1017/1712/1712
f 867/1713/1713 869/1714/1714 1021/1715/1715
f 867/1713/1713 1021/1715/1715 1019/1716/1716
f 869/1717/1717 871/1718/1718 1023/1719/1719
f 869/1717/1717 1023/1719/1719 1021/1720/1720
f 871/1721/1721 873/1722/1722 1025/1723/1723
f 871/1721/1721 1025/1723/1723 1023/1724/1724
f 873/1725/1725 875/1726/1726 1027/1727/1727
f 873/1725/1725 1027/1727/1727 1025/1728/1728
f 875/1729/1729 877/1730/1730 1029/1731/1731
f 875/1729/1729 1029/1731/1731 1027/1732/1732
f 877/1733/1733 879/1734/1734 1031/1735/1735
f 877/1733/1733 1031/1735/1735 1029/1736/1736
f 879/1737/1737 881/1738/1738 1033/1739/1739
f 879/1737/1737 1033/1739/1739 1031/1740/1740
f 881/1741/1741 883/1742/1742 1035/1743/1743
f 881/1741/1741 1035/1743/1743 1033/1744/1744
f 883/1745/1745 885/1746/1746 1037/1747/1747
f 883/1745/1745 1037/1747/1747 1035/1748/1748
f 885/1749/1749 887/1750/1750 1039/1751/1751
f 885/1749/1749 1039/1751/1751 1037/1752/1752
f 887/1753/1753 889/1754/1754 1041/1755/1755
f 887/1753/1753 1041/1755/1755 1039/1756/1756
f 889/1757/1757 891/1758/1758 1043/1759/1759
f 889/1757/1757 1043/1759/1759 1041/1760/1760
f 891/1761/1761 893/1762/1762 1045/1763/1763
f 891/1761/1761 1045/1763/1763 1043/1764/1764
f 893/1765/1765 895/1766/1766 1047/1767/1767
f 893/1765/1765 1047/1767/1767 1045/1768/1768
f 895/1769/1769 897/1770/1770 1049/1771/1771
f 895/1769/1769 1049/1771/1771 1047/1772/1772
f 897/1773/1773 899/1774/1774 1051/1775/1775
f 897/1773/1773 1051/1775/1775 1049/1776/1776
f 899/1777/1777 901/1778/1778 1053/1779/1779
f 899/1777/1777 1053/1779/1779 1051/1780/1780
f 901/1781/1781 903/1782/1782 1055/1783/1783
f 901/1781/1781 1055/1783/1783 1053/1784/1784
f 903/1785/1785 905/1786/1786 1057/1787/1787
f 903/1785/1785 1057/1787/1787 1055/1788/1788
f 905/1789/1789 907/1790/1790 1059/1791/1791
f 905/1789/1789 1059/1791/1791 1057/1792/1792
f 907/1793/1793 909/1794/1794 1061/1795/1795
f 907/1793/1793 1061/1795/1795 1059/1796/1796
f 909/1797/1797 911/1798/1798 1063/1799/1799
f 909/1797/1797 1063/1799/1799 1061/1800/1800
f 913/1801/1801 915/1802/1802 1067/1803/1803
f 913/1801/1801 1067/1803/1803 1065/1804/1804
f 915/1805/1805 917/1806/1806 1069/1807/1807
f 915/1805/1805 1069/1807/1807 1067/1808/1808
f 917/1809/1809 919/1810/1810 1071/1811/1811
f 917/1809/1809 1071/1811/1811 1069/1812/1812
f 919/1813/1813 921/1814/1814 1073/1815/1815
f 919/1813/1813 1073/1815/1815 1071/1816/1816
f 921/1817/1817 923/1818/1818 1075/1819/1819
f 921/1817/1817 1075/1819/1819 1073/1820/1820
f 923/1821/1821 925/1822/1822 1077/1823/1823
f 923/1821/1821 1077/1823/1823 1075/1824/1824
f 925/1825/1825 927/1826/1826 1079/1827/1827
f 925/1825/1825 1079/1827/1827 1077/1828/1828
f 927/1829/1829 929/1830/1830 1081/1831/1831
f 927/1829/1829 1081/1831/1831 1079/1832/1832
f 929/1833/1833 931/1834/1834 1083/1835/1835
f 929/1833/1833 1083/1835/1835 1081/1836/1836
f 931/1837/1837 933/1838/1838 1085/1839/1839
f 931/1837/1837 1085/1839/1839 1083/1840/1840
f 933/1841/1841 935/1842/1842 1087/1843/1843
f 933/1841/1841 1087/1843/1843 1085/1844/1844
f 935/1845/1845 937/1846/1846 1089/1847/1847
f 935/1845/1845 1089/1847/1847 1087/1848/1848
f 937/1849/1849 939/1850/1850 1091/1851/1851
f 937/1849/1849 1091/1851/1851 1089/1852/1852
f 939/1853/1853 941/1854/1854 1093/1855/1855
f 939/1853/1853 1093/1855/1855 1091/1856/1856
f 941/1857/1857 943/1858/1858 1095/1859/1859
f 941/1857/1857 1095/1859/1859 1093/1860/1860
f 943/1861/1861 945/1862/1862 1097/1863/1863
f 943/1861/1861 1097/1863/1863 1095/1864/1864
f 945/1865/1865 947/1866/1866 1099/1867/1867
f 945/1865/1865 1099/1867/1867 1097/1868/1868
f 947/1869/1869 949/1870/1870 1101/1871/1871
f 947/1869/1869 1101/1871/1871 1099/1872/1872
f 949/1873/1873 951/1874/1874 1103/1875/1875
f 949/1873/1873 1103/1875/1875 1101/1876/1876
f 951/1877/1877 953/1878/1878 1105/1879/1879
f 951/1877/1877 1105/1879/1879 1103/1880/1880
f 953/1881/1881 955/1882/1882 1107/1883/1883
f 953/1881/1881 1107/1883/1883 1105/1884/1884
f 955/1885/1885 957/1886/1886 1109/1887/1887
f 955/1885/1885 1109/1887/1887 1107/1888/1888
f 957/1889/1889 959/1890/1890 1111/1891/1891
f 957/1889/1889 1111/1891/1891 1109/1892/1892
f 959/1893/1893 961/1894/1894 1113/1895/1895
f 959/1893/1893 1113/1895/1895 1111/1896/1896
f 961/1897/1897 963/1898/1898 1115/1899/1899
f 961/1897/1897 1115/1899/1899 1113/1900/1900
f 963/1901/1901 965/1902/1902 1117/1903/1903
f 963/1901/1901 1117/1903/1903 1115/1904/1904
f 965/1905/1905 967/1906/1906 1119/1907/1907
f 965/1905/1905 1119/1907/1907 1117/1908/1908
f 967/1909/1909 969/1910/1910 1121/1911/1911
f 967/1909/1909 1121/1911/1911 1119/1912/1912
f 969/1913/1913 971/1914/1914 1123/1915/1915
f 969/1913/1913 1123/1915/1915 1121/1916/1916
f 971/1917/1917 973/1918/1918 1125/1919/1919
f 971/1917/1917 1125/1919/1919 1123/1920/1920
f 973/1921/1921 975/1922/1922 1127/1923/1923
f 973/1921/1921 1127/1923/1923 1125/1924/1924
f 975/1925/1925 977/1926/1926 1129/1927/1927
f 975/1925/1925 1129/1927/1927 1127/1928/1928
f 977/1929/1929 979/1930/1930 1131/1931/1931
f 977/1929/1929 1131/1931/1931 1129/1932/1932
f 979/1933/1933 981/1934/1934 1133/1935/1935
f 979/1933/1933 1133/1935/1935 1131/1936/1936
f 981/1937/1937 983/1938/1938 1135/1939/1939
f 981/1937/1937 1135/1939/1939 1133/1940/1940
f 983/1941/1941 985/1942/1942 1137/1943/1943
f 983/1941/1941 1137/1943/1943 1135/1944/1944
f 985/1945/1945 987/1946/1946 1139/1947/1947
f 985/1945/1945 1139/1947/1947 1137/1948/1948
f 987/1949/1949 989/1950/1950 1141/1951/1951
f 987/1949/1949 1141/1951/1951 1139/1952/1952
f 989/1953/1953 991/1954/1954 1143/1955/1955
f 989/1953/1953 1143/1955/1955 1141/1956/1956
f 991/1957/1957 993/1958/1958 1145/1959/1959
f 991/1957/1957 1145/1959/1959 1143/1960/1960
f 993/1961/1961 995/1962/1962 1147/1963/1963
f 993/1961/1961 1147/1963/1963 1145/1964/1964
f 995/1965/1965 997/1966/1966 1149/1967/1967
f 995/1965/1965 1149/1967/1967 1147/1968/1968
f 997/1969/1969 999/1970/1970 1151/1971/1971
f 997/1969/1969 1151/1971/1971 1149/1972/1972
f 999/1973/1973 1001/1974/1974 1153/1975/1975
f 999/1973/1973 1153/1975/1975 1151/1976/1976
f 1001/1977/1977 1003/1978/1978 1155/1979/1979
f 1001/1977/1977 1155/1979/1979 1153/1980/1980
f 1003/1981/1981 1005/1982/1982 1157/1983/1983
f 1003/1981/1981 1157/1983/1983 1155/1984/1984
f 1005/1985/1985 1007/1986/1986 1159/1987/1987
f 1005/1985/1985 1159/1987/1987 1157/1988/1988
f 1007/1989/1989 1009/1990/1990 1161/1991/1991
f 1007/1989/1989 1161/1991/1991 1159/1992/1992
f 1009/1993/1993 1011/1994/1994 1163/1995/1995
f 1009/1993/1993 1163/1995/1995 1161/1996/1996
f 1011/1997/1997 1013/1998/1998 1165/1999/1999
f 1011/1997/1997 1165/1999/1999 1163/2000/2000
f 1013/2001/2001 1015/2002/2002 1167/2003/2003
f 1013/2001/2001 1167/2003/2003 1165/2004/2004
f 1015/2005/2005 1017/2006/2006 1169/2007/2007
f 1015/2005/2005 1169/2007/2007 1167/2008/2008
f 1017/2009/2009 1019/2010/2010 1171/2011/2011
f 1017/2009/2009 1171/2011/2011 1169/2012/2012
f 1019/2013/2013 1021/2014/2014 1173/2015/2015
f 1019/2013/2013 1173/2015/2015 1171/2016/2016
f 1021/2017/2017 1023/2018/2018 1175/2019/2019
f 1021/2017/2017 1175/2019/2019 1173/2020/2020
f 1023/2021/2021 1025/2022/2022 1177/2023/2023
f 1023/2021/2021 1177/2023/2023 1175/2024/2024
f 1025/2025/2025 1027/2026/2026 1179/2027/2027
f 1025/2025/2025 1179/2027/2027 1177/2028/2028
f 1027/2029/2029 1029/2030/2030 1181/2031/2031
f 1027/2029/2029 1181/2031/2031 1179/2032/2032
f 1029/2033/2033 1031/2034/2034 1183/2035/2035
f 1029/2033/2033 1183/2035/2035 1181/2036/2036
f 1031/2037/2037 1033/2038/2038 1185/2039/2039
f 1031/2037/2037 1185/2039/2039 1183/2040/2040
f 1033/2041/2041 1035/2042/2042 1187/2043/2043
f 1033/2041/2041 1187/2043/2043 1185/2044/2044
f 1035/2045/2045 1037/2046/2046 1189/2047/2047
f 1035/2045/2045 1189/2047/2047 1187/2048/2048
f 1037/2049/2049 1039/2050/2050 1191/2051/2051
f 1037/2049/2049 1191/2051/2051 1189/2052/2052
f 1039/2053/2053 1041/2054/2054 1193/2055/2055
f 1039/2053/2053 1193/2055/2055 1191/2056/2056
f 1041/2057/2057 1043/2058/2058 1195/2059/2059
f 1041/2057/2057 1195/2059/2059 1193/2060/2060
f 1043/2061/2061 1045/2062/2062 1197/2063/2063
f 1043/2061/2061 1197/2063/2063 1195/2064/2064
f 1045/2065/2065 1047/2066/2066 1199/2067/2067
f 1045/2065/2065 1199/2067/2067 1197/2068/2068
f 1047/2069/2069 1049/2070/2070 1201/2071/2071
f 1047/2069/2069 1201/2071/2071 1199/2072/2072
f 1049/2073/2073 1051/2074/2074 1203/2075/2075
f 1049/2073/2073 1203/2075/2075 1201/2076/2076
f 1051/2077/2077 1053/2078/2078 1205/2079/2079
f 1051/2077/2077 1205/2079/2079 1203/2080/2080
f 1053/2081/2081 1055/2082/2082 1207/2083/2083
f 1053/2081/2081 1207/2083/2083 1205/2084/2084
f 1055/2085/2085 1057/2086/2086 1209/2087/2087
f 1055/2085/2085 1209/2087/2087 1207/2088/2088
f 1057/2089/2089 1059/2090/2090 1211/2091/2091
f 1057/2089/2089 1211/2091/2091 1209/2092/2092
f 1059/2093/2093 1061/2094/2094 1213/2095/2095
f 1059/2093/2093 1213/2095/2095 1211/2096/2096
f 1061/2097/2097 1063/2098/2098 1215/2099/2099
f 1061/2097/2097 1215/2099/2099 1213/2100/2100
f 1065/2101/2101 1067/2102/2102 1219/2103/2103
f 1065/2101/2101 1219/2103/2103 1217/2104/2104
f 1067/2105/2105 1069/2106/2106 1221/2107/2107
f 1067/2105/2105 1221/2107/2107 1219/2108/2108
f 1069/2109/2109 1071/2110/2110 1223/2111/2111
f 1069/2109/2109 1223/2111/2111 1221/2112/2112
f 1071/2113/2113 1073/2114/2114 1225/2115/2115
f 1071/2113/2113 1225/2115/2115 1223/2116/2116
f 1073/2117/2117 1075/2118/2118 1227/2119/2119
f 1073/2117/2117 1227/2119/2119 1225/2120/2120
f 1075/2121/2121 1077/2122/2122 1229/2123/2123
f 1075/2121/2121 1229/2123/2123 1227/2124/2124
f 1077/2125/2125 1079/2126/2126 1231/2127/2127
f 1077/2125/2125 1231/2127/2127 1229/2128/2128
f 1079/2129/2129 1081/2130/2130 1233/2131/2131
f 1079/2129/2129 1233/2131/2131 1231/2132/2132
f 1081/2133/2133 1083/2134/2134 1235/2135/2135
f 1081/2133/2133 1235/2135/2135 1233/2136/2136
f 1083/2137/2137 1085/2138/2138 1237/2139/2139
f 1083/2137/2137 1237/2139/2139 1235/2140/2140
f 1085/2141/2141 1087/2142/2142 1239/2143/2143
f 1085/2141/2141 1239/2143/2143 1237/2144/2144
f 1087/2145/2145 1089/2146/2146 1241/2147/2147
f 1087/2145/2145 1241/2147/2147 1239/2148/2148
f 1089/2149/2149 1091/2150/2150 1243/2151/2151
f 1089/2149/2149 1243/2151/2151 1241/2152/2152
f 1091/2153/2153 1093/2154/2154 1245/2155/2155
f 1091/2153/2153 1245/2155/2155 1243/2156/2156
f 1093/2157/2157 1095/2158/2158 1247/2159/2159
f 1093/2157/2157 1247/2159/2159 1245/2160/2160
f 1095/2161/2161 1097/2162/2162 1249/2163/2163
f 1095/2161/2161 1249/2163/2163 1247/2164/2164
f 1097/2165/2165 1099/2166/2166 1251/2167/2167
f 1097/2165/2165 1251/2167/2167 1249/2168/2168
f 1099/2169/2169 1101/2170/2170 1253/2171/2171
f 1099/2169/2169 1253/2171/2171 1251/2172/2172
f 1101/2173/2173 1103/2174/2174 1255/2175/2175
f 1101/2173/2173 1255/2175/2175 1253/2176/2176
f 1103/2177/2177 1105/2178/2178 1257/2179/2179
f 1103/2177/2177 1257/2179/2179 1255/2180/2180
f 1105/2181/2181 1107/2182/2182 1259/2183/2183
f 1105/2181/2181 1259/2183/2183 1257/2184/2184
f 1107/2185/2185 1109/2186/2186 1261/2187/2187
f 1107/2185/2185 1261/2187/2187 1259/2188/2188
f 1109/2189/2189 1111/2190/2190 1263/2191/2191
f 1109/2189/2189 1263/2191/2191 1261/2192/2192
f 1111/2193/2193 1113/2194/2194 1265/2195/2195
f 1111/2193/2193 1265/2195/2195 1263/2196/2196
f 1113/2197/2197 1115/2198/2198 1267/2199/2199
f 1113/2197/2197 1267/2199/2199 1265/2200/2200
f 1115/2201/2201 1117/2202/2202 1269/2203/2203
f 1115/2201/2201 1269/2203/2203 1267/2204/2204
f 1117/2205/2205 1119/2206/2206 1271/2207/2207
f 1117/2205/2205 1271/2207/2207 1269/2208/2208
f 1119/2209/2209 1121/2210/2210 1273/2211/2211
f 1119/2209/2209 1273/2211/2211 1271/2212/2212
f 1121/2213/2213 1123/2214/2214 1275/2215/2215
f 1121/2213/2213 1275/2215/2215 1273/2216/2216
f 1123/2217/2217 1125/2218/2218 1277/2219/2219
f 1123/2217/2217 1277/2219/2219 1275/2220/2220
f 1125/2221/2221 1127/2222/2222 1279/2223/2223
f 1125/2221/2221 1279/2223/2223 1277/2224/2224
f 1127/2225/2225 1129/2226/2226 1281/2227/2227
f 1127/2225/2225 1281/2227/2227 1279/2228/2228
f 1129/2229/2229 1131/2230/2230 1283/2231/2231
f 1129/2229/2229 1283/2231/2231 1281/2232/2232
f 1131/2233/2233 1133/2234/2234 1285/2235/2235
f 1131/2233/2233 1285/2235/2235 1283/2236/2236
f 1133/2237/2237 1135/2238/2238 1287/2239/2239
f 1133/2237/2237 1287/2239/2239 1285/2240/2240
f 1135/2241/2241 1137/2242/2242 1289/2243/2243
f 1135/2241/2241 1289/2243/2243 1287/2244/2244
f 1137/2245/2245 1139/2246/2246 1291/2247/2247
f 1137/2245/2245 1291/2247/2247 1289/2248/2248
f 1139/2249/2249 1141/2250/2250 1293/2251/2251
f 1139/2249/2249 1293/2251/2251 1291/2252/2252
f 1141/2253/2253 1143/2254/2254 1295/2255/2255
f 1141/2253/2253 1295/2255/2255 1293/2256/2256
f 1143/2257/2257 1145/2258/2258 1297/2259/2259
f 1143/2257/2257 1297/2259/2259 1295/2260/2260
f 1145/2261/2261 1147/2262/2262 1299/2263/2263
f 1145/2261/2261 1299/2263/2263 1297/2264/2264
f 1147/2265/2265 1149/2266/2266 1301/2267/2267
f 1147/2265/2265 1301/2267/2267 1299/2268/2268
f 1149/2269/2269 1151/2270/2270 1303/2271/2271
f 1149/2269/2269 1303/2271/2271 1301/2272/2272
f 1151/2273/2273 1153/2274/2274 1305/2275/2275
f 1151/2273/2273 1305/2275/2275 1303/2276/2276
f 1153/2277/2277 1155/2278/2278 1307/2279/2279
f 1153/2277/2277 1307/2279/2279 1305/2280/2280
f 1155/2281/2281 1157/2282/2282 1309/2283/2283
f 1155/2281/2281 1309/2283/2283 1307/2284/2284
f 1157/2285/2285 1159/2286/2286 1311/2287/2287
f 1157/2285/2285 1311/2287/2287 1309/2288/2288
f 1159/2289/2289 1161/2290/2290 1313/2291/2291
f 1159/2289/2289 1313/2291/2291 1311/2292/2292
f 1161/2293/2293 1163/2294/2294 1315/2295/2295
f 1161/2293/2293 1315/2295/2295 1313/2296/2296
f 1163/2297/2297 1165/2298/2298 1317/2299/2299
f 1163/2297/2297 1317/2299/2299 1315/2300/2300
f 1165/2301/2301 1167/2302/2302 1319/2303/2303
f 1165/2301/2301 1319/2303/2303 1317/2304/2304
f 1167/2305/2305 1169/2306/2306 1321/2307/2307
f 1167/2305/2305 1321/2307/2307 1319/2308/2308
f 1169/2309/2309 1171/2310/2310 1323/2311/2311
f 1169/2309/2309 1323/2311/2311 1321/2312/2312
f 1171/2313/2313 1173/2314/2314 1325/2315/2315
f 1171/2313/2313 1325/2315/2315 1323/2316/2316
f 1173/2317/2317 1175/2318/2318 1327/2319/2319
f 1173/2317/2317 1327/2319/2319 1325/2320/2320
f 1175/2321/2321 1177/2322/2322 1329/2323/2323
f 1175/2321/2321 1329/2323/2323 1327/2324/2324
f 1177/2325/2325 1179/2326/2326 1331/2327/2327
f 1177/2325/2325 1331/2327/2327 1329/2328/2328
f 1179/2329/2329 1181/2330/2330 1333/2331/2331
f 1179/2329/2329 1333/2331/2331 1331/2332/2332
f 1181/2333/2333 1183/2334/2334 1335/2335/2335
f 1181/2333/2333 1335/2335/2335 1333/2336/2336
f 1183/2337/2337 1185/2338/2338 1337/2339/2339
f 1183/2337/2337 1337/2339/2339 1335/2340/2340
f 1185/2341/2341 1187/2342/2342 1339/2343/2343
f 1185/2341/2341 1339/2343/2343 1337/2344/2344
f 1187/2345/2345 1189/2346/2346 1341/2347/2347
f 1187/2345/2345 1341/2347/2347 1339/2348/2348
f 1189/2349/2349 1191/2350/2350 1343/2351/2351
f 1189/2349/2349 1343/2351/2351 1341/2352/2352
f 1191/2353/2353 1193/2354/2354 1345/2355/2355
f 1191/2353/2353 1345/2355/2355 1343/2356/2356
f 1193/2357/2357 1195/2358/2358 1347/2359/2359
f 1193/2357/2357 1347/2359/2359 1345/2360/2360
f 1195/2361/2361 1197/2362/2362 1349/2363/2363
f 1195/2361/2361 1349/2363/2363 1347/2364/2364
f 1197/2365/2365 1199/2366/2366 1351/2367/2367
f 1197/2365/2365 1351/2367/2367 1349/2368/2368
f 1199/2369/2369 1201/2370/2370 1353/2371/2371
f 1199/2369/2369 1353/2371/2371 1351/2372/2372
f 1201/2373/2373 1203/2374/2374 1355/2375/2375
f 1201/2373/2373 1355/2375/2375 1353/2376/2376
f 1203/2377/2377 1205/2378/2378 1357/2379/2379
f 1203/2377/2377 1357/2379/2379 1355/2380/2380
f 1205/2381/2381 1207/2382/2382 1359/2383/2383
f 1205/2381/2381 1359/2383/2383 1357/2384/2384
f 1207/2385/2385 1209/2386/2386 1361/2387/2387
f 1207/2385/2385 1361/2387/2387 1359/2388/2388
f 1209/2389/2389 1211/2390/2390 1363/2391/2391
f 1209/2389/2389 1363/2391/2391 1361/2392/2392
f 1211/2393/2393 1213/2394/2394 1365/2395/2395
f 1211/2393/2393 1365/2395/2395 1363/2396/2396
f 1213/2397/2397 1215/2398/2398 1367/2399/2399
f 1213/2397/2397 1367/2399/2399 1365/2400/2400
f 1217/2401/2401 1219/2402/2402 1371/2403/2403
f 1217/2401/2401 1371/2403/2403 1369/2404/2404
f 1219/2405/2405 1221/2406/2406 1373/2407/2407
f 1219/2405/2405 1373/2407/2407 1371/2408/2408
f 1221/2409/2409 1223/2410/2410 1375/2411/2411
f 1221/2409/2409 1375/2411/2411 1373/2412/2412
f 1223/2413/2413 1225/2414/2414 1377/2415/2415
f 1223/2413/2413 1377/2415/2415 1375/2416/2416
f 1225/2417/2417 1227/2418/2418 1379/2419/2419
f 1225/2417/2417 1379/2419/2419 1377/2420/2420
f 1227/2421/2421 1229/2422/2422 1381/2423/2423
f 1227/2421/2421 1381/2423/2423 1379/2424/2424
f 1229/2425/2425 1231/2426/2426 1383/2427/2427
f 1229/2425/2425 1383/2427/2427 1381/2428/2428
f 1231/2429/2429 1233/2430/2430 1385/2431/2431
f 1231/2429/2429 1385/2431/2431 1383/2432/2432
f 1233/2433/2433 1235/2434/2434 1387/2435/2435
f 1233/2433/2433 1387/2435/2435 1385/2436/2436
f 1235/2437/2437 1237/2438/2438 1389/2439/2439
f 1235/2437/2437 1389/2439/2439 1387/2440/2440
f 1237/2441/2441 1239/2442/2442 1391/2443/2443
f 1237/2441/2441 1391/2443/2443 1389/2444/2444
f 1239/2445/2445 1241/2446/2446 1393/2447/2447
f 1239/2445/2445 1393/2447/2447 1391/2448/2448
f 1241/2449/2449 1243/2450/2450 1395/2451/2451
f 1241/2449/2449 1395/2451/2451 1393/2452/2452
f 1243/2453/2453 1245/2454/2454 1397/2455/2455
f 1243/2453/2453 1397/2455/2455 1395/2456/2456
f 1245/2457/2457 1247/2458/2458 1399/2459/2459
f 1245/2457/2457 1399/2459/2459 1397/2460/2460
f 1247/2461/2461 1249/2462/2462 1401/2463/2463
f 1247/2461/2461 1401/2463/2463 1399/2464/2464
f 1249/2465/2465 1251/2466/2466 1403/2467/2467
f 1249/2465/2465 1403/2467/2467 1401/2468/2468
f 1251/2469/2469 1253/2470/2470 1405/2471/2471
f 1251/2469/2469 1405/2471/2471 1403/2472/2472
f 1253/2473/2473 1255/2474/2474 1407/2475/2475
f 1253/2473/2473 1407/2475/2475 1405/2476/2476
f 1255/2477/2477 1257/2478/2478 1409/2479/2479
f 1255/2477/2477 1409/2479/2479 1407/2480/2480
f 1257/2481/2481 1259/2482/2482 1411/2483/2483
f 1257/2481/2481 1411/2483/2483 1409/2484/2484
f 1259/2485/2485 1261/2486/2486 1413/2487/2487
f 1259/2485/2485 1413/2487/2487 1411/2488/2488
f 1261/2489/2489 1263/2490/2490 1415/2491/2491
f 1261/2489/2489 1415/2491/2491 1413/2492/2492
f 1263/2493/2493 1265/2494/2494 1417/2495/2495
f 1263/2493/2493 1417/2495/2495 1415/2496/2496
f 1265/2497/2497 1267/2498/2498 1419/2499/2499
f 1265/2497/2497 1419/2499/2499 1417/2500/2500
f 1267/2501/2501 1269/2502/2502 1421/2503/2503
f 1267/2501/2501 1421/2503/2503 1419/2504/2504
f 1269/2505/2505 1271/2506/2506 1423/2507/2507
f 1269/2505/2505 1423/2507/2507 1421/2508/2508
f 1271/2509/2509 1273/2510/2510 1425/2511/2511
f 1271/2509/2509 1425/2511/2511 1423/2512/2512
f 1273/2513/2513 1275/2514/2514 1427/2515/2515
f 1273/2513/2513 1427/2515/2515 1425/2516/2516
f 1275/2517/2517 1277/2518/2518 1429/2519/2519
f 1275/2517/2517 1429/2519/2519 1427/2520/2520
f 1277/2521/2521 1279/2522/2522 1431/2523/2523
f 1277/2521/2521 1431/2523/2523 1429/2524/2524
f 1279/2525/2525 1281/2526/2526 1433/2527/2527
f 1279/2525/2525 1433/2527/2527 1431/2528/2528
f 1281/2529/2529 1283/2530/2530 1435/2531/2531
f 1281/2529/2529 1435/2531/2531 1433/2532/2532
f 1283/2533/2533 1285/2534/2534 1437/2535/2535
f 1283/2533/2533 1437/2535/2535 1435/2536/2536
f 1285/2537/2537 1287/2538/2538 1439/2539/2539
f 1285/2537/2537 1439/2539/2539 1437/2540/2540
f 1287/2541/2541 1289/2542/2542 1441/2543/2543
f 1287/2541/2541 1441/2543/2543 1439/2544/2544
f 1289/2545/2545 1291/2546/2546 1443/2547/2547
f 1289/2545/2545 1443/2547/2547 1441/2548/2548
f 1291/2549/2549 1293/2550/2550 1445/2551/2551
f 1291/2549/2549 1445/2551/2551 1443/2552/2552
f 1293/2553/2553 1295/2554/2554 1447/2555/2555
f 1293/2553/2553 1447/2555/2555 1445/2556/2556
f 1295/2557/2557 1297/2558/2558 1449/2559/2559
f 1295/2557/2557 1449/2559/2559 1447/2560/2560
f 1297/2561/2561 1299/2562/2562 1451/2563/2563
f 1297/2561/2561 1451/2563/2563 1449/2564/2564
f 1299/2565/2565 1301/2566/2566 1453/2567/2567
f 1299/2565/2565 1453/2567/2567 1451/2568/2568
f 1301/2569/2569 1303/2570/2570 1455/2571/2571
f 1301/2569/2569 1455/2571/2571 1453/2572/2572
f 1303/2573/2573 1305/2574/2574 1457/2575/2575
f 1303/2573/2573 1457/2575/2575 1455/2576/2576
f 1305/2577/2577 1307/2578/2578 1459/2579/2579
f 1305/2577/2577 1459/2579/2579 1457/2580/2580
f 1307/2581/2581 1309/2582/2582 1461/2583/2583
f 1307/2581/2581 1461/2583/2583 1459/2584/2584
f 1309/2585/2585 1311/2586/2586 1463/2587/2587
f 1309/2585/2585 1463/2587/2587 1461/2588/2588
f 1311/2589/2589 1313/2590/2590 1465/2591/2591
f 1311/2589/2589 1465/2591/2591 1463/2592/2592
f 1313/2593/2593 1315/2594/2594 1467/2595/2595
f 1313/2593/2593 1467/2595/2595 1465/2596/2596
f 1315/2597/2597 1317/2598/2598 1469/2599/2599
f 1315/2597/2597 1469/2599/2599 1467/2600/2600
f 1317/2601/2601 1319/2602/2602 1471/2603/2603
f 1317/2601/2601 1471/2603/2603 1469/2604/2604
f 1319/2605/2605 1321/2606/2606 1473/2607/2607
f 1319/2605/2605 1473/2607/2607 1471/2608/2608
f 1321/2609/2609 1323/2610/2610 1475/2611/2611
f 1321/2609/2609 1475/2611/2611 1473/2612/2612
f 1323/2613/2613 1325/2614/2614 1477/2615/2615
f 1323/2613/2613 1477/2615/2615 1475/2616/2616
f 1325/2617/2617 1327/2618/2618 1479/2619/2619
f 1325/2617/2617 1479/2619/2619 1477/2620/2620
f 1327/2621/2621 1329/2622/2622 1481/2623/2623
f 1327/2621/2621 1481/2623/2623 1479/2624/2624
f 1329/2625/2625 1331/2626/2626 1483/2627/2627
f 1329/2625/2625 1483/2627/2627 1481/2628/2628
f 1331/2629/2629 1333/2630/2630 1485/2631/2631
f 1331/2629/2629 1485/2631/2631 1483/2632/2632
f 1333/2633/2633 1335/2634/2634 1487/2635/2635
f 1333/2633/2633 1487/2635/2635 1485/2636/2636
f 1335/2637/2637 1337/2638/2638 1489/2639/2639
f 1335/2637/2637 1489/2639/2639 1487/2640/2640
f 1337/2641/2641 1339/2642/2642 1491/2643/2643
f 1337/2641/2641 1491/2643/2643 1489/2644/2644
f 1339/2645/2645 1341/2646/2646 1493/2647/2647
f 1339/2645/2645 1493/2647/2647 1491/2648/2648
f 1341/2649/2649 1343/2650/2650 1495/2651/2651
f 1341/2649/2649 1495/2651/2651 1493/2652/2652
f 1343/2653/2653 1345/2654/2654 1497/2655/2655
f 1343/2653/2653 1497/2655/2655 1495/2656/2656
f 1345/2657/2657 1347/2658/2658 1499/2659/2659
f 1345/2657/2657 1499/2659/2659 1497/2660/2660
f 1347/2661/2661 1349/2662/2662 1501/2663/2663
f 1347/2661/2661 1501/2663/2663 1499/2664/2664
f 1349/2665/2665 1351/2666/2666 1503/2667/2667
f 1349/2665/2665 1503/2667/2667 1501/2668/2668
f 1351/2669/2669 1353/2670/2670 1505/2671/2671
f 1351/2669/2669 1505/2671/2671 1503/2672/2672
f 1353/2673/2673 1355/2674/2674 1507/2675/2675
f 1353/2673/2673 1507/2675/2675 1505/2676/2676
f 1355/2677/2677 1357/2678/2678 1509/2679/2679
f 1355/2677/2677 1509/2679/2679 1507/2680/2680
f 1357/2681/2681 1359/2682/2682 1511/2683/2683
f 1357/2681/2681 1511/2683/2683 1509/2684/2684
f 1359/2685/2685 1361/2686/2686 1513/2687/2687
f 1359/2685/2685 1513/2687/2687 1511/2688/2688
f 1361/2689/2689 1363/2690/2690 1515/2691/2691
f 1361/2689/2689 1515/2691/2691 1513/2692/2692
f 1363/2693/2693 1365/2694/2694 1517/2695/2695
f 1363/2693/2693 1517/2695/2695 1515/2696/2696
f 1365/2697/2697 1367/2698/2698 1519/2699/2699
f 1365/2697/2697 1519/2699/2699 1517/2700/2700
f 1369/2701/2701 1371/2702/2702 1523/2703/2703
f 1369/2701/2701 1523/2703/2703 1521/2704/2704
f 1371/2705/2705 1373/2706/2706 1525/2707/2707
f 1371/2705/2705 1525/2707/2707 1523/2708/2708
f 1373/2709/2709 1375/2710/2710 1527/2711/2711
f 1373/2709/2709 1527/2711/2711 1525/2712/2712
f 1375/2713/2713 1377/2714/2714 1529/2715/2715
f 1375/2713/2713 1529/2715/2715 1527/2716/2716
f 1377/2717/2717 1379/2718/2718 1531/2719/2719
f 1377/2717/2717 1531/2719/2719 1529/2720/2720
f 1379/2721/2721 1381/2722/2722 1533/2723/2723
f 1379/2721/2721 1533/2723/2723 1531/2724/2724
f 1381/2725/2725 1383/2726/2726 1535/2727/2727
f 1381/2725/2725 1535/2727/2727 1533/2728/2728
f 1383/2729/2729 1385/2730/2730 1537/2731/2731
f 1383/2729/2729 1537/2731/2731 1535/2732/2732
f 1385/2733/2733 1387/2734/2734 1539/2735/2735
f 1385/2733/2733 1539/2735/2735 1537/2736/2736
f 1387/2737/2737 1389/2738/2738 1541/2739/2739
f 1387/2737/2737 1541/2739/2739 1539/2740/2740
f 1389/2741/2741 1391/2742/2742 1543/2743/2743
f 1389/2741/2741 1543/2743/2743 1541/2744/2744
f 1391/2745/2745 1393/2746/2746 1545/2747/2747
f 1391/2745/2745 1545/2747/2747 1543/2748/2748
f 1393/2749/2749 1395/2750/2750 1547/2751/2751
f 1393/2749/2749 1547/2751/2751 1545/2752/2752
f 1395/2753/2753 1397/2754/2754 1549/2755/2755
f 1395/2753/2753 1549/2755/2755 1547/2756/2756
f 1397/2757/2757 1399/2758/2758 1551/2759/2759
f 1397/2757/2757 1551/2759/2759 1549/2760/2760
f 1399/2761/2761 1401/2762/2762 1553/2763/2763
f 1399/2761/2761 1553/2763/2763 1551/2764/2764
f 1401/2765/2765 1403/2766/2766 1555/2767/2767
f 1401/2765/2765 1555/2767/2767 1553/2768/2768
f 1403/2769/2769 1405/2770/2770 1557/2771/2771
f 1403/2769/2769 1557/2771/2771 1555/2772/2772
f 1405/2773/2773 1407/2774/2774 1559/2775/2775
f 1405/2773/2773 1559/2775/2775 1557/2776/2776
f 1407/2777/2777 1409/2778/2778 1561/2779/2779
f 1407/2777/2777 1561/2779/2779 1559/2780/2780
f 1409/2781/2781 1411/2782/2782 1563/2783/2783
f 1409/2781/2781 1563/2783/2783 1561/2784/2784
f 1411/2785/2785 1413/2786/2786 1565/2787/2787
f 1411/2785/2785 1565/2787/2787 1563/2788/2788
f 1413/2789/2789 1415/2790/2790 1567/2791/2791
f 1413/2789/2789 1567/2791/2791 1565/2792/2792
f 1415/2793/2793 1417/2794/2794 1569/2795/2795
f 1415/2793/2793 1569/2795/2795 1567/2796/2796
f 1417/2797/2797 1419/2798/2798 1571/2799/2799
f 1417/2797/2797 1571/2799/2799 1569/2800/2800
f 1419/2801/2801 1421/2802/2802 1573/2803/2803
f 1419/2801/2801 1573/2803/2803 1571/2804/2804
f 1421/2805/2805 1423/2806/2806 1575/2807/2807
f 1421/2805/2805 1575/2807/2807 1573/2808/2808
f 1423/2809/2809 1425/2810/2810 1577/2811/2811
f 1423/2809/2809 1577/2811/2811 1575/2812/2812
f 1425/2813/2813 1427/2814/2814 1579/2815/2815
f 1425/2813/2813 1579/2815/2815 1577/2816/2816
f 1427/2817/2817 1429/2818/2818 1581/2819/2819
f 1427/2817/2817 1581/2819/2819 1579/2820/2820
f 1429/2821/2821 1431/2822/2822 1583/2823/2823
f 1429/2821/2821 1583/2823/2823 1581/2824/2824
f 1431/2825/2825 1433/2826/2826 1585/2827/2827
f 1431/2825/2825 1585/2827/2827 1583/2828/2828
f 1433/2829/2829 1435/2830/2830 1587/2831/2831
f 1433/2829/2829 1587/2831/2831 1585/2832/2832
f 1435/2833/2833 1437/2834/2834 1589/2835/2835
f 1435/2833/2833 1589/2835/2835 1587/2836/2836
f 1437/2837/2837 1439/2838/2838 1591/2839/2839
f 1437/2837/2837 1591/2839/2839 1589/2840/2840
f 1439/2841/2841 1441/2842/2842 1593/2843/2843
f 1439/2841/2841 1593/2843/2843 1591/2844/2844
f 1441/2845/2845 1443/2846/2846 1595/2847/2847
f 1441/2845/2845 1595/2847/2847 1593/2848/2848
f 1443/2849/2849 1445/2850/2850 1597/2851/2851
f 1443/2849/2849 1597/2851/2851 1595/2852/2852
f 1445/2853/2853 1447/2854/2854 1599/2855/2855
f 1445/2853/2853 1599/2855/2855 1597/2856/2856
f 1447/2857/2857 1449/2858/2858 1601/2859/2859
f 1447/2857/2857 1601/2859/2859 1599/2860/2860
f 1449/2861/2861 1451/2862/2862 1603/2863/2863
f 1449/2861/2861 1603/2863/2863 1601/2864/2864
f 1451/2865/2865 1453/2866/2866 1605/2867/2867
f 1451/2865/2865 1605/2867/2867 1603/2868/2868
f 1453/2869/2869 1455/2870/2870 1607/2871/2871
f 1453/2869/2869 1607/2871/2871 1605/2872/2872
f 1455/2873/2873 1457/2874/2874 1609/2875/2875
f 1455/2873/2873 1609/2875/2875 1607/2876/2876
f 1457/2877/2877 1459/2878/2878 1611/2879/2879
f 1457/2877/2877 1611/2879/2879 1609/2880/2880
f 1459/2881/2881 1461/2882/2882 1613/2883/2883
f 1459/2881/2881 1613/2883/2883 1611/2884/2884
f 1461/2885/2885 1463/2886/2886 1615/2887/2887
f 1461/2885/2885 1615/2887/2887 1613/2888/2888
f 1463/2889/2889 1465/2890/2890 1617/2891/2891
f 1463/2889/2889 1617/2891/2891 1615/2892/2892
f 1465/2893/2893 1467/2894/2894 1619/2895/2895
f 1465/2893/2893 1619/2895/2895 1617/2896/2896
f 1467/2897/2897 1469/2898/2898 1621/2899/2899
f 1467/2897/2897 1621/2899/2899 1619/2900/2900
f 1469/2901/2901 1471/2902/2902 1623/2903/2903
f 1469/2901/2901 1623/2903/2903 1621/2904/2904
f 1471/2905/2905 1473/2906/2906 1625/2907/2907
f 1471/2905/2905 1625/2907/2907 1623/2908/2908
f 1473/2909/2909 1475/2910/2910 1627/2911/2911
f 1473/2909/2909 1627/2911/2911 1625/2912/2912
f 1475/2913/2913 1477/2914/2914 1629/2915/2915
f 1475/2913/2913 1629/2915/2915 1627/2916/2916
f 1477/2917/2917 1479/2918/2918 1631/2919/2919
f 1477/2917/2917 1631/2919/2919 1629/2920/2920
f 1479/2921/2921 1481/2922/2922 1633/2923/2923
f 1479/2921/2921 1633/2923/2923 1631/2924/2924
f 1481/2925/2925 1483/2926/2926 1635/2927/2927
f 1481/2925/2925 1635/2927/2927 1633/2928/2928
f 1483/2929/2929 1485/2930/2930 1637/2931/2931
f 1483/2929/2929 1637/2931/2931 1635/2932/2932
f 1485/2933/2933 1487/2934/2934 1639/2935/2935
f 1485/2933/2933 1639/2935/2935 1637/2936/2936
f 1487/2937/2937 1489/2938/2938 1641/2939/2939
f 1487/2937/2937 1641/2939/2939 1639/2940/2940
f 1489/2941/2941 1491/2942/2942 1643/2943/2943
f 1489/2941/2941 1643/2943/2943 1641/2944/2944
f 1491/2945/2945 1493/2946/2946 1645/2947/2947
f 1491/2945/2945 1645/2947/2947 1643/2948/2948
f 1493/2949/2949 1495/2950/2950 1647/2951/2951
f 1493/2949/2949 1647/2951/2951 1645/2952/2952
f 1495/2953/2953 1497/2954/2954 1649/2955/2955
f 1495/2953/2953 1649/2955/2955 1647/2956/2956
f 1497/2957/2957 1499/2958/2958 1651/2959/2959
f 1497/2957/2957 1651/2959/2959 1649/2960/2960
f 1499/2961/2961 1501/2962/2962 1653/2963/2963
f 1499/2961/2961 1653/2963/2963 1651/2964/2964
f 1501/2965/2965 1503/2966/2966 1655/2967/2967
f 1501/2965/2965 1655/2967/2967 1653/2968/2968
f 1503/2969/2969 1505/2970/2970 1657/2971/2971
f 1503/2969/2969 1657/2971/2971 1655/2972/2972
f 1505/2973/2973 1507/2974/2974 1659/2975/2975
f 1505/2973/2973 1659/2975/2975 1657/2976/2976
f 1507/2977/2977 1509/2978/2978 1661/2979/2979
f 1507/2977/2977 1661/2979/2979 1659/2980/2980
f 1509/2981/2981 1511/2982/2982 1663/2983/2983
f 1509/2981/2981 1663/2983/2983 1661/2984/2984
f 1511/2985/2985 1513/2986/2986 1665/2987/2987
f 1511/2985/2985 1665/2987/2987 1663/2988/2988
f 1513/2989/2989 1515/2990/2990 1667/2991/2991
f 1513/2989/2989 1667/2991/2991 1665/2992/2992
f 1515/2993/2993 1517/2994/2994 1669/2995/2995
f 1515/2993/2993 1669/2995/2995 1667/2996/2996
f 1517/2997/2997 1519/2998/2998 1671/2999/2999
f 1517/2997/2997 1671/2999/2999 1669/3000/3000
f 1521/3001/3001 1523/3002/3002 1675/3003/3003
f 1521/3001/3001 1675/3003/3003 1673/3004/3004
f 1523/3005/3005 1525/3006/3006 1677/3007/3007
f 1523/3005/3005 1677/3007/3007 1675/3008/3008
f 1525/3009/3009 1527/3010/3010 1679/3011/3011
f 1525/3009/3009 1679/3011/3011 1677/3012/3012
f 1527/3013/3013 1529/3014/3014 1681/3015/3015
f 1527/3013/3013 1681/3015/3015 1679/3016/3016
f 1529/3017/3017 1531/3018/3018 1683/3019/3019
f 1529/3017/3017 1683/3019/3019 1681/3020/3020
f 1531/3021/3021 1533/3022/3022 1685/3023/3023
f 1531/3021/3021 1685/3023/3023 1683/3024/3024
f 1533/3025/3025 1535/3026/3026 1687/3027/3027
f 1533/3025/3025 1687/3027/3027 1685/3028/3028
f 1535/3029/3029 1537/3030/3030 1689/3031/3031
f 1535/3029/3029 1689/3031/3031 1687/3032/3032
f 1537/3033/3033 1539/3034/3034 1691/3035/3035
f 1537/3033/3033 1691/3035/3035 1689/3036/3036
f 1539/3037/3037 1541/3038/3038 1693/3039/3039
f 1539/3037/3037 1693/3039/3039 1691/3040/3040
f 1541/3041/3041 1543/3042/3042 1695/3043/3043
f 1541/3041/3041 1695/3043/3043 1693/3044/3044
f 1543/3045/3045 1545/3046/3046 1697/3047/3047
f 1543/3045/3045 1697/3047/3047 1695/3048/3048
f 1545/3049/3049 1547/3050/3050 1699/3051/3051
f 1545/3049/3049 1699/3051/3051 1697/3052/3052
f 1547/3053/3053 1549/3054/3054 1701/3055/3055
f 1547/3053/3053 1701/3055/3055 1699/3056/3056
f 1549/3057/3057 1551/3058/3058 1703/3059/3059
f 1549/3057/3057 1703/3059/3059 1701/3060/3060
f 1551/3061/3061 1553/3062/3062 1705/3063/3063
f 1551/3061/3061 1705/3063/3063 1703/3064/3064
f 1553/3065/3065 1555/3066/3066 1707/3067/3067
f 1553/3065/3065 1707/3067/3067 1705/3068/3068
f 1555/3069/3069 1557/3070/3070 1709/3071/3071
f 1555/3069/3069 1709/3071/3071 1707/3072/3072
f 1557/3073/3073 1559/3074/3074 1711/3075/3075
f 1557/3073/3073 1711/3075/3075 1709/3076/3076
f 1559/3077/3077 1561/3078/3078 1713/3079/3079
f 1559/3077/3077 1713/3079/3079 1711/3080/3080
f 1561/3081/3081 1563/3082/3082 1715/3083/3083
f 1561/3081/3081 1715/3083/3083 1713/3084/3084
f 1563/3085/3085 1565/3086/3086 1717/3087/3087
f 1563/3085/3085 1717/3087/3087 1715/3088/3088
f 1565/3089/3089 1567/3090/3090 1719/3091/3091
f 1565/3089/3089 1719/3091/3091 1717/3092/3092
f 1567/3093/3093 1569/3094/3094 1721/3095/3095
f 1567/3093/3093 1721/3095/3095 1719/3096/3096
f 1569/3097/3097 1571/3098/3098 1723/3099/3099
f 1569/3097/3097 1723/3099/3099 1721/3100/3100
f 1571/3101/3101 1573/3102/3102 1725/3103/3103
f 1571/3101/3101 1725/3103/3103 1723/3104/3104
f 1573/3105/3105 1575/3106/3106 1727/3107/3107
f 1573/3105/3105 1727/3107/3107 1725/3108/3108
f 1575/3109/3109 1577/3110/3110 1729/3111/3111
f 1575/3109/3109 1729/3111/3111 1727/3112/3112
f 1577/3113/3113 1579/3114/3114 1731/3115/3115
f 1577/3113/3113 1731/3115/3115 1729/3116/3116
f 1579/3117/3117 1581/3118/3118 1733/3119/3119
f 1579/3117/3117 1733/3119/3119 1731/3120/3120
f 1581/3121/3121 1583/3122/3122 1735/3123/3123
f 1581/3121/3121 1735/3123/3123 1733/3124/3124
f 1583/3125/3125 1585/3126/3126 1737/3127/3127
f 1583/3125/3125 1737/3127/3127 1735/3128/3128
f 1585/3129/3129 1587/3130/3130 1739/3131/3131
f 1585/3129/3129 1739/3131/3131 1737/3132/3132
f 1587/3133/3133 1589/3134/3134 1741/3135/3135
f 1587/3133/3133 1741/3135/3135 1739/3136/3136
f 1589/3137/3137 1591/3138/3138 1743/3139/3139
f 1589/3137/3137 1743/3139/3139 1741/3140/3140
f 1591/3141/3141 1593/3142/3142 1745/3143/3143
f 1591/3141/3141 1745/3143/3143 1743/3144/3144
f 1593/3145/3145 1595/3146/3146 1747/3147/3147
f 1593/3145/3145 1747/3147/3147 1745/3148/3148
f 1595/3149/3149 1597/3150/3150 1749/3151/3151
f 1595/3149/3149 1749/3151/3151 1747/3152/3152
f 1597/3153/3153 1599/3154/3154 1751/3155/3155
f 1597/3153/3153 1751/3155/3155 1749/3156/3156
f 1599/3157/3157 1601/3158/3158 1753/3159/3159
f 1599/3157/3157 1753/3159/3159 1751/3160/3160
f 1601/3161/3161 1603/3162/3162 1755/3163/3163
f 1601/3161/3161 1755/3163/3163 1753/3164/3164
f 1603/3165/3165 1605/3166/3166 1757/3167/3167
f 1603/3165/3165 1757/3167/3167 1755/3168/3168
f 1605/3169/3169 1607/3170/3170 1759/3171/3171
f 1605/3169/3169 1759/3171/3171 1757/3172/3172
f 1607/3173/3173 1609/3174/3174 1761/3175/3175
f 1607/3173/3173 1761/3175/3175 1759/3176/3176
f 1609/3177/3177 1611/3178/3178 1763/3179/3179
f 1609/3177/3177 1763/3179/3179 1761/3180/3180
f 1611/3181/3181 1613/3182/3182 1765/3183/3183
f 1611/3181/3181 1765/3183/3183 1763/3184/3184
f 1613/3185/3185 1615/3186/3186 1767/3187/3187
f 1613/3185/3185 1767/3187/3187 1765/3188/3188
f 1615/3189/3189 1617/3190/3190 1769/3191/3191
f 1615/3189/3189 1769/3191/3191 1767/3192/3192
f 1617/3193/3193 1619/3194/3194 1771/3195/3195
f 1617/3193/3193 1771/3195/3195 1769/3196/3196
f 1619/3197/3197 1621/3198/3198 1773/3199/3199
f 1619/3197/3197 1773/3199/3199 1771/3200/3200
f 1621/3201/3201 1623/3202/3202 1775/3203/3203
f 1621/3201/3201 1775/3203/3203 1773/3204/3204
f 1623/3205/3205 1625/3206/3206 1777/3207/3207
f 1623/3205/3205 1777/3207/3207 1775/3208/3208
f 1625/3209/3209 1627/3210/3210 1779/3211/3211
f 1625/3209/3209 1779/3211/3211 1777/3212/3212
f 1627/3213/3213 1629/3214/3214 1781/3215/3215
f 1627/3213/3213 1781/3215/3215 1779/3216/3216
f 1629/3217/3217 1631/3218/3218 1783/3219/3219
f 1629/3217/3217 1783/3219/3219 1781/3220/3220
f 1631/3221/3221 1633/3222/3222 1785/3223/3223
f 1631/3221/3221 1785/3223/3223 1783/3224/3224
f 1633/3225/3225 1635/3226/3226 1787/3227/3227
f 1633/3225/3225 1787/3227/3227 1785/3228/3228
f 1635/3229/3229 1637/3230/3230 1789/3231/3231
f 1635/3229/3229 1789/3231/3231 1787/3232/3232
f 1637/3233/3233 1639/3234/3234 1791/3235/3235
f 1637/3233/3233 1791/3235/3235 1789/3236/3236
f 1639/3237/3237 1641/3238/3238 1793/3239/3239
f 1639/3237/3237 1793/3239/3239 1791/3240/3240
f 1641/3241/3241 1643/3242/3242 1795/3243/3243
f 1641/3241/3241 1795/3243/3243 1793/3244/3244
f 1643/3245/3245 1645/3246/3246 1797/3247/3247
f 1643/3245/3245 1797/3247/3247 1795/3248/3248
f 1645/3249/3249 1647/3250/3250 1799/3251/3251
f 1645/3249/3249 1799/3251/3251 1797/3252/3252
f 1647/3253/3253 1649/3254/3254 1801/3255/3255
f 1647/3253/3253 1801/3255/3255 1799/3256/3256
f 1649/3257/3257 1651/3258/3258 1803/3259/3259
f 1649/3257/3257 1803/3259/3259 1801/3260/3260
f 1651/3261/3261 1653/3262/3262 1805/3263/3263
f 1651/3261/3261 1805/3263/3263 1803/3264/3264
f 1653/3265/3265 1655/3266/3266 1807/3267/3267
f 1653/3265/3265 1807/3267/3267 1805/3268/3268
f 1655/3269/3269 1657/3270/3270 1809/3271/3271
f 1655/3269/3269 1809/3271/3271 1807/3272/3272
f 1657/3273/3273 1659/3274/3274 1811/3275/3275
f 1657/3273/3273 1811/3275/3275 1809/3276/3276
f 1659/3277/3277 1661/3278/3278 1813/3279/3279
f 1659/3277/3277 1813/3279/3279 1811/3280/3280
f 1661/3281/3281 1663/3282/3282 1815/3283/3283
f 1661/3281/3281 1815/3283/3283 1813/3284/3284
f 1663/3285/3285 1665/3286/3286 1817/3287/3287
f 1663/3285/3285 1817/3287/3287 1815/3288/3288
f 1665/3289/3289 1667/3290/3290 1819/3291/3291
f 1665/3289/3289 1819/3291/3291 1817/3292/3292
f 1667/3293/3293 1669/3294/3294 1821/3295/3295
f 1667/3293/3293 1821/3295/3295 1819/3296/3296
f 1669/3297/3297 1671/3298/3298 1823/3299/3299
f 1669/3297/3297 1823/3299/3299 1821/3300/3300
f 1673/3301/3301 1675/3302/3302 1827/3303/3303
f 1673/3301/3301 1827/3303/3303 1825/3304/3304
f 1675/3305/3305 1677/3306/3306 1829/3307/3307
f 1675/3305/3305 1829/3307/3307 1827/3308/3308
f 1677/3309/3309 1679/3310/3310 1831/3311/3311
f 1677/3309/3309 1831/3311/3311 1829/3312/3312
f 1679/3313/3313 1681/3314/3314 1833/3315/3315
f 1679/3313/3313 1833/3315/3315 1831/3316/3316
f 1681/3317/3317 1683/3318/3318 1835/3319/3319
f 1681/3317/3317 1835/3319/3319 1833/3320/3320
f 1683/3321/3321 1685/3322/3322 1837/3323/3323
f 1683/3321/3321 1837/3323/3323 1835/3324/3324
f 1685/3325/3325 1687/3326/3326 1839/3327/3327
f 1685/3325/3325 1839/3327/3327 1837/3328/3328
f 1687/3329/3329 1689/3330/3330 1841/3331/3331
f 1687/3329/3329 1841/3331/3331 1839/3332/3332
f 1689/3333/3333 1691/3334/3334 1843/3335/3335
f 1689/3333/3333 1843/3335/3335 1841/3336/3336
f 1691/3337/3337 1693/3338/3338 1845/3339/3339
f 1691/3337/3337 1845/3339/3339 1843/3340/3340
f 1693/3341/3341 1695/3342/3342 1847/3343/3343
f 1693/3341/3341 1847/3343/3343 1845/3344/3344
f 1695/3345/3345 1697/3346/3346 1849/3347/3347
f 1695/3345/3345 1849/3347/3347 1847/3348/3348
f 1697/3349/3349 1699/3350/3350 1851/3351/3351
f 1697/3349/3349 1851/3351/3351 1849/3352/3352
f 1699/3353/3353 1701/3354/3354 1853/3355/3355
f 1699/3353/3353 1853/3355/3355 1851/3356/3356
f 1701/3357/3357 1703/3358/3358 1855/3359/3359
f 1701/3357/3357 1855/3359/3359 1853/3360/3360
f 1703/3361/3361 1705/3362/3362 1857/3363/3363
f 1703/3361/3361 1857/3363/3363 1855/3364/3364
f 1705/3365/3365 1707/3366/3366 1859/3367/3367
f 1705/3365/3365 1859/3367/3367 1857/3368/3368
f 1707/3369/3369 1709/3370/3370 1861/3371/3371
f 1707/3369/3369 1861/3371/3371 1859/3372/3372
f 1709/3373/3373 1711/3374/3374 1863/3375/3375
f 1709/3373/3373 1863/3375/3375 1861/3376/3376
f 1711/3377/3377 1713/3378/3378 1865/3379/3379
f 1711/3377/3377 1865/3379/3379 1863/3380/3380
f 1713/3381/3381 1715/3382/3382 1867/3383/3383
f 1713/3381/3381 1867/3383/3383 1865/3384/3384
f 1715/3385/3385 1717/3386/3386 1869/3387/3387
f 1715/3385/3385 1869/3387/3387 1867/3388/3388
f 1717/3389/3389 1719/3390/3390 1871/3391/3391
f 1717/3389/3389 1871/3391/3391 1869/3392/3392
f 1719/3393/3393 1721/3394/3394 1873/3395/3395
f 1719/3393/3393 1873/3395/3395 1871/3396/3396
f 1721/3397/3397 1723/3398/3398 1875/3399/3399
f 1721/3397/3397 1875/3399/3399 1873/3400/3400
f 1723/3401/3401 1725/3402/3402 1877/3403/3403
f 1723/3401/3401 1877/3403/3403 1875/3404/3404
f 1725/3405/3405 1727/3406/3406 1879/3407/3407
f 1725/3405/3405 1879/3407/3407 1877/3408/3408
f 1727/3409/3409 1729/3410/3410 1881/3411/3411
f 1727/3409/3409 1881/3411/3411 1879/3412/3412
f 1729/3413/3413 1731/3414/3414 1883/3415/3415
f 1729/3413/3413 1883/3415/3415 1881/3416/3416
f 1731/3417/3417 1733/3418/3418 1885/3419/3419
f 1731/3417/3417 1885/3419/3419 1883/3420/3420
f 1733/3421/3421 1735/3422/3422 1887/3423/3423
f 1733/3421/3421 1887/3423/3423 1885/3424/3424
f 1735/3425/3425 1737/3426/3426 1889/3427/3427
f 1735/3425/3425 1889/3427/3427 1887/3428/3428
f 1737/3429/3429 1739/3430/3430 1891/3431/3431
f 1737/3429/3429 1891/3431/3431 1889/3432/3432
f 1739/3433/3433 1741/3434/3434 1893/3435/3435
f 1739/3433/3433 1893/3435/3435 1891/3436/3436
f 1741/3437/3437 1743/3438/3438 1895/3439/3439
f 1741/3437/3437 1895/3439/3439 1893/3440/3440
f 1743/3441/3441 1745/3442/3442 1897/3443/3443
f 1743/3441/3441 1897/3443/3443 1895/3444/3444
f 1745/3445/3445 1747/3446/3446 1899/3447/3447
f 1745/3445/3445 1899/3447/3447 1897/3448/3448
f 1747/3449/3449 1749/3450/3450 1901/3451/3451
f 1747/3449/3449 1901/3451/3451 1899/3452/3452
f 1749/3453/3453 1751/3454/3454 1903/3455/3455
f 1749/3453/3453 1903/3455/3455 1901/3456/3456
f 1751/3457/3457 1753/3458/3458 1905/3459/3459
f 1751/3457/3457 1905/3459/3459 1903/3460/3460
f 1753/3461/3461 1755/3462/3462 1907/3463/3463
f 1753/3461/3461 1907/3463/3463 1905/3464/3464
f 1755/3465/3465 1757/3466/3466 1909/3467/3467
f 1755/3465/3465 1909/3467/3467 1907/3468/3468
f 1757/3469/3469 1759/3470/3470 1911/3471/3471
f 1757/3469/3469 1911/3471/3471 1909/3472/3472
f 1759/3473/3473 1761/3474/3474 1913/3475/3475
f 1759/3473/3473 1913/3475/3475 1911/3476/3476
f 1761/3477/3477 1763/3478/3478 1915/3479/3479
f 1761/3477/3477 1915/3479/3479 1913/3480/3480
f 1763/3481/3481 1765/3482/3482 1917/3483/3483
f 1763/3481/3481 1917/3483/3483 1915/3484/3484
f 1765/3485/3485 1767/3486/3486 1919/3487/3487
f 1765/3485/3485 1919/3487/3487 1917/3488/3488
f 1767/3489/3489 1769/3490/3490 1921/3491/3491
f 1767/3489/3489 1921/3491/3491 1919/3492/3492
f 1769/3493/3493 1771/3494/3494 1923/3495/3495
f 1769/3493/3493 1923/3495/3495 1921/3496/3496
f 1771/3497/3497 1773/3498/3498 1925/3499/3499
f 1771/3497/3497 1925/3499/3499 1923/3500/3500
f 1773/3501/3501 1775/3502/3502 1927/3503/3503
f 1773/3501/3501 1927/3503/3503 1925/3504/3504
f 1775/3505/3505 1777/3506/3506 1929/3507/3507
f 1775/3505/3505 1929/3507/3507 1927/3508/3508
f 1777/3509/3509 1779/3510/3510 1931/3511/3511
f 1777/3509/3509 1931/3511/3511 1929/3512/3512
f 1779/3513/3513 1781/3514/3514 1933/3515/3515
f 1779/3513/3513 1933/3515/3515 1931/3516/3516
f 1781/3517/3517 1783/3518/3518 1935/3519/3519
f 1781/3517/3517 1935/3519/3519 1933/3520/3520
f 1783/3521/3521 1785/3522/3522 1937/3523/3523
f 1783/3521/3521 1937/3523/3523 1935/3524/3524
f 1785/3525/3525 1787/3526/3526 1939/3527/3527
f 1785/3525/3525 1939/3527/3527 1937/3528/3528
f 1787/3529/3529 1789/3530/3530 1941/3531/3531
f 1787/3529/3529 1941/3531/3531 1939/3532/3532
f 1789/3533/3533 1791/3534/3534 1943/3535/3535
f 1789/3533/3533 1943/3535/3535 1941/3536/3536
f 1791/3537/3537 1793/3538/3538 1945/3539/3539
f 1791/3537/3537 1945/3539/3539 1943/3540/3540
f 1793/3541/3541 1795/3542/3542 1947/3543/3543
f 1793/3541/3541 1947/3543/3543 1945/3544/3544
f 1795/3545/3545 1797/3546/3546 1949/3547/3547
f 1795/3545/3545 1949/3547/3547 1947/3548/3548
f 1797/3549/3549 1799/3550/3550 1951/3551/3551
f 1797/3549/3549 1951/3551/3551 1949/3552/3552
f 1799/3553/3553 1801/3554/3554 1953/3555/3555
f 1799/3553/3553 1953/3555/3555 1951/3556/3556
f 1801/3557/3557 1803/3558/3558 1955/3559/3559
f 1801/3557/3557 1955/3559/3559 1953/3560/3560
f 1803/3561/3561 1805/3562/3562 1957/3563/3563
f 1803/3561/3561 1957/3563/3563 1955/3564/3564
f 1805/3565/3565 1807/3566/3566 1959/3567/3567
f 1805/3565/3565 1959/3567/3567 1957/3568/3568
f 1807/3569/3569 1809/3570/3570 1961/3571/3571
f 1807/3569/3569 1961/3571/3571 1959/3572/3572
f 1809/3573/3573 1811/3574/3574 1963/3575/3575
f 1809/3573/3573 1963/3575/3575 1961/3576/3576
f 1811/3577/3577 1813/3578/3578 1965/3579/3579
f 1811/3577/3577 1965/3579/3579 1963/3580/3580
f 1813/3581/3581 1815/3582/3582 1967/3583/3583
f 1813/3581/3581 1967/3583/3583 1965/3584/3584
f 1815/3585/3585 1817/3586/3586 1969/3587/3587
f 1815/3585/3585 1969/3587/3587 1967/3588/3588
f 1817/3589/3589 1819/3590/3590 1971/3591/3591
f 1817/3589/3589 1971/3591/3591 1969/3592/3592
f 1819/3593/3593 1821/3594/3594 1973/3595/3595
f 1819/3593/3593 1973/3595/3595 1971/3596/3596
f 1821/3597/3597 1823/3598/3598 1975/3599/3599
f 1821/3597/3597 1975/3599/3599 1973/3600/3600
f 1825/3601/3601 1827/3602/3602 1979/3603/3603
f 1825/3601/3601 1979/3603/3603 1977/3604/3604
f 1827/3605/3605 1829/3606/3606 1981/3607/3607
f 1827/3605/3605 1981/3607/3607 1979/3608/3608
f 1829/3609/3609 1831/3610/3610 1983/3611/3611
f 1829/3609/3609 1983/3611/3611 1981/3612/3612
f 1831/3613/3613 1833/3614/3614 1985/3615/3615
f 1831/3613/3613 1985/3615/3615 1983/3616/3616
f 1833/3617/3617 1835/3618/3618 1987/3619/3619
f 1833/3617/3617 1987/3619/3619 1985/3620/3620
f 1835/3621/3621 1837/3622/3622 1989/3623/3623
f 1835/3621/3621 1989/3623/3623 1987/3624/3624
f 1837/3625/3625 1839/3626/3626 1991/3627/3627
f 1837/3625/3625 1991/3627/3627 1989/3628/3628
f 1839/3629/3629 1841/3630/3630 1993/3631/3631
f 1839/3629/3629 1993/3631/3631 1991/3632/3632
f 1841/3633/3633 1843/3634/3634 1995/3635/3635
f 1841/3633/3633 1995/3635/3635 1993/3636/3636
f 1843/3637/3637 1845/3638/3638 1997/3639/3639
f 1843/3637/3637 1997/3639/3639 1995/3640/3640
f 1845/3641/3641 1847/3642/3642 1999/3643/3643
f 1845/3641/3641 1999/3643/3643 1997/3644/3644
f 1847/3645/3645 1849/3646/3646 2001/3647/3647
f 1847/3645/3645 2001/3647/3647 1999/3648/3648
f 1849/3649/3649 1851/3650/3650 2003/3651/3651
f 1849/3649/3649 2003/3651/3651 2001/3652/3652
f 1851/3653/3653 1853/3654/3654 2005/3655/3655
f 1851/3653/3653 2005/3655/3655 2003/3656/3656
f 1853/3657/3657 1855/3658/3658 2007/3659/3659
f 1853/3657/3657 2007/3659/3659 2005/3660/3660
f 1855/3661/3661 1857/3662/3662 2009/3663/3663
f 1855/3661/3661 2009/3663/3663 2007/3664/3664
f 1857/3665/3665 1859/3666/3666 2011/3667/3667
f 1857/3665/3665 2011/3667/3667 2009/3668/3668
f 1859/3669/3669 1861/3670/3670 2013/3671/3671
f 1859/3669/3669 2013/3671/3671 2011/3672/3672
f 1861/3673/3673 1863/3674/3674 2015/3675/3675
f 1861/3673/3673 2015/3675/3675 2013/3676/3676
f 1863/3677/3677 1865/3678/3678 2017/3679/3679
f 1863/3677/3677 2017/3679/3679 2015/3680/3680
f 1865/3681/3681 1867/3682/3682 2019/3683/3683
f 1865/3681/3681 2019/3683/3683 2017/3684/3684
f 1867/3685/3685 1869/3686/3686 2021/3687/3687
f 1867/3685/3685 2021/3687/3687 2019/3688/3688
f 1869/3689/3689 1871/3690/3690 2023/3691/3691
f 1869/3689/3689 2023/3691/3691 2021/3692/3692
f 1871/3693/3693 1873/3694/3694 2025/3695/3695
f 1871/3693/3693 2025/3695/3695 2023/3696/3696
f 1873/3697/3697 1875/3698/3698 2027/3699/3699
f 1873/3697/3697 2027/3699/3699 2025/3700/3700
f 1875/3701/3701 1877/3702/3702 2029/3703/3703
f 1875/3701/3701 2029/3703/3703 2027/3704/3704
f 1877/3705/3705 1879/3706/3706 2031/3707/3707
f 1877/3705/3705 2031/3707/3707 2029/3708/3708
f 1879/3709/3709 1881/3710/3710 2033/3711/3711
f 1879/3709/3709 2033/3711/3711 2031/3712/3712
f 1881/3713/3713 1883/3714/3714 2035/3715/3715
f 1881/3713/3713 2035/3715/3715 2033/3716/3716
f 1883/3717/3717 1885/3718/3718 2037/3719/3719
f 1883/3717/3717 2037/3719/3719 2035/3720/3720
f 1885/3721/3721 1887/3722/3722 2039/3723/3723
f 1885/3721/3721 2039/3723/3723 2037/3724/3724
f 1887/3725/3725 1889/3726/3726 2041/3727/3727
f 1887/3725/3725 2041/3727/3727 2039/3728/3728
f 1889/3729/3729 1891/3730/3730 2043/3731/3731
f 1889/3729/3729 2043/3731/3731 2041/3732/3732
f 1891/3733/3733 1893/3734/3734 2045/3735/3735
f 1891/3733/3733 2045/3735/3735 2043/3736/3736
f 1893/3737/3737 1895/3738/3738 2047/3739/3739
f 1893/3737/3737 2047/3739/3739 2045/3740/3740
f 1895/3741/3741 1897/3742/3742 2049/3743/3743
f 1895/3741/3741 2049/3743/3743 2047/3744/3744
f 1897/3745/3745 1899/3746/3746 2051/3747/3747
f 1897/3745/3745 2051/3747/3747 2049/3748/3748
f 1899/3749/3749 1901/3750/3750 2053/3751/3751
f 1899/3749/3749 2053/3751/3751 2051/3752/3752
f 1901/3753/3753 1903/3754/3754 2055/3755/3755
f 1901/3753/3753 2055/3755/3755 2053/3756/3756
f 1903/3757/3757 1905/3758/3758 2057/3759/3759
f 1903/3757/3757 2057/3759/3759 2055/3760/3760
f 1905/3761/3761 1907/3762/3762 2059/3763/3763
f 1905/3761/3761 2059/3763/3763 2057/3764/3764
f 1907/3765/3765 1909/3766/3766 2061/3767/3767
f 1907/3765/3765 2061/3767/3767 2059/3768/3768
f 1909/3769/3769 1911/3770/3770 2063/3771/3771
f 1909/3769/3769 2063/3771/3771 2061/3772/3772
f 1911/3773/3773 1913/3774/3774 2065/3775/3775
f 1911/3773/3773 2065/3775/3775 2063/3776/3776
f 1913/3777/3777 1915/3778/3778 2067/3779/3779
f 1913/3777/3777 2067/3779/3779 2065/3780/3780
f 1915/3781/3781 1917/3782/3782 2069/3783/3783
f 1915/3781/3781 2069/3783/3783 2067/3784/3784
f 1917/3785/3785 1919/3786/3786 2071/3787/3787
f 1917/3785/3785 2071/3787/3787 2069/3788/3788
f 1919/3789/3789 1921/3790/3790 2073/3791/3791
f 1919/3789/3789 2073/3791/3791 2071/3792/3792
f 1921/3793/3793 1923/3794/3794 2075/3795/3795
f 1921/3793/3793 2075/3795/3795 2073/3796/3796
f 1923/3797/3797 1925/3798/3798 2077/3799/3799
f 1923/3797/3797 2077/3799/3799 2075/3800/3800
f 1925/3801/3801 1927/3802/3802 2079/3803/3803
f 1925/3801/3801 2079/3803/3803 2077/3804/3804
f 1927/3805/3805 1929/3806/3806 2081/3807/3807
f 1927/3805/3805 2081/3807/3807 2079/3808/3808
f 1929/3809/3809 1931/3810/3810 2083/3811/3811
f 1929/3809/3809 2083/3811/3811 2081/3812/3812
f 1931/3813/3813 1933/3814/3814 2085/3815/3815
f 1931/3813/3813 2085/3815/3815 2083/3816/3816
f 1933/3817/3817 1935/3818/3818 2087/3819/3819
f 1933/3817/3817 2087/3819/3819 2085/3820/3820
f 1935/3821/3821 1937/3822/3822 2089/3823/3823
f 1935/3821/3821 2089/3823/3823 2087/3824/3824
f 1937/3825/3825 1939/3826/3826 2091/3827/3827
f 1937/3825/3825 2091/3827/3827 2089/3828/3828
f 1939/3829/3829 1941/3830/3830 2093/3831/3831
f 1939/3829/3829 2093/3831/3831 2091/3832/3832
f 1941/3833/3833 1943/3834/3834 2095/3835/3835
f 1941/3833/3833 2095/3835/3835 2093/3836/3836
f 1943/3837/3837 1945/3838/3838 2097/3839/3839
f 1943/3837/3837 2097/3839/3839 2095/3840/3840
f 1945/3841/3841 1947/3842/3842 2099/3843/3843
f 1945/3841/3841 2099/3843/3843 2097/3844/3844
f 1947/3845/3845 1949/3846/3846 2101/3847/3847
f 1947/3845/3845 2101/3847/3847 2099/3848/3848
f 1949/3849/3849 1951/3850/3850 2103/3851/3851
f 1949/3849/3849 2103/3851/3851 2101/3852/3852
f 1951/3853/3853 1953/3854/3854 2105/3855/3855
f 1951/3853/3853 2105/3855/3855 2103/3856/3856
f 1953/3857/3857 1955/3858/3858 2107/3859/3859
f 1953/3857/3857 2107/3859/3859 2105/3860/3860
f 1955/3861/3861 1957/3862/3862 2109/3863/3863
f 1955/3861/3861 2109/3863/3863 2107/3864/3864
f 1957/3865/3865 1959/3866/3866 2111/3867/3867
f 1957/3865/3865 2111/3867/3867 2109/3868/3868
f 1959/3869/3869 1961/3870/3870 2113/3871/3871
f 1959/3869/3869 2113/3871/3871 2111/3872/3872
f 1961/3873/3873 1963/3874/3874 2115/3875/3875
f 1961/3873/3873 2115/3875/3875 2113/3876/3876
f 1963/3877/3877 1965/3878/3878 2117/3879/3879
f 1963/3877/3877 2117/3879/3879 2115/3880/3880
f 1965/3881/3881 1967/3882/3882 2119/3883/3883
f 1965/3881/3881 2119/3883/3883 2117/3884/3884
f 1967/3885/3885 1969/3886/3886 2121/3887/3887
f 1967/3885/3885 2121/3887/3887 2119/3888/3888
f 1969/3889/3889 1971/3890/3890 2123/3891/3891
f 1969/3889/3889 2123/3891/3891 2121/3892/3892
f 1971/3893/3893 1973/3894/3894 2125/3895/3895
f 1971/3893/3893 2125/3895/3895 2123/3896/3896
f 1973/3897/3897 1975/3898/3898 2127/3899/3899
f 1973/3897/3897 2127/3899/3899 2125/3900/3900
f 1977/3901/3901 1979/3902/3902 2131/3903/3903
f 1977/3901/3901 2131/3903/3903 2129/3904/3904
f 1979/3905/3905 1981/3906/3906 2133/3907/3907
f 1979/3905/3905 2133/3907/3907 2131/3908/3908
f 1981/3909/3909 1983/3910/3910 2135/3911/3911
f 1981/3909/3909 2135/3911/3911 2133/3912/3912
f 1983/3913/3913 1985/3914/3914 2137/3915/3915
f 1983/3913/3913 2137/3915/3915 2135/3916/3916
f 1985/3917/3917 1987/3918/3918 2139/3919/3919
f 1985/3917/3917 2139/3919/3919 2137/3920/3920
f 1987/3921/3921 1989/3922/3922 2141/3923/3923
f 1987/3921/3921 2141/3923/3923 2139/3924/3924
f 1989/3925/3925 1991/3926/3926 2143/3927/3927
f 1989/3925/3925 2143/3927/3927 2141/3928/3928
f 1991/3929/3929 1993/3930/3930 2145/3931/3931
f 1991/3929/3929 2145/3931/3931 2143/3932/3932
f 1993/3933/3933 1995/3934/3934 2147/3935/3935
f 1993/3933/3933 2147/3935/3935 2145/3936/3936
f 1995/3937/3937 1997/3938/3938 2149/3939/3939
f 1995/3937/3937 2149/3939/3939 2147/3940/3940
f 1997/3941/3941 1999/3942/3942 2151/3943/3943
f 1997/3941/3941 2151/3943/3943 2149/3944/3944
f 1999/3945/3945 2001/3946/3946 2153/3947/3947
f 1999/3945/3945 2153/3947/3947 2151/3948/3948
f 2001/3949/3949 2003/3950/3950 2155/3951/3951
f 2001/3949/3949 2155/3951/3951 2153/3952/3952
f 2003/3953/3953 2005/3954/3954 2157/3955/3955
f 2003/3953/3953 2157/3955/3955 2155/3956/3956
f 2005/3957/3957 2007/3958/3958 2159/3959/3959
f 2005/3957/3957 2159/3959/3959 2157/3960/3960
f 2007/3961/3961 2009/3962/3962 2161/3963/3963
f 2007/3961/3961 2161/3963/3963 2159/3964/3964
f 2009/3965/3965 2011/3966/3966 2163/3967/3967
f 2009/3965/3965 2163/3967/3967 2161/3968/3968
f 2011/3969/3969 2013/3970/3970 2165/3971/3971
f 2011/3969/3969 2165/3971/3971 2163/3972/3972
f 2013/3973/3973 2015/3974/3974 2167/3975/3975
f 2013/3973/3973 2167/3975/3975 2165/3976/3976
f 2015/3977/3977 2017/3978/3978 2169/3979/3979
f 2015/3977/3977 2169/3979/3979 2167/3980/3980
f 2017/3981/3981 2019/3982/3982 2171/3983/3983
f 2017/3981/3981 2171/3983/3983 2169/3984/3984
f 2019/3985/3985 2021/3986/3986 2173/3987/3987
f 2019/3985/3985 2173/3987/3987 2171/3988/3988
f 2021/3989/3989 2023/3990/3990 2175/3991/3991
f 2021/3989/3989 2175/3991/3991 2173/3992/3992
f 2023/3993/3993 2025/3994/3994 2177/3995/3995
f 2023/3993/3993 2177/3995/3995 2175/3996/3996
f 2025/3997/3997 2027/3998/3998 2179/3999/3999
f 2025/3997/3997 2179/3999/3999 2177/4000/4000
f 2027/4001/4001 2029/4002/4002 2181/4003/4003
f 2027/4001/4001 2181/4003/4003 2179/4004/4004
f 2029/4005/4005 2031/4006/4006 2183/4007/4007
f 2029/4005/4005 2183/4007/4007 2181/4008/4008
f 2031/4009/4009 2033/4010/4010 2185/4011/4011
f 2031/4009/4009 2185/4011/4011 2183/4012/4012
f 2033/4013/4013 2035/4014/4014 2187/4015/4015
f 2033/4013/4013 2187/4015/4015 2185/4016/4016
f 2035/4017/4017 2037/4018/4018 2189/4019/4019
f 2035/4017/4017 2189/4019/4019 2187/4020/4020
f 2037/4021/4021 2039/4022/4022 2191/4023/4023
f 2037/4021/4021 2191/4023/4023 2189/4024/4024
f 2039/4025/4025 2041/4026/4026 2193/4027/4027
f 2039/4025/4025 2193/4027/4027 2191/4028/4028
f 2041/4029/4029 2043/4030/4030 2195/4031/4031
f 2041/4029/4029 2195/4031/4031 2193/4032/4032
f 2043/4033/4033 2045/4034/4034 2197/4035/4035
f 2043/4033/4033 2197/4035/4035 2195/4036/4036
f 2045/4037/4037 2047/4038/4038 2199/4039/4039
f 2045/4037/4037 2199/4039/4039 2197/4040/4040
f 2047/4041/4041 2049/4042/4042 2201/4043/4043
f 2047/4041/4041 2201/4043/4043 2199/4044/4044
f 2049/4045/4045 2051/4046/4046 2203/4047/4047
f 2049/4045/4045 2203/4047/4047 2201/4048/4048
f 2051/4049/4049 2053/4050/4050 2205/4051/4051
f 2051/4049/4049 2205/4051/4051 2203/4052/4052
f 2053/4053/4053 2055/4054/4054 2207/4055/4055
f 2053/4053/4053 2207/4055/4055 2205/4056/4056
f 2055/4057/4057 2057/4058/4058 2209/4059/4059
f 2055/4057/4057 2209/4059/4059 2207/4060/4060
f 2057/4061/4061 2059/4062/4062 2211/4063/4063
f 2057/4061/4061 2211/4063/4063 2209/4064/4064
f 2059/4065/4065 2061/4066/4066 2213/4067/4067
f 2059/4065/4065 2213/4067/4067 2211/4068/4068
f 2061/4069/4069 2063/4070/4070 2215/4071/4071
f 2061/4069/4069 2215/4071/4071 2213/4072/4072
f 2063/4073/4073 2065/4074/4074 2217/4075/4075
f 2063/4073/4073 2217/4075/4075 2215/4076/4076
f 2065/4077/4077 2067/4078/4078 2219/4079/4079
f 2065/4077/4077 2219/4079/4079 2217/4080/4080
f 2067/4081/4081 2069/4082/4082 2221/4083/4083
f 2067/4081/4081 2221/4083/4083 2219/4084/4084
f 2069/4085/4085 2071/4086/4086 2223/4087/4087
f 2069/4085/4085 2223/4087/4087 2221/4088/4088
f 2071/4089/4089 2073/4090/4090 2225/4091/4091
f 2071/4089/4089 2225/4091/4091 2223/4092/4092
f 2073/4093/4093 2075/4094/4094 2227/4095/4095
f 2073/4093/4093 2227/4095/4095 2225/4096/4096
f 2075/4097/4097 2077/4098/4098 2229/4099/4099
f 2075/4097/4097 2229/4099/4099 2227/4100/4100
f 2077/4101/4101 2079/4102/4102 2231/4103/4103
f 2077/4101/4101 2231/4103/4103 2229/4104/4104
f 2079/4105/4105 2081/4106/4106 2233/4107/4107
f 2079/4105/4105 2233/4107/4107 2231/4108/4108
f 2081/4109/4109 2083/4110/4110 2235/4111/4111
f 2081/4109/4109 2235/4111/4111 2233/4112/4112
f 2083/4113/4113 2085/4114/4114 2237/4115/4115
f 2083/4113/4113 2237/4115/4115 2235/4116/4116
f 2085/4117/4117 2087/4118/4118 2239/4119/4119
f 2085/4117/4117 2239/4119/4119 2237/4120/4120
f 2087/4121/4121 2089/4122/4122 2241/4123/4123
f 2087/4121/4121 2241/4123/4123 2239/4124/4124
f 2089/4125/4125 2091/4126/4126 2243/4127/4127
f 2089/4125/4125 2243/4127/4127 2241/4128/4128
f 2091/4129/4129 2093/4130/4130 2245/4131/4131
f 2091/4129/4129 2245/4131/4131 2243/4132/4132
f 2093/4133/4133 2095/4134/4134 2247/4135/4135
f 2093/4133/4133 2247/4135/4135 2245/4136/4136
f 2095/4137/4137 2097/4138/4138 2249/4139/4139
f 2095/4137/4137 2249/4139/4139 2247/4140/4140
f 2097/4141/4141 2099/4142/4142 2251/4143/4143
f 2097/4141/4141 2251/4143/4143 2249/4144/4144
f 2099/4145/4145 2101/4146/4146 2253/4147/4147
f 2099/4145/4145 2253/4147/4147 2251/4148/4148
f 2101/4149/4149 2103/4150/4150 2255/4151/4151
f 2101/4149/4149 2255/4151/4151 2253/4152/4152
f 2103/4153/4153 2105/4154/4154 2257/4155/4155
f 2103/4153/4153 2257/4155/4155 2255/4156/4156
f 2105/4157/4157 2107/4158/4158 2259/4159/4159
f 2105/4157/4157 2259/4159/4159 2257/4160/4160
f 2107/4161/4161 2109/4162/4162 2261/4163/4163
f 2107/4161/4161 2261/4163/4163 2259/4164/4164
f 2109/4165/4165 2111/4166/4166 2263/4167/4167
f 2109/4165/4165 2263/4167/4167 2261/4168/4168
f 2111/4169/4169 2113/4170/4170 2265/4171/4171
f 2111/4169/4169 2265/4171/4171 2263/4172/4172
f 2113/4173/4173 2115/4174/4174 2267/4175/4175
f 2113/4173/4173 2267/4175/4175 2265/4176/4176
f 2115/4177/4177 2117/4178/4178 2269/4179/4179
f 2115/4177/4177 2269/4179/4179 2267/4180/4180
f 2117/4181/4181 2119/4182/4182 2271/4183/4183
f 2117/4181/4181 2271/4183/4183 2269/4184/4184
f 2119/4185/4185 2121/4186/4186 2273/4187/4187
f 2119/4185/4185 2273/4187/4187 2271/4188/4188
f 2121/4189/4189 2123/4190/4190 2275/4191/4191
f 2121/4189/4189 2275/4191/4191 2273/4192/4192
f 2123/4193/4193 2125/4194/4194 2277/4195/4195
f 2123/4193/4193 2277/4195/4195 2275/4196/4196
f 2125/4197/4197 2127/4198/4198 2279/4199/4199
f 2125/4197/4197 2279/4199/4199 2277/4200/4200
f 2129/4201/4201 2131/4202/4202 2283/4203/4203
f 2129/4201/4201 2283/4203/4203 2281/4204/4204
f 2131/4205/4205 2133/4206/4206 2285/4207/4207
f 2131/4205/4205 2285/4207/4207 2283/4208/4208
f 2133/4209/4209 2135/4210/4210 2287/4211/4211
f 2133/4209/4209 2287/4211/4211 2285/4212/4212
f 2135/4213/4213 2137/4214/4214 2289/4215/4215
f 2135/4213/4213 2289/4215/4215 2287/4216/4216
f 2137/4217/4217 2139/4218/4218 2291/4219/4219
f 2137/4217/4217 2291/4219/4219 2289/4220/4220
f 2139/4221/4221 2141/4222/4222 2293/4223/4223
f 2139/4221/4221 2293/4223/4223 2291/4224/4224
f 2141/4225/4225 2143/4226/4226 2295/4227/4227
f 2141/4225/4225 2295/4227/4227 2293/4228/4228
f 2143/4229/4229 2145/4230/4230 2297/4231/4231
f 2143/4229/4229 2297/4231/4231 2295/4232/4232
f 2145/4233/4233 2147/4234/4234 2299/4235/4235
f 2145/4233/4233 2299/4235/4235 2297/4236/4236
f 2147/4237/4237 2149/4238/4238 2301/4239/4239
f 2147/4237/4237 2301/4239/4239 2299/4240/4240
f 2149/4241/4241 2151/4242/4242 2303/4243/4243
f 2149/4241/4241 2303/4243/4243 2301/4244/4244
f 2151/4245/4245 2153/4246/4246 2305/4247/4247
f 2151/4245/4245 2305/4247/4247 2303/4248/4248
f 2153/4249/4249 2155/4250/4250 2307/4251/4251
f 2153/4249/4249 2307/4251/4251 2305/4252/4252
f 2155/4253/4253 2157/4254/4254 2309/4255/4255
f 2155/4253/4253 2309/4255/4255 2307/4256/4256
f 2157/4257/4257 2159/4258/4258 2311/4259/4259
f 2157/4257/4257 2311/4259/4259 2309/4260/4260
f 2159/4261/4261 2161/4262/4262 2313/4263/4263
f 2159/4261/4261 2313/4263/4263 2311/4264/4264
f 2161/4265/4265 2163/4266/4266 2315/4267/4267
f 2161/4265/4265 2315/4267/4267 2313/4268/4268
f 2163/4269/4269 2165/4270/4270 2317/4271/4271
f 2163/4269/4269 2317/4271/4271 2315/4272/4272
f 2165/4273/4273 2167/4274/4274 2319/4275/4275
f 2165/4273/4273 2319/4275/4275 2317/4276/4276
f 2167/4277/4277 2169/4278/4278 2321/4279/4279
f 2167/4277/4277 2321/4279/4279 2319/4280/4280
f 2169/4281/4281 2171/4282/4282 2323/4283/4283
f 2169/4281/4281 2323/4283/4283 2321/4284/4284
f 2171/4285/4285 2173/4286/4286 2325/4287/4287
f 2171/4285/4285 2325/4287/4287 2323/4288/4288
f 2173/4289/4289 2175/4290/4290 2327/4291/4291
f 2173/4289/4289 2327/4291/4291 2325/4292/4292
f 2175/4293/4293 2177/4294/4294 2329/4295/4295
f 2175/4293/4293 2329/4295/4295 2327/4296/4296
f 2177/4297/4297 2179/4298/4298 2331/4299/4299
f 2177/4297/4297 2331/4299/4299 2329/4300/4300
f 2179/4301/4301 2181/4302/4302 2333/4303/4303
f 2179/4301/4301 2333/4303/4303 2331/4304/4304
f 2181/4305/4305 2183/4306/4306 2335/4307/4307
f 2181/4305/4305 2335/4307/4307 2333/4308/4308
f 2183/4309/4309 2185/4310/4310 2337/4311/4311
f 2183/4309/4309 2337/4311/4311 2335/4312/4312
f 2185/4313/4313 2187/4314/4314 2339/4315/4315
f 2185/4313/4313 2339/4315/4315 2337/4316/4316
f 2187/4317/4317 2189/4318/4318 2341/4319/4319
f 2187/4317/4317 2341/4319/4319 2339/4320/4320
f 2189/4321/4321 2191/4322/4322 2343/4323/4323
f 2189/4321/4321 2343/4323/4323 2341/4324/4324
f 2191/4325/4325 2193/4326/4326 2345/4327/4327
f 2191/4325/4325 2345/4327/4327 2343/4328/4328
f 2193/4329/4329 2195/4330/4330 2347/4331/4331
f 2193/4329/4329 2347/4331/4331 2345/4332/4332
f 2195/4333/4333 2197/4334/4334 2349/4335/4335
f 2195/4333/4333 2349/4335/4335 2347/4336/4336
f 2197/4337/4337 2199/4338/4338 2351/4339/4339
f 2197/4337/4337 2351/4339/4339 2349/4340/4340
f 2199/4341/4341 2201/4342/4342 2353/4343/4343
f 2199/4341/4341 2353/4343/4343 2351/4344/4344
f 2201/4345/4345 2203/4346/4346 2355/4347/4347
f 2201/4345/4345 2355/4347/4347 2353/4348/4348
f 2203/4349/4349 2205/4350/4350 2357/4351/4351
f 2203/4349/4349 2357/4351/4351 2355/4352/4352
f 2205/4353/4353 2207/4354/4354 2359/4355/4355
f 2205/4353/4353 2359/4355/4355 2357/4356/4356
f 2207/4357/4357 2209/4358/4358 2361/4359/4359
f 2207/4357/4357 2361/4359/4359 2359/4360/4360
f 2209/4361/4361 2211/4362/4362 2363/4363/4363
f 2209/4361/4361 2363/4363/4363 2361/4364/4364
f 2211/4365/4365 2213/4366/4366 2365/4367/4367
f 2211/4365/4365 2365/4367/4367 2363/4368/4368
f 2213/4369/4369 2215/4370/4370 2367/4371/4371
f 2213/4369/4369 2367/4371/4371 2365/4372/4372
f 2215/4373/4373 2217/4374/4374 2369/4375/4375
f 2215/4373/4373 2369/4375/4375 2367/4376/4376
f 2217/4377/4377 2219/4378/4378 2371/4379/4379
f 2217/4377/4377 2371/4379/4379 2369/4380/4380
f 2219/4381/4381 2221/4382/4382 2373/4383/4383
f 2219/4381/4381 2373/4383/4383 2371/4384/4384
f 2221/4385/4385 2223/4386/4386 2375/4387/4387
f 2221/4385/4385 2375/4387/4387 2373/4388/4388
f 2223/4389/4389 2225/4390/4390 2377/4391/4391
f 2223/4389/4389 2377/4391/4391 2375/4392/4392
f 2225/4393/4393 2227/4394/4394 2379/4395/4395
f 2225/4393/4393 2379/4395/4395 2377/4396/4396
f 2227/4397/4397 2229/4398/4398 2381/4399/4399
f 2227/4397/4397 2381/4399/4399 2379/4400/4400
f 2229/4401/4401 2231/4402/4402 2383/4403/4403
f 2229/4401/4401 2383/4403/4403 2381/4404/4404
f 2231/4405/4405 2233/4406/4406 2385/4407/4407
f 2231/4405/4405 2385/4407/4407 2383/4408/4408
f 2233/4409/4409 2235/4410/4410 2387/4411/4411
f 2233/4409/4409 2387/4411/4411 2385/4412/4412
f 2235/4413/4413 2237/4414/4414 2389/4415/4415
f 2235/4413/4413 2389/4415/4415 2387/4416/4416
f 2237/4417/4417 2239/4418/4418 2391/4419/4419
f 2237/4417/4417 2391/4419/4419 2389/4420/4420
f 2239/4421/4421 2241/4422/4422 2393/4423/4423
f 2239/4421/4421 2393/4423/4423 2391/4424/4424
f 2241/4425/4425 2243/4426/4426 2395/4427/4427
f 2241/4425/4425 2395/4427/4427 2393/4428/4428
f 2243/4429/4429 2245/4430/4430 2397/4431/4431
f 2243/4429/4429 2397/4431/4431 2395/4432/4432
f 2245/4433/4433 2247/4434/4434 2399/4435/4435
f 2245/4433/4433 2399/4435/4435 2397/4436/4436
f 2247/4437/4437 2249/4438/4438 2401/4439/4439
f 2247/4437/4437 2401/4439/4439 2399/4440/4440
f 2249/4441/4441 2251/4442/4442 2403/4443/4443
f 2249/4441/4441 2403/4443/4443 2401/4444/4444
f 2251/4445/4445 2253/4446/4446 2405/4447/4447
f 2251/4445/4445 2405/4447/4447 2403/4448/4448
f 2253/4449/4449 2255/4450/4450 2407/4451/4451
f 2253/4449/4449 2407/4451/4451 2405/4452/4452
f 2255/4453/4453 2257/4454/4454 2409/4455/4455
f 2255/4453/4453 2409/4455/4455 2407/4456/4456
f 2257/4457/4457 2259/4458/4458 2411/4459/4459
f 2257/4457/4457 2411/4459/4459 2409/4460/4460
f 2259/4461/4461 2261/4462/4462 2413/4463/4463
f 2259/4461/4461 2413/4463/4463 2411/4464/4464
f 2261/4465/4465 2263/4466/4466 2415/4467/4467
f 2261/4465/4465 2415/4467/4467 2413/4468/4468
f 2263/4469/4469 2265/4470/4470 2417/4471/4471
f 2263/4469/4469 2417/4471/4471 2415/4472/4472
f 2265/4473/4473 2267/4474/4474 2419/4475/4475
f 2265/4473/4473 2419/4475/4475 2417/4476/4476
f 2267/4477/4477 2269/4478/4478 2421/4479/4479
f 2267/4477/4477 2421/4479/4479 2419/4480/4480
f 2269/4481/4481 2271/4482/4482 2423/4483/4483
f 2269/4481/4481 2423/4483/4483 2421/4484/4484
f 2271/4485/4485 2273/4486/4486 2425/4487/4487
f 2271/4485/4485 2425/4487/4487 2423/4488/4488
f 2273/4489/4489 2275/4490/4490 2427/4491/4491
f 2273/4489/4489 2427/4491/4491 2425/4492/4492
f 2275/4493/4493 2277/4494/4494 2429/4495/4495
f 2275/4493/4493 2429/4495/4495 2427/4496/4496
f 2277/4497/4497 2279/4498/4498 2431/4499/4499
f 2277/4497/4497 2431/4499/4499 2429/4500/4500
f 2433/4501/4501 2587/4503/4503 2435/4502/4502
f 2433/4501/4501 2585/4504/4504 2587/4503/4503
f 2435/4505/4505 2589/4507/4507 2437/4506/4506
f 2435/4505/4505 2587/4508/4508 2589/4507/4507
f 2437/4509/4509 2591/4511/4511 2439/4510/4510
f 2437/4509/4509 2589/4512/4512 2591/4511/4511
f 2439/4513/4513 2593/4515/4515 2441/4514/4514
f 2439/4513/4513 2591/4516/4516 2593/4515/4515
f 2441/4517/4517 2595/4519/4519 2443/4518/4518
f 2441/4517/4517 2593/4520/4520 2595/4519/4519
f 2443/4521/4521 2597/4523/4523 2445/4522/4522
f 2443/4521/4521 2595/4524/4524 2597/4523/4523
f 2445/4525/4525 2599/4527/4527 2447/4526/4526
f 2445/4525/4525 2597/4528/4528 2599/4527/4527
f 2447/4529/4529 2601/4531/4531 2449/4530/4530
f 2447/4529/4529 2599/4532/4532 2601/4531/4531
f 2449/4533/4533 2603/4535/4535 2451/4534/4534
f 2449/4533/4533 2601/4536/4536 2603/4535/4535
f 2451/4537/4537 2605/4539/4539 2453/4538/4538
f 2451/4537/4537 2603/4540/4540 2605/4539/4539
f 2453/4541/4541 2607/4543/4543 2455/4542/4542
f 2453/4541/4541 2605/4544/4544 2607/4543/4543
f 2455/4545/4545 2609/4547/4547 2457/4546/4546
f 2455/4545/4545 2607/4548/4548 2609/4547/4547
f 2457/4549/4549 2611/4551/4551 2459/4550/4550
f 2457/4549/4549 2609/4552/4552 2611/4551/4551
f 2459/4553/4553 2613/4555/4555 2461/4554/4554
f 2459/4553/4553 2611/4556/4556 2613/4555/4555
f 2461/4557/4557 2615/4559/4559 2463/4558/4558
f 2461/4557/4557 2613/4560/4560 2615/4559/4559
f 2463/4561/4561 2617/4563/4563 2465/4562/4562
f 2463/4561/4561 2615/4564/4564 2617/4563/4563
f 2465/4565/4565 2619/4567/4567 2467/4566/4566
f 2465/4565/4565 2617/4568/4568 2619/4567/4567
f 2467/4569/4569 2621/4571/4571 2469/4570/4570
f 2467/4569/4569 2619/4572/4572 2621/4571/4571
f 2469/4573/4573 2623/4575/4575 2471/4574/4574
f 2469/4573/4573 2621/4576/4576 2623/4575/4575
f 2471/4577/4577 2625/4579/4579 2473/4578/4578
f 2471/4577/4577 2623/4580/4580 2625/4579/4579
f 2473/4581/4581 2627/4583/4583 2475/4582/4582
f 2473/4581/4581 2625/4584/4584 2627/4583/4583
f 2475/4585/4585 2629/4587/4587 2477/4586/4586
f 2475/4585/4585 2627/4588/4588 2629/4587/4587
f 2477/4589/4589 2631/4591/4591 2479/4590/4590
f 2477/4589/4589 2629/4592/4592 2631/4591/4591
f 2479/4593/4593 2633/4595/4595 2481/4594/4594
f 2479/4593/4593 2631/4596/4596 2633/4595/4595
f 2481/4597/4597 2635/4599/4599 2483/4598/4598
f 2481/4597/4597 2633/4600/4600 2635/4599/4599
f 2483/4601/4601 2637/4603/4603 2485/4602/4602
f 2483/4601/4601 2635/4604/4604 2637/4603/4603
f 2485/4605/4605 2639/4607/4607 2487/4606/4606
f 2485/4605/4605 2637/4608/4608 2639/4607/4607
f 2487/4609/4609 2641/4611/4611 2489/4610/4610
f 2487/4609/4609 2639/4612/4612 2641/4611/4611
f 2489/4613/4613 2643/4615/4615 2491/4614/4614
f 2489/4613/4613 2641/4616/4616 2643/4615/4615
f 2491/4617/4617 2645/4619/4619 2493/4618/4618
f 2491/4617/4617 2643/4620/4620 2645/4619/4619
f 2493/4621/4621 2647/4623/4623 2495/4622/4622
f 2493/4621/4621 2645/4624/4624 2647/4623/4623
f 2495/4625/4625 2649/4627/4627 2497/4626/4626
f 2495/4625/4625 2647/4628/4628 2649/4627/4627
f 2497/4629/4629 2651/4631/4631 2499/4630/4630
f 2497/4629/4629 2649/4632/4632 2651/4631/4631
f 2499/4633/4633 2653/4635/4635 2501/4634/4634
f 2499/4633/4633 2651/4636/4636 2653/4635/4635
f 2501/4637/4637 2655/4639/4639 2503/4638/4638
f 2501/4637/4637 2653/4640/4640 2655/4639/4639
f 2503/4641/4641 2657/4643/4643 2505/4642/4642
f 2503/4641/4641 2655/4644/4644 2657/4643/4643
f 2505/4645/4645 2659/4647/4647 2507/4646/4646
f 2505/4645/4645 2657/4648/4648 2659/4647/4647
f 2507/4649/4649 2661/4651/4651 2509/4650/4650
f 2507/4649/4649 2659/4652/4652 2661/4651/4651
f 2509/4653/4653 2663/4655/4655 2511/4654/4654
f 2509/4653/4653 2661/4656/4656 2663/4655/4655
f 2511/4657/4657 2665/4659/4659 2513/4658/4658
f 2511/4657/4657 2663/4660/4660 2665/4659/4659
f 2513/4661/4661 2667/4663/4663 2515/4662/4662
f 2513/4661/4661 2665/4664/4664 2667/4663/4663
f 2515/4665/4665 2669/4667/4667 2517/4666/4666
f 2515/4665/4665 2667/4668/4668 2669/4667/4667
f 2517/4669/4669 2671/4671/4671 2519/4670/4670
f 2517/4669/4669 2669/4672/4672 2671/4671/4671
f 2519/4673/4673 2673/4675/4675 2521/4674/4674
f 2519/4673/4673 2671/4676/4676 2673/4675/4675
f 2521/4677/4677 2675/4679/4679 2523/4678/4678
f 2521/4677/4677 2673/4680/4680 2675/4679/4679
f 2523/4681/4681 2677/4683/4683 2525/4682/4682
f 2523/4681/4681 2675/4684/4684 2677/4683/4683
f 2525/4685/4685 2679/4687/4687 2527/4686/4686
f 2525/4685/4685 2677/4688/4688 2679/4687/4687
f 2527/4689/4689 2681/4691/4691 2529/4690/4690
f 2527/4689/4689 2679/4692/4692 2681/4691/4691
f 2529/4693/4693 2683/4695/4695 2531/4694/4694
f 2529/4693/4693 2681/4696/4696 2683/4695/4695
f 2531/4697/4697 2685/4699/4699 2533/4698/4698
f 2531/4697/4697 2683/4700/4700 2685/4699/4699
f 2533/4701/4701 2687/4703/4703 2535/4702/4702
f 2533/4701/4701 2685/4704/4704 2687/4703/4703
f 2535/4705/4705 2689/4707/4707 2537/4706/4706
f 2535/4705/4705 2687/4708/4708 2689/4707/4707
f 2537/4709/4709 2691/4711/4711 2539/4710/4710
f 2537/4709/4709 2689/4712/4712 2691/4711/4711
f 2539/4713/4713 2693/4715/4715 2541/4714/4714
f 2539/4713/4713 2691/4716/4716 2693/4715/4715
f 2541/4717/4717 2695/4719/4719 2543/4718/4718
f 2541/4717/4717 2693/4720/4720 2695/4719/4719
f 2543/4721/4721 2697/4723/4723 2545/4722/4722
f 2543/4721/4721 2695/4724/4724 2697/4723/4723
f 2545/4725/4725 2699/4727/4727 2547/4726/4726
f 2545/4725/4725 2697/4728/4728 2699/4727/4727
f 2547/4729/4729 2701/4731/4731 2549/4730/4730
f 2547/4729/4729 2699/4732/4732 2701/4731/4731
f 2549/4733/4733 2703/4735/4735 2551/4734/4734
f 2549/4733/4733 2701/4736/4736 2703/4735/4735
f 2551/4737/4737 2705/4739/4739 2553/4738/4738
f 2551/4737/4737 2703/4740/4740 2705/4739/4739
f 2553/4741/4741 2707/4743/4743 2555/4742/4742
f 2553/4741/4741 2705/4744/4744 2707/4743/4743
f 2555/4745/4745 2709/4747/4747 2557/4746/4746
f 2555/4745/4745 2707/4748/4748 2709/4747/4747
f 2557/4749/4749 2711/4751/4751 2559/4750/4750
f 2557/4749/4749 2709/4752/4752 2711/4751/4751
f 2559/4753/4753 2713/4755/4755 2561/4754/4754
f 2559/4753/4753 2711/4756/4756 2713/4755/4755
f 2561/4757/4757 2715/4759/4759 2563/4758/4758
f 2561/4757/4757 2713/4760/4760 2715/4759/4759
f 2563/4761/4761 2717/4763/4763 2565/4762/4762
f 2563/4761/4761 2715/4764/4764 2717/4763/4763
f 2565/4765/4765 2719/4767/4767 2567/4766/4766
f 2565/4765/4765 2717/4768/4768 2719/4767/4767
f 2567/4769/4769 2721/4771/4771 2569/4770/4770
f 2567/4769/4769 2719/4772/4772 2721/4771/4771
f 2569/4773/4773 2723/4775/4775 2571/4774/4774
f 2569/4773/4773 2721/4776/4776 2723/4775/4775
f 2571/4777/4777 2725/4779/4779 2573/4778/4778
f 2571/4777/4777 2723/4780/4780 2725/4779/4779
f 2573/4781/4781 2727/4783/4783 2575/4782/4782
f 2573/4781/4781 2725/4784/4784 2727/4783/4783
f 2575/4785/4785 2729/4787/4787 2577/4786/4786
f 2575/4785/4785 2727/4788/4788 2729/4787/4787
f 2577/4789/4789 2731/4791/4791 2579/4790/4790
f 2577/4789/4789 2729/4792/4792 2731/4791/4791
f 2579/4793/4793 2733/4795/4795 2581/4794/4794
f 2579/4793/4793 2731/4796/4796 2733/4795/4795
f 2581/4797/4797 2735/4799/4799 2583/4798/4798
f 2581/4797/4797 2733/4800/4800 2735/4799/4799
f 2585/4801/4801 2739/4803/4803 2587/4802/4802
f 2585/4801/4801 2737/4804/4804 2739/4803/4803
f 2587/4805/4805 2741/4807/4807 2589/4806/4806
f 2587/4805/4805 2739/4808/4808 2741/4807/4807
f 2589/4809/4809 2743/4811/4811 2591/4810/4810
f 2589/4809/4809 2741/4812/4812 2743/4811/4811
f 2591/4813/4813 2745/4815/4815 2593/4814/4814
f 2591/4813/4813 2743/4816/4816 2745/4815/4815
f 2593/4817/4817 2747/4819/4819 2595/4818/4818
f 2593/4817/4817 2745/4820/4820 2747/4819/4819
f 2595/4821/4821 2749/4823/4823 2597/4822/4822
f 2595/4821/4821 2747/4824/4824 2749/4823/4823
f 2597/4825/4825 2751/4827/4827 2599/4826/4826
f 2597/4825/4825 2749/4828/4828 2751/4827/4827
f 2599/4829/4829 2753/4831/4831 2601/4830/4830
f 2599/4829/4829 2751/4832/4832 2753/4831/4831
f 2601/4833/4833 2755/4835/4835 2603/4834/4834
f 2601/4833/4833 2753/4836/4836 2755/4835/4835
f 2603/4837/4837 2757/4839/4839 2605/4838/4838
f 2603/4837/4837 2755/4840/4840 2757/4839/4839
f 2605/4841/4841 2759/4843/4843 2607/4842/4842
f 2605/4841/4841 2757/4844/4844 2759/4843/4843
f 2607/4845/4845 2761/4847/4847 2609/4846/4846
f 2607/4845/4845 2759/4848/4848 2761/4847/4847
f 2609/4849/4849 2763/4851/4851 2611/4850/4850
f 2609/4849/4849 2761/4852/4852 2763/4851/4851
f 2611/4853/4853 2765/4855/4855 2613/4854/4854
f 2611/4853/4853 2763/4856/4856 2765/4855/4855
f 2613/4857/4857 2767/4859/4859 2615/4858/4858
f 2613/4857/4857 2765/4860/4860 2767/4859/4859
f 2615/4861/4861 2769/4863/4863 2617/4862/4862
f 2615/4861/4861 2767/4864/4864 2769/4863/4863
f 2617/4865/4865 2771/4867/4867 2619/4866/4866
f 2617/4865/4865 2769/4868/4868 2771/4867/4867
f 2619/4869/4869 2773/4871/4871 2621/4870/4870
f 2619/4869/4869 2771/4872/4872 2773/4871/4871
f 2621/4873/4873 2775/4875/4875 2623/4874/4874
f 2621/4873/4873 2773/4876/4876 2775/4875/4875
f 2623/4877/4877 2777/4879/4879 2625/4878/4878
f 2623/4877/4877 2775/4880/4880 2777/4879/4879
f 2625/4881/4881 2779/4883/4883 2627/4882/4882
f 2625/4881/4881 2777/4884/4884 2779/4883/4883
f 2627/4885/4885 2781/4887/4887 2629/4886/4886
f 2627/4885/4885 2779/4888/4888 2781/4887/4887
f 2629/4889/4889 2783/4891/4891 2631/4890/4890
f 2629/4889/4889 2781/4892/4892 2783/4891/4891
f 2631/4893/4893 2785/4895/4895 2633/4894/4894
f 2631/4893/4893 2783/4896/4896 2785/4895/4895
f 2633/4897/4897 2787/4899/4899 2635/4898/4898
f 2633/4897/4897 2785/4900/4900 2787/4899/4899
f 2635/4901/4901 2789/4903/4903 2637/4902/4902
f 2635/4901/4901 2787/4904/4904 2789/4903/4903
f 2637/4905/4905 2791/4907/4907 2639/4906/4906
f 2637/4905/4905 2789/4908/4908 2791/4907/4907
f 2639/4909/4909 2793/4911/4911 2641/4910/4910
f 2639/4909/4909 2791/4912/4912 2793/4911/4911
f 2641/4913/4913 2795/4915/4915 2643/4914/4914
f 2641/4913/4913 2793/4916/4916 2795/4915/4915
f 2643/4917/4917 2797/4919/4919 2645/4918/4918
f 2643/4917/4917 2795/4920/4920 2797/4919/4919
f 2645/4921/4921 2799/4923/4923 2647/4922/4922
f 2645/4921/4921 2797/4924/4924 2799/4923/4923
f 2647/4925/4925 2801/4927/4927 2649/4926/4926
f 2647/4925/4925 2799/4928/4928 2801/4927/4927
f 2649/4929/4929 2803/4931/4931 2651/4930/4930
f 2649/4929/4929 2801/4932/4932 2803/4931/4931
f 2651/4933/4933 2805/4935/4935 2653/4934/4934
f 2651/4933/4933 2803/4936/4936 2805/4935/4935
f 2653/4937/4937 2807/4939/4939 2655/4938/4938
f 2653/4937/4937 2805/4940/4940 2807/4939/4939
f 2655/4941/4941 2809/4943/4943 2657/4942/4942
f 2655/4941/4941 2807/4944/4944 2809/4943/4943
f 2657/4945/4945 2811/4947/4947 2659/4946/4946
f 2657/4945/4945 2809/4948/4948 2811/4947/4947
f 2659/4949/4949 2813/4951/4951 2661/4950/4950
f 2659/4949/4949 2811/4952/4952 2813/4951/4951
f 2661/4953/4953 2815/4955/4955 2663/4954/4954
f 2661/4953/4953 2813/4956/4956 2815/4955/4955
f 2663/4957/4957 2817/4959/4959 2665/4958/4958
f 2663/4957/4957 2815/4960/4960 2817/4959/4959
f 2665/4961/4961 2819/4963/4963 2667/4962/4962
f 2665/4961/4961 2817/4964/4964 2819/4963/4963
f 2667/4965/4965 2821/4967/4967 2669/4966/4966
f 2667/4965/4965 2819/4968/4968 2821/4967/4967
f 2669/4969/4969 2823/4971/4971 2671/4970/4970
f 2669/4969/4969 2821/4972/4972 2823/4971/4971
f 2671/4973/4973 2825/4975/4975 2673/4974/4974
f 2671/4973/4973 2823/4976/4976 2825/4975/4975
f 2673/4977/4977 2827/4979/4979 2675/4978/4978
f 2673/4977/4977 2825/4980/4980 2827/4979/4979
f 2675/4981/4981 2829/4983/4983 2677/4982/4982
f 2675/4981/4981 2827/4984/4984 2829/4983/4983
f 2677/4985/4985 2831/4987/4987 2679/4986/4986
f 2677/4985/4985 2829/4988/4988 2831/4987/4987
f 2679/4989/4989 2833/4991/4991 2681/4990/4990
f 2679/4989/4989 2831/4992/4992 2833/4991/4991
f 2681/4993/4993 2835/4995/4995 2683/4994/4994
f 2681/4993/4993 2833/4996/4996 2835/4995/4995
f 2683/4997/4997 2837/4999/4999 2685/4998/4998
f 2683/4997/4997 2835/5000/5000 2837/4999/4999
f 2685/5001/5001 2839/5003/5003 2687/5002/5002
f 2685/5001/5001 2837/5004/5004 2839/5003/5003
f 2687/5005/5005 2841/5007/5007 2689/5006/5006
f 2687/5005/5005 2839/5008/5008 2841/5007/5007
f 2689/5009/5009 2843/5011/5011 2691/5010/5010
f 2689/5009/5009 2841/5012/5012 2843/5011/5011
f 2691/5013/5013 2845/5015/5015 2693/5014/5014
f 2691/5013/5013 2843/5016/5016 2845/5015/5015
f 2693/5017/5017 2847/5019/5019 2695/5018/5018
f 2693/5017/5017 2845/5020/5020 2847/5019/5019
f 2695/5021/5021 2849/5023/5023 2697/5022/5022
f 2695/5021/5021 2847/5024/5024 2849/5023/5023
f 2697/5025/5025 2851/5027/5027 2699/5026/5026
f 2697/5025/5025 2849/5028/5028 2851/5027/5027
f 2699/5029/5029 2853/5031/5031 2701/5030/5030
f 2699/5029/5029 2851/5032/5032 2853/5031/5031
f 2701/5033/5033 2855/5035/5035 2703/5034/5034
f 2701/5033/5033 2853/5036/5036 2855/5035/5035
f 2703/5037/5037 2857/5039/5039 2705/5038/5038
f 2703/5037/5037 2855/5040/5040 2857/5039/5039
f 2705/5041/5041 2859/5043/5043 2707/5042/5042
f 2705/5041/5041 2857/5044/5044 2859/5043/5043
f 2707/5045/5045 2861/5047/5047 2709/5046/5046
f 2707/5045/5045 2859/5048/5048 2861/5047/5047
f 2709/5049/5049 2863/5051/5051 2711/5050/5050
f 2709/5049/5049 2861/5052/5052 2863/5051/5051
f 2711/5053/5053 2865/5055/5055 2713/5054/5054
f 2711/5053/5053 2863/5056/5056 2865/5055/5055
f 2713/5057/5057 2867/5059/5059 2715/5058/5058
f 2713/5057/5057 2865/5060/5060 2867/5059/5059
f 2715/5061/5061 2869/5063/5063 2717/5062/5062
f 2715/5061/5061 2867/5064/5064 2869/5063/5063
f 2717/5065/5065 2871/5067/5067 2719/5066/5066
f 2717/5065/5065 2869/5068/5068 2871/5067/5067
f 2719/5069/5069 2873/5071/5071 2721/5070/5070
f 2719/5069/5069 2871/5072/5072 2873/5071/5071
f 2721/5073/5073 2875/5075/5075 2723/5074/5074
f 2721/5073/5073 2873/5076/5076 2875/5075/5075
f 2723/5077/5077 2877/5079/5079 2725/5078/5078
f 2723/5077/5077 2875/5080/5080 2877/5079/5079
f 2725/5081/5081 2879/5083/5083 2727/5082/5082
f 2725/5081/5081 2877/5084/5084 2879/5083/5083
f 2727/5085/5085 2881/5087/5087 2729/5086/5086
f 2727/5085/5085 2879/5088/5088 2881/5087/5087
f 2729/5089/5089 2883/5091/5091 2731/5090/5090
f 2729/5089/5089 2881/5092/5092 2883/5091/5091
f 2731/5093/5093 2885/5095/5095 2733/5094/5094
f 2731/5093/5093 2883/5096/5096 2885/5095/5095
f 2733/5097/5097 2887/5099/5099 2735/5098/5098
f 2733/5097/5097 2885/5100/5100 2887/5099/5099
f 2737/5101/5101 2891/5103/5103 2739/5102/5102
f 2737/5101/5101 2889/5104/5104 2891/5103/5103
f 2739/5105/5105 2893/5107/5107 2741/5106/5106
f 2739/5105/5105 2891/5108/5108 2893/5107/5107
f 2741/5109/5109 2895/5111/5111 2743/5110/5110
f 2741/5109/5109 2893/5112/5112 2895/5111/5111
f 2743/5113/5113 2897/5115/5115 2745/5114/5114
f 2743/5113/5113 2895/5116/5116 2897/5115/5115
f 2745/5117/5117 2899/5119/5119 2747/5118/5118
f 2745/5117/5117 2897/5120/5120 2899/5119/5119
f 2747/5121/5121 2901/5123/5123 2749/5122/5122
f 2747/5121/5121 2899/5124/5124 2901/5123/5123
f 2749/5125/5125 2903/5127/5127 2751/5126/5126
f 2749/5125/5125 2901/5128/5128 2903/5127/5127
f 2751/5129/5129 2905/5131/5131 2753/5130/5130
f 2751/5129/5129 2903/5132/5132 2905/5131/5131
f 2753/5133/5133 2907/5135/5135 2755/5134/5134
f 2753/5133/5133 2905/5136/5136 2907/5135/5135
f 2755/5137/5137 2909/5139/5139 2757/5138/5138
f 2755/5137/5137 2907/5140/5140 2909/5139/5139
f 2757/5141/5141 2911/5143/5143 2759/5142/5142
f 2757/5141/5141 2909/5144/5144 2911/5143/5143
f 2759/5145/5145 2913/5147/5147 2761/5146/5146
f 2759/5145/5145 2911/5148/5148 2913/5147/5147
f 2761/5149/5149 2915/5151/5151 2763/5150/5150
f 2761/5149/5149 2913/5152/5152 2915/5151/5151
f 2763/5153/5153 2917/5155/5155 2765/5154/5154
f 2763/5153/5153 2915/5156/5156 2917/5155/5155
f 2765/5157/5157 2919/5159/5159 2767/5158/5158
f 2765/5157/5157 2917/5160/5160 2919/5159/5159
f 2767/5161/5161 2921/5163/5163 2769/5162/5162
f 2767/5161/5161 2919/5164/5164 2921/5163/5163
f 2769/5165/5165 2923/5167/5167 2771/5166/5166
f 2769/5165/5165 2921/5168/5168 2923/5167/5167
f 2771/5169/5169 2925/5171/5171 2773/5170/5170
f 2771/5169/5169 2923/5172/5172 2925/5171/5171
f 2773/5173/5173 2927/5175/5175 2775/5174/5174
f 2773/5173/5173 2925/5176/5176 2927/5175/5175
f 2775/5177/5177 2929/5179/5179 2777/5178/5178
f 2775/5177/5177 2927/5180/5180 2929/5179/5179
f 2777/5181/5181 2931/5183/5183 2779/5182/5182
f 2777/5181/5181 2929/5184/5184 2931/5183/5183
f 2779/5185/5185 2933/5187/5187 2781/5186/5186
f 2779/5185/5185 2931/5188/5188 2933/5187/5187
f 2781/5189/5189 2935/5191/5191 2783/5190/5190
f 2781/5189/5189 2933/5192/5192 2935/5191/5191
f 2783/5193/5193 2937/5195/5195 2785/5194/5194
f 2783/5193/5193 2935/5196/5196 2937/5195/5195
f 2785/5197/5197 2939/5199/5199 2787/5198/5198
f 2785/5197/5197 2937/5200/5200 2939/5199/5199
f 2787/5201/5201 2941/5203/5203 2789/5202/5202
f 2787/5201/5201 2939/5204/5204 2941/5203/5203
f 2789/5205/5205 2943/5207/5207 2791/5206/5206
f 2789/5205/5205 2941/5208/5208 2943/5207/5207
f 2791/5209/5209 2945/5211/5211 2793/5210/5210
f 2791/5209/5209 2943/5212/5212 2945/5211/5211
f 2793/5213/5213 2947/5215/5215 2795/5214/5214
f 2793/5213/5213 2945/5216/5216 2947/5215/5215
f 2795/5217/5217 2949/5219/5219 2797/5218/5218
f 2795/5217/5217 2947/5220/5220 2949/5219/5219
f 2797/5221/5221 2951/5223/5223 2799/5222/5222
f 2797/5221/5221 2949/5224/5224 2951/5223/5223
f 2799/5225/5225 2953/5227/5227 2801/5226/5226
f 2799/5225/5225 2951/5228/5228 2953/5227/5227
f 2801/5229/5229 2955/5231/5231 2803/5230/5230
f 2801/5229/5229 2953/5232/5232 2955/5231/5231
f 2803/5233/5233 2957/5235/5235 2805/5234/5234
f 2803/5233/5233 2955/5236/5236 2957/5235/5235
f 2805/5237/5237 2959/5239/5239 2807/5238/5238
f 2805/5237/5237 2957/5240/5240 2959/5239/5239
f 2807/5241/5241 2961/5243/5243 2809/5242/5242
f 2807/5241/5241 2959/5244/5244 2961/5243/5243
f 2809/5245/5245 2963/5247/5247 2811/5246/5246
f 2809/5245/5245 2961/5248/5248 2963/5247/5247
f 2811/5249/5249 2965/5251/5251 2813/5250/5250
f 2811/5249/5249 2963/5252/5252 2965/5251/5251
f 2813/5253/5253 2967/5255/5255 2815/5254/5254
f 2813/5253/5253 2965/5256/5256 2967/5255/5255
f 2815/5257/5257 2969/5259/5259 2817/5258/5258
f 2815/5257/5257 2967/5260/5260 2969/5259/5259
f 2817/5261/5261 2971/5263/5263 2819/5262/5262
f 2817/5261/5261 2969/5264/5264 2971/5263/5263
f 2819/5265/5265 2973/5267/5267 2821/5266/5266
f 2819/5265/5265 2971/5268/5268 2973/5267/5267
f 2821/5269/5269 2975/5271/5271 2823/5270/5270
f 2821/5269/5269 2973/5272/5272 2975/5271/5271
f 2823/5273/5273 2977/5275/5275 2825/5274/5274
f 2823/5273/5273 2975/5276/5276 2977/5275/5275
f 2825/5277/5277 2979/5279/5279 2827/5278/5278
f 2825/5277/5277 2977/5280/5280 2979/5279/5279
f 2827/5281/5281 2981/5283/5283 2829/5282/5282
f 2827/5281/5281 2979/5284/5284 2981/5283/5283
f 2829/5285/5285 2983/5287/5287 2831/5286/5286
f 2829/5285/5285 2981/5288/5288 2983/5287/5287
f 2831/5289/5289 2985/5291/5291 2833/5290/5290
f 2831/5289/5289 2983/5292/5292 2985/5291/5291
f 2833/5293/5293 2987/5295/5295 2835/5294/5294
f 2833/5293/5293 2985/5296/5296 2987/5295/5295
f 2835/5297/5297 2989/5299/5299 2837/5298/5298
f 2835/5297/5297 2987/5300/5300 2989/5299/5299
f 2837/5301/5301 2991/5303/5303 2839/5302/5302
f 2837/5301/5301 2989/5304/5304 2991/5303/5303
f 2839/5305/5305 2993/5307/5307 2841/5306/5306
f 2839/5305/5305 2991/5308/5308 2993/5307/5307
f 2841/5309/5309 2995/5311/5311 2843/5310/5310
f 2841/5309/5309 2993/5312/5312 2995/5311/5311
f 2843/5313/5313 2997/5315/5315 2845/5314/5314
f 2843/5313/5313 2995/5316/5316 2997/5315/5315
f 2845/5317/5317 2999/5319/5319 2847/5318/5318
f 2845/5317/5317 2997/5320/5320 2999/5319/5319
f 2847/5321/5321 3001/5323/5323 2849/5322/5322
f 2847/5321/5321 2999/5324/5324 3001/5323/5323
f 2849/5325/5325 3003/5327/5327 2851/5326/5326
f 2849/5325/5325 3001/5328/5328 3003/5327/5327
f 2851/5329/5329 3005/5331/5331 2853/5330/5330
f 2851/5329/5329 3003/5332/5332 3005/5331/5331
f 2853/5333/5333 3007/5335/5335 2855/5334/5334
f 2853/5333/5333 3005/5336/5336 3007/5335/5335
f 2855/5337/5337 3009/5339/5339 2857/5338/5338
f 2855/5337/5337 3007/5340/5340 3009/5339/5339
f 2857/5341/5341 3011/5343/5343 2859/5342/5342
f 2857/5341/5341 3009/5344/5344 3011/5343/5343
f 2859/5345/5345 3013/5347/5347 2861/5346/5346
f 2859/5345/5345 3011/5348/5348 3013/5347/5347
f 2861/5349/5349 3015/5351/5351 2863/5350/5350
f 2861/5349/5349 3013/5352/5352 3015/5351/5351
f 2863/5353/5353 3017/5355/5355 2865/5354/5354
f 2863/5353/5353 3015/5356/5356 3017/5355/5355
f 2865/5357/5357 3019/5359/5359 2867/5358/5358
f 2865/5357/5357 3017/5360/5360 3019/5359/5359
f 2867/5361/5361 3021/5363/5363 2869/5362/5362
f 2867/5361/5361 3019/5364/5364 3021/5363/5363
f 2869/5365/5365 3023/5367/5367 2871/5366/5366
f 2869/5365/5365 3021/5368/5368 3023/5367/5367
f 2871/5369/5369 3025/5371/5371 2873/5370/5370
f 2871/5369/5369 3023/5372/5372 3025/5371/5371
f 2873/5373/5373 3027/5375/5375 2875/5374/5374
f 2873/5373/5373 3025/5376/5376 3027/5375/5375
f 2875/5377/5377 3029/5379/5379 2877/5378/5378
f 2875/5377/5377 3027/5380/5380 3029/5379/5379
f 2877/5381/5381 3031/5383/5383 2879/5382/5382
f 2877/5381/5381 3029/5384/5384 3031/5383/5383
f 2879/5385/5385 3033/5387/5387 2881/5386/5386
f 2879/5385/5385 3031/5388/5388 3033/5387/5387
f 2881/5389/5389 3035/5391/5391 2883/5390/5390
f 2881/5389/5389 3033/5392/5392 3035/5391/5391
f 2883/5393/5393 3037/5395/5395 2885/5394/5394
f 2883/5393/5393 3035/5396/5396 3037/5395/5395
f 2885/5397/5397 3039/5399/5399 2887/5398/5398
f 2885/5397/5397 3037/5400/5400 3039/5399/5399
f 2889/5401/5401 3043/5403/5403 2891/5402/5402
f 2889/5401/5401 3041/5404/5404 3043/5403/5403
f 2891/5405/5405 3045/5407/5407 2893/5406/5406
f 2891/5405/5405 3043/5408/5408 3045/5407/5407
f 2893/5409/5409 3047/5411/5411 2895/5410/5410
f 2893/5409/5409 3045/5412/5412 3047/5411/5411
f 2895/5413/5413 3049/5415/5415 2897/5414/5414
f 2895/5413/5413 3047/5416/5416 3049/5415/5415
f 2897/5417/5417 3051/5419/5419 2899/5418/5418
f 2897/5417/5417 3049/5420/5420 3051/5419/5419
f 2899/5421/5421 3053/5423/5423 2901/5422/5422
f 2899/5421/5421 3051/5424/5424 3053/5423/5423
f 2901/5425/5425 3055/5427/5427 2903/5426/5426
f 2901/5425/5425 3053/5428/5428 3055/5427/5427
f 2903/5429/5429 3057/5431/5431 2905/5430/5430
f 2903/5429/5429 3055/5432/5432 3057/5431/5431
f 2905/5433/5433 3059/5435/5435 2907/5434/5434
f 2905/5433/5433 3057/5436/5436 3059/5435/5435
f 2907/5437/5437 3061/5439/5439 2909/5438/5438
f 2907/5437/5437 3059/5440/5440 3061/5439/5439
f 2909/5441/5441 3063/5443/5443 2911/5442/5442
f 2909/5441/5441 3061/5444/5444 3063/5443/5443
f 2911/5445/5445 3065/5447/5447 2913/5446/5446
f 2911/5445/5445 3063/5448/5448 3065/5447/5447
f 2913/5449/5449 3067/5451/5451 2915/5450/5450
f 2913/5449/5449 3065/5452/5452 3067/5451/5451
f 2915/5453/5453 3069/5455/5455 2917/5454/5454
f 2915/5453/5453 3067/5456/5456 3069/5455/5455
f 2917/5457/5457 3071/5459/5459 2919/5458/5458
f 2917/5457/5457 3069/5460/5460 3071/5459/5459
f 2919/5461/5461 3073/5463/5463 2921/5462/5462
f 2919/5461/5461 3071/5464/5464 3073/5463/5463
f 2921/5465/5465 3075/5467/5467 2923/5466/5466
f 2921/5465/5465 3073/5468/5468 3075/5467/5467
f 2923/5469/5469 3077/5471/5471 2925/5470/5470
f 2923/5469/5469 3075/5472/5472 3077/5471/5471
f 2925/5473/5473 3079/5475/5475 2927/5474/5474
f 2925/5473/5473 3077/5476/5476 3079/5475/5475
f 2927/5477/5477 3081/5479/5479 2929/5478/5478
f 2927/5477/5477 3079/5480/5480 3081/5479/5479
f 2929/5481/5481 3083/5483/5483 2931/5482/5482
f 2929/5481/5481 3081/5484/5484 3083/5483/5483
f 2931/5485/5485 3085/5487/5487 2933/5486/5486
f 2931/5485/5485 3083/5488/5488 3085/5487/5487
f 2933/5489/5489 3087/5491/5491 2935/5490/5490
f 2933/5489/5489 3085/5492/5492 3087/5491/5491
f 2935/5493/5493 3089/5495/5495 2937/5494/5494
f 2935/5493/5493 3087/5496/5496 3089/5495/5495
f 2937/5497/5497 3091/5499/5499 2939/5498/5498
f 2937/5497/5497 3089/5500/5500 3091/5499/5499
f 2939/5501/5501 3093/5503/5503 2941/5502/5502
f 2939/5501/5501 3091/5504/5504 3093/5503/5503
f 2941/5505/5505 3095/5507/5507 2943/5506/5506
f 2941/5505/5505 3093/5508/5508 3095/5507/5507
f 2943/5509/5509 3097/5511/5511 2945/5510/5510
f 2943/5509/5509 3095/5512/5512 3097/5511/5511
f 2945/5513/5513 3099/5515/5515 2947/5514/5514
f 2945/5513/5513 3097/5516/5516 3099/5515/5515
f 2947/5517/5517 3101/5519/5519 2949/5518/5518
f 2947/5517/5517 3099/5520/5520 3101/5519/5519
f 2949/5521/5521 3103/5523/5523 2951/5522/5522
f 2949/5521/5521 3101/5524/5524 3103/5523/5523
f 2951/5525/5525 3105/5527/5527 2953/5526/5526
f 2951/5525/5525 3103/5528/5528 3105/5527/5527
f 2953/5529/5529 3107/5531/5531 2955/5530/5530
f 2953/5529/5529 3105/5532/5532 3107/5531/5531
f 2955/5533/5533 3109/5535/5535 2957/5534/5534
f 2955/5533/5533 3107/5536/5536 3109/5535/5535
f 2957/5537/5537 3111/5539/5539 2959/5538/5538
f 2957/5537/5537 3109/5540/5540 3111/5539/5539
f 2959/5541/5541 3113/5543/5543 2961/5542/5542
f 2959/5541/5541 3111/5544/5544 3113/5543/5543
f 2961/5545/5545 3115/5547/5547 2963/5546/5546
f 2961/5545/5545 3113/5548/5548 3115/5547/5547
f 2963/5549/5549 3117/5551/5551 2965/5550/5550
f 2963/5549/5549 3115/5552/5552 3117/5551/5551
f 2965/5553/5553 3119/5555/5555 2967/5554/5554
f 2965/5553/5553 3117/5556/5556 3119/5555/5555
f 2967/5557/5557 3121/5559/5559 2969/5558/5558
f 2967/5557/5557 3119/5560/5560 3121/5559/5559
f 2969/5561/5561 3123/5563/5563 2971/5562/5562
f 2969/5561/5561 3121/5564/5564 3123/5563/5563
f 2971/5565/5565 3125/5567/5567 2973/5566/5566
f 2971/5565/5565 3123/5568/5568 3125/5567/5567
f 2973/5569/5569 3127/5571/5571 2975/5570/5570
f 2973/5569/5569 3125/5572/5572 3127/5571/5571
f 2975/5573/5573 3129/5575/5575 2977/5574/5574
f 2975/5573/5573 3127/5576/5576 3129/5575/5575
f 2977/5577/5577 3131/5579/5579 2979/5578/5578
f 2977/5577/5577 3129/5580/5580 3131/5579/5579
f 2979/5581/5581 3133/5583/5583 2981/5582/5582
f 2979/5581/5581 3131/5584/5584 3133/5583/5583
f 2981/5585/5585 3135/5587/5587 2983/5586/5586
f 2981/5585/5585 3133/5588/5588 3135/5587/5587
f 2983/5589/5589 3137/5591/5591 2985/5590/5590
f 2983/5589/5589 3135/5592/5592 3137/5591/5591
f 2985/5593/5593 3139/5595/5595 2987/5594/5594
f 2985/5593/5593 3137/5596/5596 3139/5595/5595
f 2987/5597/5597 3141/5599/5599 2989/5598/5598
f 2987/5597/5597 3139/5600/5600 3141/5599/5599
f 2989/5601/5601 3143/5603/5603 2991/5602/5602
f 2989/5601/5601 3141/5604/5604 3143/5603/5603
f 2991/5605/5605 3145/5607/5607 2993/5606/5606
f 2991/5605/5605 3143/5608/5608 3145/5607/5607
f 2993/5609/5609 3147/5611/5611 2995/5610/5610
f 2993/5609/5609 3145/5612/5612 3147/5611/5611
f 2995/5613/5613 3149/5615/5615 2997/5614/5614
f 2995/5613/5613 3147/5616/5616 3149/5615/5615
f 2997/5617/5617 3151/5619/5619 2999/5618/5618
f 2997/5617/5617 3149/5620/5620 3151/5619/5619
f 2999/5621/5621 3153/5623/5623 3001/5622/5622
f 2999/5621/5621 3151/5624/5624 3153/5623/5623
f 3001/5625/5625 3155/5627/5627 3003/5626/5626
f 3001/5625/5625 3153/5628/5628 3155/5627/5627
f 3003/5629/5629 3157/5631/5631 3005/5630/5630
f 3003/5629/5629 3155/5632/5632 3157/5631/5631
f 3005/5633/5633 3159/5635/5635 3007/5634/5634
f 3005/5633/5633 3157/5636/5636 3159/5635/5635
f 3007/5637/5637 3161/5639/5639 3009/5638/5638
f 3007/5637/5637 3159/5640/5640 3161/5639/5639
f 3009/5641/5641 3163/5643/5643 3011/5642/5642
f 3009/5641/5641 3161/5644/5644 3163/5643/5643
f 3011/5645/5645 3165/5647/5647 3013/5646/5646
f 3011/5645/5645 3163/5648/5648 3165/5647/5647
f 3013/5649/5649 3167/5651/5651 3015/5650/5650
f 3013/5649/5649 3165/5652/5652 3167/5651/5651
f 3015/5653/5653 3169/5655/5655 3017/5654/5654
f 3015/5653/5653 3167/5656/5656 3169/5655/5655
f 3017/5657/5657 3171/5659/5659 3019/5658/5658
f 3017/5657/5657 3169/5660/5660 3171/5659/5659
f 3019/5661/5661 3173/5663/5663 3021/5662/5662
f 3019/5661/5661 3171/5664/5664 3173/5663/5663
f 3021/5665/5665 3175/5667/5667 3023/5666/5666
f 3021/5665/5665 3173/5668/5668 3175/5667/5667
f 3023/5669/5669 3177/5671/5671 3025/5670/5670
f 3023/5669/5669 3175/5672/5672 3177/5671/5671
f 3025/5673/5673 3179/5675/5675 3027/5674/5674
f 3025/5673/5673 3177/5676/5676 3179/5675/5675
f 3027/5677/5677 3181/5679/5679 3029/5678/5678
f 3027/5677/5677 3179/5680/5680 3181/5679/5679
f 3029/5681/5681 3183/5683/5683 3031/5682/5682
f 3029/5681/5681 3181/5684/5684 3183/5683/5683
f 3031/5685/5685 3185/5687/5687 3033/5686/5686
f 3031/5685/5685 3183/5688/5688 3185/5687/5687
f 3033/5689/5689 3187/5691/5691 3035/5690/5690
f 3033/5689/5689 3185/5692/5692 3187/5691/5691
f 3035/5693/5693 3189/5695/5695 3037/5694/5694
f 3035/5693/5693 3187/5696/5696 3189/5695/5695
f 3037/5697/5697 3191/5699/5699 3039/5698/5698
f 3037/5697/5697 3189/5700/5700 3191/5699/5699
f 3041/5701/5701 3195/5703/5703 3043/5702/5702
f 3041/5701/5701 3193/5704/5704 3195/5703/5703
f 3043/5705/5705 3197/5707/5707 3045/5706/5706
f 3043/5705/5705 3195/5708/5708 3197/5707/5707
f 3045/5709/5709 3199/5711/5711 3047/5710/5710
f 3045/5709/5709 3197/5712/5712 3199/5711/5711
f 3047/5713/5713 3201/5715/5715 3049/5714/5714
f 3047/5713/5713 3199/5716/5716 3201/5715/5715
f 3049/5717/5717 3203/5719/5719 3051/5718/5718
f 3049/5717/5717 3201/5720/5720 3203/5719/5719
f 3051/5721/5721 3205/5723/5723 3053/5722/5722
f 3051/5721/5721 3203/5724/5724 3205/5723/5723
f 3053/5725/5725 3207/5727/5727 3055/5726/5726
f 3053/5725/5725 3205/5728/5728 3207/5727/5727
f 3055/5729/5729 3209/5731/5731 3057/5730/5730
f 3055/5729/5729 3207/5732/5732 3209/5731/5731
f 3057/5733/5733 3211/5735/5735 3059/5734/5734
f 3057/5733/5733 3209/5736/5736 3211/5735/5735
f 3059/5737/5737 3213/5739/5739 3061/5738/5738
f 3059/5737/5737 3211/5740/5740 3213/5739/5739
f 3061/5741/5741 3215/5743/5743 3063/5742/5742
f 3061/5741/5741 3213/5744/5744 3215/5743/5743
f 3063/5745/5745 3217/5747/5747 3065/5746/5746
f 3063/5745/5745 3215/5748/5748 3217/5747/5747
f 3065/5749/5749 3219/5751/5751 3067/5750/5750
f 3065/5749/5749 3217/5752/5752 3219/5751/5751
f 3067/5753/5753 3221/5755/5755 3069/5754/5754
f 3067/5753/5753 3219/5756/5756 3221/5755/5755
f 3069/5757/5757 3223/5759/5759 3071/5758/5758
f 3069/5757/5757 3221/5760/5760 3223/5759/5759
f 3071/5761/5761 3225/5763/5763 3073/5762/5762
f 3071/5761/5761 3223/5764/5764 3225/5763/5763
f 3073/5765/5765 3227/5767/5767 3075/5766/5766
f 3073/5765/5765 3225/5768/5768 3227/5767/5767
f 3075/5769/5769 3229/5771/5771 3077/5770/5770
f 3075/5769/5769 3227/5772/5772 3229/5771/5771
f 3077/5773/5773 3231/5775/5775 3079/5774/5774
f 3077/5773/5773 3229/5776/5776 3231/5775/5775
f 3079/5777/5777 3233/5779/5779 3081/5778/5778
f 3079/5777/5777 3231/5780/5780 3233/5779/5779
f 3081/5781/5781 3235/5783/5783 3083/5782/5782
f 3081/5781/5781 3233/5784/5784 3235/5783/5783
f 3083/5785/5785 3237/5787/5787 3085/5786/5786
f 3083/5785/5785 3235/5788/5788 3237/5787/5787
f 3085/5789/5789 3239/5791/5791 3087/5790/5790
f 3085/5789/5789 3237/5792/5792 3239/5791/5791
f 3087/5793/5793 3241/5795/5795 3089/5794/5794
f 3087/5793/5793 3239/5796/5796 3241/5795/5795
f 3089/5797/5797 3243/5799/5799 3091/5798/5798
f 3089/5797/5797 3241/5800/5800 3243/5799/5799
f 3091/5801/5801 3245/5803/5803 3093/5802/5802
f 3091/5801/5801 3243/5804/5804 3245/5803/5803
f 3093/5805/5805 3247/5807/5807 3095/5806/5806
f 3093/5805/5805 3245/5808/5808 3247/5807/5807
f 3095/5809/5809 3249/5811/5811 3097/5810/5810
f 3095/5809/5809 3247/5812/5812 3249/5811/5811
f 3097/5813/5813 3251/5815/5815 3099/5814/5814
f 3097/5813/5813 3249/5816/5816 3251/5815/5815
f 3099/5817/5817 3253/5819/5819 3101/5818/5818
f 3099/5817/5817 3251/5820/5820 3253/5819/5819
f 3101/5821/5821 3255/5823/5823 3103/5822/5822
f 3101/5821/5821 3253/5824/5824 3255/5823/5823
f 3103/5825/5825 3257/5827/5827 3105/5826/5826
f 3103/5825/5825 3255/5828/5828 3257/5827/5827
f 3105/5829/5829 3259/5831/5831 3107/5830/5830
f 3105/5829/5829 3257/5832/5832 3259/5831/5831
f 3107/5833/5833 3261/5835/5835 3109/5834/5834
f 3107/5833/5833 3259/5836/5836 3261/5835/5835
f 3109/5837/5837 3263/5839/5839 3111/5838/5838
f 3109/5837/5837 3261/5840/5840 3263/5839/5839
f 3111/5841/5841 3265/5843/5843 3113/5842/5842
f 3111/5841/5841 3263/5844/5844 3265/5843/5843
f 3113/5845/5845 3267/5847/5847 3115/5846/5846
f 3113/5845/5845 3265/5848/5848 3267/5847/5847
f 3115/5849/5849 3269/5851/5851 3117/5850/5850
f 3115/5849/5849 3267/5852/5852 3269/5851/5851
f 3117/5853/5853 3271/5855/5855 3119/5854/5854
f 3117/5853/5853 3269/5856/5856 3271/5855/5855
f 3119/5857/5857 3273/5859/5859 3121/5858/5858
f 3119/5857/5857 3271/5860/5860 3273/5859/5859
f 3121/5861/5861 3275/5863/5863 3123/5862/5862
f 3121/5861/5861 3273/5864/5864 3275/5863/5863
f 3123/5865/5865 3277/5867/5867 3125/5866/5866
f 3123/5865/5865 3275/5868/5868 3277/5867/5867
f 3125/5869/5869 3279/5871/5871 3127/5870/5870
f 3125/5869/5869 3277/5872/5872 3279/5871/5871
f 3127/5873/5873 3281/5875/5875 3129/5874/5874
f 3127/5873/5873 3279/5876/5876 3281/5875/5875
f 3129/5877/5877 3283/5879/5879 3131/5878/5878
f 3129/5877/5877 3281/5880/5880 3283/5879/5879
f 3131/5881/5881 3285/5883/5883 3133/5882/5882
f 3131/5881/5881 3283/5884/5884 3285/5883/5883
f 3133/5885/5885 3287/5887/5887 3135/5886/5886
f 3133/5885/5885 3285/5888/5888 3287/5887/5887
f 3135/5889/5889 3289/5891/5891 3137/5890/5890
f 3135/5889/5889 3287/5892/5892 3289/5891/5891
f 3137/5893/5893 3291/5895/5895 3139/5894/5894
f 3137/5893/5893 3289/5896/5896 3291/5895/5895
f 3139/5897/5897 3293/5899/5899 3141/5898/5898
f 3139/5897/5897 3291/5900/5900 3293/5899/5899
f 3141/5901/5901 3295/5903/5903 3143/5902/5902
f 3141/5901/5901 3293/5904/5904 3295/5903/5903
f 3143/5905/5905 3297/5907/5907 3145/5906/5906
f 3143/5905/5905 3295/5908/5908 3297/5907/5907
f 3145/5909/5909 3299/5911/5911 3147/5910/5910
f 3145/5909/5909 3297/5912/5912 3299/5911/5911
f 3147/5913/5913 3301/5915/5915 3149/5914/5914
f 3147/5913/5913 3299/5916/5916 3301/5915/5915
f 3149/5917/5917 3303/5919/5919 3151/5918/5918
f 3149/5917/5917 3301/5920/5920 3303/5919/5919
f 3151/5921/5921 3305/5923/5923 3153/5922/5922
f 3151/5921/5921 3303/5924/5924 3305/5923/5923
f 3153/5925/5925 3307/5927/5927 3155/5926/5926
f 3153/5925/5925 3305/5928/5928 3307/5927/5927
f 3155/5929/5929 3309/5931/5931 3157/5930/5930
f 3155/5929/5929 3307/5932/5932 3309/5931/5931
f 3157/5933/5933 3311/5935/5935 3159/5934/5934
f 3157/5933/5933 3309/5936/5936 3311/5935/5935
f 3159/5937/5937 3313/5939/5939 3161/5938/5938
f 3159/5937/5937 3311/5940/5940 3313/5939/5939
f 3161/5941/5941 3315/5943/5943 3163/5942/5942
f 3161/5941/5941 3313/5944/5944 3315/5943/5943
f 3163/5945/5945 3317/5947/5947 3165/5946/5946
f 3163/5945/5945 3315/5948/5948 3317/5947/5947
f 3165/5949/5949 3319/5951/5951 3167/5950/5950
f 3165/5949/5949 3317/5952/5952 3319/5951/5951
f 3167/5953/5953 3321/5955/5955 3169/5954/5954
f 3167/5953/5953 3319/5956/5956 3321/5955/5955
f 3169/5957/5957 3323/5959/5959 3171/5958/5958
f 3169/5957/5957 3321/5960/5960 3323/5959/5959
f 3171/5961/5961 3325/5963/5963 3173/5962/5962
f 3171/5961/5961 3323/5964/5964 3325/5963/5963
f 3173/5965/5965 3327/5967/5967 3175/5966/5966
f 3173/5965/5965 3325/5968/5968 3327/5967/5967
f 3175/5969/5969 3329/5971/5971 3177/5970/5970
f 3175/5969/5969 3327/5972/5972 3329/5971/5971
f 3177/5973/5973 3331/5975/5975 3179/5974/5974
f 3177/5973/5973 3329/5976/5976 3331/5975/5975
f 3179/5977/5977 3333/5979/5979 3181/5978/5978
f 3179/5977/5977 3331/5980/5980 3333/5979/5979
f 3181/5981/5981 3335/5983/5983 3183/5982/5982
f 3181/5981/5981 3333/5984/5984 3335/5983/5983
f 3183/5985/5985 3337/5987/5987 3185/5986/5986
f 3183/5985/5985 3335/5988/5988 3337/5987/5987
f 3185/5989/5989 3339/5991/5991 3187/5990/5990
f 3185/5989/5989 3337/5992/5992 3339/5991/5991
f 3187/5993/5993 3341/5995/5995 3189/5994/5994
f 3187/5993/5993 3339/5996/5996 3341/5995/5995
f 3189/5997/5997 3343/5999/5999 3191/5998/5998
f 3189/5997/5997 3341/6000/6000 3343/5999/5999
f 3193/6001/6001 3347/6003/6003 3195/6002/6002
f 3193/6001/6001 3345/6004/6004 3347/6003/6003
f 3195/6005/6005 3349/6007/6007 3197/6006/6006
f 3195/6005/6005 3347/6008/6008 3349/6007/6007
f 3197/6009/6009 3351/6011/6011 3199/6010/6010
f 3197/6009/6009 3349/6012/6012 3351/6011/6011
f 3199/6013/6013 3353/6015/6015 3201/6014/6014
f 3199/6013/6013 3351/6016/6016 3353/6015/6015
f 3201/6017/6017 3355/6019/6019 3203/6018/6018
f 3201/6017/6017 3353/6020/6020 3355/6019/6019
f 3203/6021/6021 3357/6023/6023 3205/6022/6022
f 3203/6021/6021 3355/6024/6024 3357/6023/6023
f 3205/6025/6025 3359/6027/6027 3207/6026/6026
f 3205/6025/6025 3357/6028/6028 3359/6027/6027
f 3207/6029/6029 3361/6031/6031 3209/6030/6030
f 3207/6029/6029 3359/6032/6032 3361/6031/6031
f 3209/6033/6033 3363/6035/6035 3211/6034/6034
f 3209/6033/6033 3361/6036/6036 3363/6035/6035
f 3211/6037/6037 3365/6039/6039 3213/6038/6038
f 3211/6037/6037 3363/6040/6040 3365/6039/6039
f 3213/6041/6041 3367/6043/6043 3215/6042/6042
f 3213/6041/6041 3365/6044/6044 3367/6043/6043
f 3215/6045/6045 3369/6047/6047 3217/6046/6046
f 3215/6045/6045 3367/6048/6048 3369/6047/6047
f 3217/6049/6049 3371/6051/6051 3219/6050/6050
f 3217/6049/6049 3369/6052/6052 3371/6051/6051
f 3219/6053/6053 3373/6055/6055 3221/6054/6054
f 3219/6053/6053 3371/6056/6056 3373/6055/6055
f 3221/6057/6057 3375/6059/6059 3223/6058/6058
f 3221/6057/6057 3373/6060/6060 3375/6059/6059
f 3223/6061/6061 3377/6063/6063 3225/6062/6062
f 3223/6061/6061 3375/6064/6064 3377/6063/6063
f 3225/6065/6065 3379/6067/6067 3227/6066/6066
f 3225/6065/6065 3377/6068/6068 3379/6067/6067
f 3227/6069/6069 3381/6071/6071 3229/6070/6070
f 3227/6069/6069 3379/6072/6072 3381/6071/6071
f 3229/6073/6073 3383/6075/6075 3231/6074/6074
f 3229/6073/6073 3381/6076/6076 3383/6075/6075
f 3231/6077/6077 3385/6079/6079 3233/6078/6078
f 3231/6077/6077 3383/6080/6080 3385/6079/6079
f 3233/6081/6081 3387/6083/6083 3235/6082/6082
f 3233/6081/6081 3385/6084/6084 3387/6083/6083
f 3235/6085/6085 3389/6087/6087 3237/6086/6086
f 3235/6085/6085 3387/6088/6088 3389/6087/6087
f 3237/6089/6089 3391/6091/6091 3239/6090/6090
f 3237/6089/6089 3389/6092/6092 3391/6091/6091
f 3239/6093/6093 3393/6095/6095 3241/6094/6094
f 3239/6093/6093 3391/6096/6096 3393/6095/6095
f 3241/6097/6097 3395/6099/6099 3243/6098/6098
f 3241/6097/6097 3393/6100/6100 3395/6099/6099
f 3243/6101/6101 3397/6103/6103 3245/6102/6102
f 3243/6101/6101 3395/6104/6104 3397/6103/6103
f 3245/6105/6105 3399/6107/6107 3247/6106/6106
f 3245/6105/6105 3397/6108/6108 3399/6107/6107
f 3247/6109/6109 3401/6111/6111 3249/6110/6110
f 3247/6109/6109 3399/6112/6112 3401/6111/6111
f 3249/6113/6113 3403/6115/6115 3251/6114/6114
f 3249/6113/6113 3401/6116/6116 3403/6115/6115
f 3251/6117/6117 3405/6119/6119 3253/6118/6118
f 3251/6117/6117 3403/6120/6120 3405/6119/6119
f 3253/6121/6121 3407/6123/6123 3255/6122/6122
f 3253/6121/6121 3405/6124/6124 3407/6123/6123
f 3255/6125/6125 3409/6127/6127 3257/6126/6126
f 3255/6125/6125 3407/6128/6128 3409/6127/6127
f 3257/6129/6129 3411/6131/6131 3259/6130/6130
f 3257/6129/6129 3409/6132/6132 3411/6131/6131
f 3259/6133/6133 3413/6135/6135 3261/6134/6134
f 3259/6133/6133 3411/6136/6136 3413/6135/6135
f 3261/6137/6137 3415/6139/6139 3263/6138/6138
f 3261/6137/6137 3413/6140/6140 3415/6139/6139
f 3263/6141/6141 3417/6143/6143 3265/6142/6142
f 3263/6141/6141 3415/6144/6144 3417/6143/6143
f 3265/6145/6145 3419/6147/6147 3267/6146/6146
f 3265/6145/6145 3417/6148/6148 3419/6147/6147
f 3267/6149/6149 3421/6151/6151 3269/6150/6150
f 3267/6149/6149 3419/6152/6152 3421/6151/6151
f 3269/6153/6153 3423/6155/6155 3271/6154/6154
f 3269/6153/6153 3421/6156/6156 3423/6155/6155
f 3271/6157/6157 3425/6159/6159 3273/6158/6158
f 3271/6157/6157 3423/6160/6160 3425/6159/6159
f 3273/6161/6161 3427/6163/6163 3275/6162/6162
f 3273/6161/6161 3425/6164/6164 3427/6163/6163
f 3275/6165/6165 3429/6167/6167 3277/6166/6166
f 3275/6165/6165 3427/6168/6168 3429/6167/6167
f 3277/6169/6169 3431/6171/6171 3279/6170/6170
f 3277/6169/6169 3429/6172/6172 3431/6171/6171
f 3279/6173/6173 3433/6175/6175 3281/6174/6174
f 3279/6173/6173 3431/6176/6176 3433/6175/6175
f 3281/6177/6177 3435/6179/6179 3283/6178/6178
f 3281/6177/6177 3433/6180/6180 3435/6179/6179
f 3283/6181/6181 3437/6183/6183 3285/6182/6182
f 3283/6181/6181 3435/6184/6184 3437/6183/6183
f 3285/6185/6185 3439/6187/6187 3287/6186/6186
f 3285/6185/6185 3437/6188/6188 3439/6187/6187
f 3287/6189/6189 3441/6191/6191 3289/6190/6190
f 3287/6189/6189 3439/6192/6192 3441/6191/6191
f 3289/6193/6193 3443/6195/6195 3291/6194/6194
f 3289/6193/6193 3441/6196/6196 3443/6195/6195
f 3291/6197/6197 3445/6199/6199 3293/6198/6198
f 3291/6197/6197 3443/6200/6200 3445/6199/6199
f 3293/6201/6201 3447/6203/6203 3295/6202/6202
f 3293/6201/6201 3445/6204/6204 3447/6203/6203
f 3295/6205/6205 3449/6207/6207 3297/6206/6206
f 3295/6205/6205 3447/6208/6208 3449/6207/6207
f 3297/6209/6209 3451/6211/6211 3299/6210/6210
f 3297/6209/6209 3449/6212/6212 3451/6211/6211
f 3299/6213/6213 3453/6215/6215 3301/6214/6214
f 3299/6213/6213 3451/6216/6216 3453/6215/6215
f 3301/6217/6217 3455/6219/6219 3303/6218/6218
f 3301/6217/6217 3453/6220/6220 3455/6219/6219
f 3303/6221/6221 3457/6223/6223 3305/6222/6222
f 3303/6221/6221 3455/6224/6224 3457/6223/6223
f 3305/6225/6225 3459/6227/6227 3307/6226/6226
f 3305/6225/6225 3457/6228/6228 3459/6227/6227
f 3307/6229/6229 3461/6231/6231 3309/6230/6230
f 3307/6229/6229 3459/6232/6232 3461/6231/6231
f 3309/6233/6233 3463/6235/6235 3311/6234/6234
f 3309/6233/6233 3461/6236/6236 3463/6235/6235
f 3311/6237/6237 3465/6239/6239 3313/6238/6238
f 3311/6237/6237 3463/6240/6240 3465/6239/6239
f 3313/6241/6241 3467/6243/6243 3315/6242/6242
f 3313/6241/6241 3465/6244/6244 3467/6243/6243
f 3315/6245/6245 3469/6247/6247 3317/6246/6246
f 3315/6245/6245 3467/6248/6248 3469/6247/6247
f 3317/6249/6249 3471/6251/6251 3319/6250/6250
f 3317/6249/6249 3469/6252/6252 3471/6251/6251
f 3319/6253/6253 3473/6255/6255 3321/6254/6254
f 3319/6253/6253 3471/6256/6256 3473/6255/6255
f 3321/6257/6257 3475/6259/6259 3323/6258/6258
f 3321/6257/6257 3473/6260/6260 3475/6259/6259
f 3323/6261/6261 3477/6263/6263 3325/6262/6262
f 3323/6261/6261 3475/6264/6264 3477/6263/6263
f 3325/6265/6265 3479/6267/6267 3327/6266/6266
f 3325/6265/6265 3477/6268/6268 3479/6267/6267
f 3327/6269/6269 3481/6271/6271 3329/6270/6270
f 3327/6269/6269 3479/6272/6272 3481/6271/6271
f 3329/6273/6273 3483/6275/6275 3331/6274/6274
f 3329/6273/6273 3481/6276/6276 3483/6275/6275
f 3331/6277/6277 3485/6279/6279 3333/6278/6278
f 3331/6277/6277 3483/6280/6280 3485/6279/6279
f 3333/6281/6281 3487/6283/6283 3335/6282/6282
f 3333/6281/6281 3485/6284/6284 3487/6283/6283
f 3335/6285/6285 3489/6287/6287 3337/6286/6286
f 3335/6285/6285 3487/6288/6288 3489/6287/6287
f 3337/6289/6289 3491/6291/6291 3339/6290/6290
f 3337/6289/6289 3489/6292/6292 3491/6291/6291
f 3339/6293/6293 3493/6295/6295 3341/6294/6294
f 3339/6293/6293 3491/6296/6296 3493/6295/6295
f 3341/6297/6297 3495/6299/6299 3343/6298/6298
f 3341/6297/6297 3493/6300/6300 3495/6299/6299
f 3345/6301/6301 3499/6303/6303 3347/6302/6302
f 3345/6301/6301 3497/6304/6304 3499/6303/6303
f 3347/6305/6305 3501/6307/6307 3349/6306/6306
f 3347/6305/6305 3499/6308/6308 3501/6307/6307
f 3349/6309/6309 3503/6311/6311 3351/6310/6310
f 3349/6309/6309 3501/6312/6312 3503/6311/6311
f 3351/6313/6313 3505/6315/6315 3353/6314/6314
f 3351/6313/6313 3503/6316/6316 3505/6315/6315
f 3353/6317/6317 3507/6319/6319 3355/6318/6318
f 3353/6317/6317 3505/6320/6320 3507/6319/6319
f 3355/6321/6321 3509/6323/6323 3357/6322/6322
f 3355/6321/6321 3507/6324/6324 3509/6323/6323
f 3357/6325/6325 3511/6327/6327 3359/6326/6326
f 3357/6325/6325 3509/6328/6328 3511/6327/6327
f 3359/6329/6329 3513/6331/6331 3361/6330/6330
f 3359/6329/6329 3511/6332/6332 3513/6331/6331
f 3361/6333/6333 3515/6335/6335 3363/6334/6334
f 3361/6333/6333 3513/6336/6336 3515/6335/6335
f 3363/6337/6337 3517/6339/6339 3365/6338/6338
f 3363/6337/6337 3515/6340/6340 3517/6339/6339
f 3365/6341/6341 3519/6343/6343 3367/6342/6342
f 3365/6341/6341 3517/6344/6344 3519/6343/6343
f 3367/6345/6345 3521/6347/6347 3369/6346/6346
f 3367/6345/6345 3519/6348/6348 3521/6347/6347
f 3369/6349/6349 3523/6351/6351 3371/6350/6350
f 3369/6349/6349 3521/6352/6352 3523/6351/6351
f 3371/6353/6353 3525/6355/6355 3373/6354/6354
f 3371/6353/6353 3523/6356/6356 3525/6355/6355
f 3373/6357/6357 3527/6359/6359 3375/6358/6358
f 3373/6357/6357 3525/6360/6360 3527/6359/6359
f 3375/6361/6361 3529/6363/6363 3377/6362/6362
f 3375/6361/6361 3527/6364/6364 3529/6363/6363
f 3377/6365/6365 3531/6367/6367 3379/6366/6366
f 3377/6365/6365 3529/6368/6368 3531/6367/6367
f 3379/6369/6369 3533/6371/6371 3381/6370/6370
f 3379/6369/6369 3531/6372/6372 3533/6371/6371
f 3381/6373/6373 3535/6375/6375 3383/6374/6374
f 3381/6373/6373 3533/6376/6376 3535/6375/6375
f 3383/6377/6377 3537/6379/6379 3385/6378/6378
f 3383/6377/6377 3535/6380/6380 3537/6379/6379
f 3385/6381/6381 3539/6383/6383 3387/6382/6382
f 3385/6381/6381 3537/6384/6384 3539/6383/6383
f 3387/6385/6385 3541/6387/6387 3389/6386/6386
f 3387/6385/6385 3539/6388/6388 3541/6387/6387
f 3389/6389/6389 3543/6391/6391 3391/6390/6390
f 3389/6389/6389 3541/6392/6392 3543/6391/6391
f 3391/6393/6393 3545/6395/6395 3393/6394/6394
f 3391/6393/6393 3543/6396/6396 3545/6395/6395
f 3393/6397/6397 3547/6399/6399 3395/6398/6398
f 3393/6397/6397 3545/6400/6400 3547/6399/6399
f 3395/6401/6401 3549/6403/6403 3397/6402/6402
f 3395/6401/6401 3547/6404/6404 3549/6403/6403
f 3397/6405/6405 3551/6407/6407 3399/6406/6406
f 3397/6405/6405 3549/6408/6408 3551/6407/6407
f 3399/6409/6409 3553/6411/6411 3401/6410/6410
f 3399/6409/6409 3551/6412/6412 3553/6411/6411
f 3401/6413/6413 3555/6415/6415 3403/6414/6414
f 3401/6413/6413 3553/6416/6416 3555/6415/6415
f 3403/6417/6417 3557/6419/6419 3405/6418/6418
f 3403/6417/6417 3555/6420/6420 3557/6419/6419
f 3405/6421/6421 3559/6423/6423 3407/6422/6422
f 3405/6421/6421 3557/6424/6424 3559/6423/6423
f 3407/6425/6425 3561/6427/6427 3409/6426/6426
f 3407/6425/6425 3559/6428/6428 3561/6427/6427
f 3409/6429/6429 3563/6431/6431 3411/6430/6430
f 3409/6429/6429 3561/6432/6432 3563/6431/6431
f 3411/6433/6433 3565/6435/6435 3413/6434/6434
f 3411/6433/6433 3563/6436/6436 3565/6435/6435
f 3413/6437/6437 3567/6439/6439 3415/6438/6438
f 3413/6437/6437 3565/6440/6440 3567/6439/6439
f 3415/6441/6441 3569/6443/6443 3417/6442/6442
f 3415/6441/6441 3567/6444/6444 3569/6443/6443
f 3417/6445/6445 3571/6447/6447 3419/6446/6446
f 3417/6445/6445 3569/6448/6448 3571/6447/6447
f 3419/6449/6449 3573/6451/6451 3421/6450/6450
f 3419/6449/6449 3571/6452/6452 3573/6451/6451
f 3421/6453/6453 3575/6455/6455 3423/6454/6454
f 3421/6453/6453 3573/6456/6456 3575/6455/6455
f 3423/6457/6457 3577/6459/6459 3425/6458/6458
f 3423/6457/6457 3575/6460/6460 3577/6459/6459
f 3425/6461/6461 3579/6463/6463 3427/6462/6462
f 3425/6461/6461 3577/6464/6464 3579/6463/6463
f 3427/6465/6465 3581/6467/6467 3429/6466/6466
f 3427/6465/6465 3579/6468/6468 3581/6467/6467
f 3429/6469/6469 3583/6471/6471 3431/6470/6470
f 3429/6469/6469 3581/6472/6472 3583/6471/6471
f 3431/6473/6473 3585/6475/6475 3433/6474/6474
f 3431/6473/6473 3583/6476/6476 3585/6475/6475
f 3433/6477/6477 3587/6479/6479 3435/6478/6478
f 3433/6477/6477 3585/6480/6480 3587/6479/6479
f 3435/6481/6481 3589/6483/6483 3437/6482/6482
f 3435/6481/6481 3587/6484/6484 3589/6483/6483
f 3437/6485/6485 3591/6487/6487 3439/6486/6486
f 3437/6485/6485 3589/6488/6488 3591/6487/6487
f 3439/6489/6489 3593/6491/6491 3441/6490/6490
f 3439/6489/6489 3591/6492/6492 3593/6491/6491
f 3441/6493/6493 3595/6495/6495 3443/6494/6494
f 3441/6493/6493 3593/6496/6496 3595/6495/6495
f 3443/6497/6497 3597/6499/6499 3445/6498/6498
f 3443/6497/6497 3595/6500/6500 3597/6499/6499
f 3445/6501/6501 3599/6503/6503 3447/6502/6502
f 3445/6501/6501 3597/6504/6504 3599/6503/6503
f 3447/6505/6505 3601/6507/6507 3449/6506/6506
f 3447/6505/6505 3599/6508/6508 3601/6507/6507
f 3449/6509/6509 3603/6511/6511 3451/6510/6510
f 3449/6509/6509 3601/6512/6512 3603/6511/6511
f 3451/6513/6513 3605/6515/6515 3453/6514/6514
f 3451/6513/6513 3603/6516/6516 3605/6515/6515
f 3453/6517/6517 3607/6519/6519 3455/6518/6518
f 3453/6517/6517 3605/6520/6520 3607/6519/6519
f 3455/6521/6521 3609/6523/6523 3457/6522/6522
f 3455/6521/6521 3607/6524/6524 3609/6523/6523
f 3457/6525/6525 3611/6527/6527 3459/6526/6526
f 3457/6525/6525 3609/6528/6528 3611/6527/6527
f 3459/6529/6529 3613/6531/6531 3461/6530/6530
f 3459/6529/6529 3611/6532/6532 3613/6531/6531
f 3461/6533/6533 3615/6535/6535 3463/6534/6534
f 3461/6533/6533 3613/6536/6536 3615/6535/6535
f 3463/6537/6537 3617/6539/6539 3465/6538/6538
f 3463/6537/6537 3615/6540/6540 3617/6539/6539
f 3465/6541/6541 3619/6543/6543 3467/6542/6542
f 3465/6541/6541 3617/6544/6544 3619/6543/6543
f 3467/6545/6545 3621/6547/6547 3469/6546/6546
f 3467/6545/6545 3619/6548/6548 3621/6547/6547
f 3469/6549/6549 3623/6551/6551 3471/6550/6550
f 3469/6549/6549 3621/6552/6552 3623/6551/6551
f 3471/6553/6553 3625/6555/6555 3473/6554/6554
f 3471/6553/6553 3623/6556/6556 3625/6555/6555
f 3473/6557/6557 3627/6559/6559 3475/6558/6558
f 3473/6557/6557 3625/6560/6560 3627/6559/6559
f 3475/6561/6561 3629/6563/6563 3477/6562/6562
f 3475/6561/6561 3627/6564/6564 3629/6563/6563
f 3477/6565/6565 3631/6567/6567 3479/6566/6566
f 3477/6565/6565 3629/6568/6568 3631/6567/6567
f 3479/6569/6569 3633/6571/6571 3481/6570/6570
f 3479/6569/6569 3631/6572/6572 3633/6571/6571
f 3481/6573/6573 3635/6575/6575 3483/6574/6574
f 3481/6573/6573 3633/6576/6576 3635/6575/6575
f 3483/6577/6577 3637/6579/6579 3485/6578/6578
f 3483/6577/6577 3635/6580/6580 3637/6579/6579
f 3485/6581/6581 3639/6583/6583 3487/6582/6582
f 3485/6581/6581 3637/6584/6584 3639/6583/6583
f 3487/6585/6585 3641/6587/6587 3489/6586/6586
f 3487/6585/6585 3639/6588/6588 3641/6587/6587
f 3489/6589/6589 3643/6591/6591 3491/6590/6590
f 3489/6589/6589 3641/6592/6592 3643/6591/6591
f 3491/6593/6593 3645/6595/6595 3493/6594/6594
f 3491/6593/6593 3643/6596/6596 3645/6595/6595
f 3493/6597/6597 3647/6599/6599 3495/6598/6598
f 3493/6597/6597 3645/6600/6600 3647/6599/6599
f 3497/6601/6601 3651/6603/6603 3499/6602/6602
f 3497/6601/6601 3649/6604/6604 3651/6603/6603
f 3499/6605/6605 3653/6607/6607 3501/6606/6606
f 3499/6605/6605 3651/6608/6608 3653/6607/6607
f 3501/6609/6609 3655/6611/6611 3503/6610/6610
f 3501/6609/6609 3653/6612/6612 3655/6611/6611
f 3503/6613/6613 3657/6615/6615 3505/6614/6614
f 3503/6613/6613 3655/6616/6616 3657/6615/6615
f 3505/6617/6617 3659/6619/6619 3507/6618/6618
f 3505/6617/6617 3657/6620/6620 3659/6619/6619
f 3507/6621/6621 3661/6623/6623 3509/6622/6622
f 3507/6621/6621 3659/6624/6624 3661/6623/6623
f 3509/6625/6625 3663/6627/6627 3511/6626/6626
f 3509/6625/6625 3661/6628/6628 3663/6627/6627
f 3511/6629/6629 3665/6631/6631 3513/6630/6630
f 3511/6629/6629 3663/6632/6632 3665/6631/6631
f 3513/6633/6633 3667/6635/6635 3515/6634/6634
f 3513/6633/6633 3665/6636/6636 3667/6635/6635
f 3515/6637/6637 3669/6639/6639 3517/6638/6638
f 3515/6637/6637 3667/6640/6640 3669/6639/6639
f 3517/6641/6641 3671/6643/6643 3519/6642/6642
f 3517/6641/6641 3669/6644/6644 3671/6643/6643
f 3519/6645/6645 3673/6647/6647 3521/6646/6646
f 3519/6645/6645 3671/6648/6648 3673/6647/6647
f 3521/6649/6649 3675/6651/6651 3523/6650/6650
f 3521/6649/6649 3673/6652/6652 3675/6651/6651
f 3523/6653/6653 3677/6655/6655 3525/6654/6654
f 3523/6653/6653 3675/6656/6656 3677/6655/6655
f 3525/6657/6657 3679/6659/6659 3527/6658/6658
f 3525/6657/6657 3677/6660/6660 3679/6659/6659
f 3527/6661/6661 3681/6663/6663 3529/6662/6662
f 3527/6661/6661 3679/6664/6664 3681/6663/6663
f 3529/6665/6665 3683/6667/6667 3531/6666/6666
f 3529/6665/6665 3681/6668/6668 3683/6667/6667
f 3531/6669/6669 3685/6671/6671 3533/6670/6670
f 3531/6669/6669 3683/6672/6672 3685/6671/6671
f 3533/6673/6673 3687/6675/6675 3535/6674/6674
f 3533/6673/6673 3685/6676/6676 3687/6675/6675
f 3535/6677/6677 3689/6679/6679 3537/6678/6678
f 3535/6677/6677 3687/6680/6680 3689/6679/6679
f 3537/6681/6681 3691/6683/6683 3539/6682/6682
f 3537/6681/6681 3689/6684/6684 3691/6683/6683
f 3539/6685/6685 3693/6687/6687 3541/6686/6686
f 3539/6685/6685 3691/6688/6688 3693/6687/6687
f 3541/6689/6689 3695/6691/6691 3543/6690/6690
f 3541/6689/6689 3693/6692/6692 3695/6691/6691
f 3543/6693/6693 3697/6695/6695 3545/6694/6694
f 3543/6693/6693 3695/6696/6696 3697/6695/6695
f 3545/6697/6697 3699/6699/6699 3547/6698/6698
f 3545/6697/6697 3697/6700/6700 3699/6699/6699
f 3547/6701/6701 3701/6703/6703 3549/6702/6702
f 3547/6701/6701 3699/6704/6704 3701/6703/6703
f 3549/6705/6705 3703/6707/6707 3551/6706/6706
f 3549/6705/6705 3701/6708/6708 3703/6707/6707
f 3551/6709/6709 3705/6711/6711 3553/6710/6710
f 3551/6709/6709 3703/6712/6712 3705/6711/6711
f 3553/6713/6713 3707/6715/6715 3555/6714/6714
f 3553/6713/6713 3705/6716/6716 3707/6715/6715
f 3555/6717/6717 3709/6719/6719 3557/6718/6718
f 3555/6717/6717 3707/6720/6720 3709/6719/6719
f 3557/6721/6721 3711/6723/6723 3559/6722/6722
f 3557/6721/6721 3709/6724/6724 3711/6723/6723
f 3559/6725/6725 3713/6727/6727 3561/6726/6726
f 3559/6725/6725 3711/6728/6728 3713/6727/6727
f 3561/6729/6729 3715/6731/6731 3563/6730/6730
f 3561/6729/6729 3713/6732/6732 3715/6731/6731
f 3563/6733/6733 3717/6735/6735 3565/6734/6734
f 3563/6733/6733 3715/6736/6736 3717/6735/6735
f 3565/6737/6737 3719/6739/6739 3567/6738/6738
f 3565/6737/6737 3717/6740/6740 3719/6739/6739
f 3567/6741/6741 3721/6743/6743 3569/6742/6742
f 3567/6741/6741 3719/6744/6744 3721/6743/6743
f 3569/6745/6745 3723/6747/6747 3571/6746/6746
f 3569/6745/6745 3721/6748/6748 3723/6747/6747
f 3571/6749/6749 3725/6751/6751 3573/6750/6750
f 3571/6749/6749 3723/6752/6752 3725/6751/6751
f 3573/6753/6753 3727/6755/6755 3575/6754/6754
f 3573/6753/6753 3725/6756/6756 3727/6755/6755
f 3575/6757/6757 3729/6759/6759 3577/6758/6758
f 3575/6757/6757 3727/6760/6760 3729/6759/6759
f 3577/6761/6761 3731/6763/6763 3579/6762/6762
f 3577/6761/6761 3729/6764/6764 3731/6763/6763
f 3579/6765/6765 3733/6767/6767 3581/6766/6766
f 3579/6765/6765 3731/6768/6768 3733/6767/6767
f 3581/6769/6769 3735/6771/6771 3583/6770/6770
f 3581/6769/6769 3733/6772/6772 3735/6771/6771
f 3583/6773/6773 3737/6775/6775 3585/6774/6774
f 3583/6773/6773 3735/6776/6776 3737/6775/6775
f 3585/6777/6777 3739/6779/6779 3587/6778/6778
f 3585/6777/6777 3737/6780/6780 3739/6779/6779
f 3587/6781/6781 3741/6783/6783 3589/6782/6782
f 3587/6781/6781 3739/6784/6784 3741/6783/6783
f 3589/6785/6785 3743/6787/6787 3591/6786/6786
f 3589/6785/6785 3741/6788/6788 3743/6787/6787
f 3591/6789/6789 3745/6791/6791 3593/6790/6790
f 3591/6789/6789 3743/6792/6792 3745/6791/6791
f 3593/6793/6793 3747/6795/6795 3595/6794/6794
f 3593/6793/6793 3745/6796/6796 3747/6795/6795
f 3595/6797/6797 3749/6799/6799 3597/6798/6798
f 3595/6797/6797 3747/6800/6800 3749/6799/6799
f 3597/6801/6801 3751/6803/6803 3599/6802/6802
f 3597/6801/6801 3749/6804/6804 3751/6803/6803
f 3599/6805/6805 3753/6807/6807 3601/6806/6806
f 3599/6805/6805 3751/6808/6808 3753/6807/6807
f 3601/6809/6809 3755/6811/6811 3603/6810/6810
f 3601/6809/6809 3753/6812/6812 3755/6811/6811
f 3603/6813/6813 3757/6815/6815 3605/6814/6814
f 3603/6813/6813 3755/6816/6816 3757/6815/6815
f 3605/6817/6817 3759/6819/6819 3607/6818/6818
f 3605/6817/6817 3757/6820/6820 3759/6819/6819
f 3607/6821/6821 3761/6823/6823 3609/6822/6822
f 3607/6821/6821 3759/6824/6824 3761/6823/6823
f 3609/6825/6825 3763/6827/6827 3611/6826/6826
f 3609/6825/6825 3761/6828/6828 3763/6827/6827
f 3611/6829/6829 3765/6831/6831 3613/6830/6830
f 3611/6829/6829 3763/6832/6832 3765/6831/6831
f 3613/6833/6833 3767/6835/6835 3615/6834/6834
f 3613/6833/6833 3765/6836/6836 3767/6835/6835
f 3615/6837/6837 3769/6839/6839 3617/6838/6838
f 3615/6837/6837 3767/6840/6840 3769/6839/6839
f 3617/6841/6841 3771/6843/6843 3619/6842/6842
f 3617/6841/6841 3769/6844/6844 3771/6843/6843
f 3619/6845/6845 3773/6847/6847 3621/6846/6846
f 3619/6845/6845 3771/6848/6848 3773/6847/6847
f 3621/6849/6849 3775/6851/6851 3623/6850/6850
f 3621/6849/6849 3773/6852/6852 3775/6851/6851
f 3623/6853/6853 3777/6855/6855 3625/6854/6854
f 3623/6853/6853 3775/6856/6856 3777/6855/6855
f 3625/6857/6857 3779/6859/6859 3627/6858/6858
f 3625/6857/6857 3777/6860/6860 3779/6859/6859
f 3627/6861/6861 3781/6863/6863 3629/6862/6862
f 3627/6861/6861 3779/6864/6864 3781/6863/6863
f 3629/6865/6865 3783/6867/6867 3631/6866/6866
f 3629/6865/6865 3781/6868/6868 3783/6867/6867
f 3631/6869/6869 3785/6871/6871 3633/6870/6870
f 3631/6869/6869 3783/6872/6872 3785/6871/6871
f 3633/6873/6873 3787/6875/6875 3635/6874/6874
f 3633/6873/6873 3785/6876/6876 3787/6875/6875
f 3635/6877/6877 3789/6879/6879 3637/6878/6878
f 3635/6877/6877 3787/6880/6880 3789/6879/6879
f 3637/6881/6881 3791/6883/6883 3639/6882/6882
f 3637/6881/6881 3789/6884/6884 3791/6883/6883
f 3639/6885/6885 3793/6887/6887 3641/6886/6886
f 3639/6885/6885 3791/6888/6888 3793/6887/6887
f 3641/6889/6889 3795/6891/6891 3643/6890/6890
f 3641/6889/6889 3793/6892/6892 3795/6891/6891
f 3643/6893/6893 3797/6895/6895 3645/6894/6894
f 3643/6893/6893 3795/6896/6896 3797/6895/6895
f 3645/6897/6897 3799/6899/6899 3647/6898/6898
f 3645/6897/6897 3797/6900/6900 3799/6899/6899
f 3649/6901/6901 3803/6903/6903 3651/6902/6902
f 3649/6901/6901 3801/6904/6904 3803/6903/6903
f 3651/6905/6905 3805/6907/6907 3653/6906/6906
f 3651/6905/6905 3803/6908/6908 3805/6907/6907
f 3653/6909/6909 3807/6911/6911 3655/6910/6910
f 3653/6909/6909 3805/6912/6912 3807/6911/6911
f 3655/6913/6913 3809/6915/6915 3657/6914/6914
f 3655/6913/6913 3807/6916/6916 3809/6915/6915
f 3657/6917/6917 3811/6919/6919 3659/6918/6918
f 3657/6917/6917 3809/6920/6920 3811/6919/6919
f 3659/6921/6921 3813/6923/6923 3661/6922/6922
f 3659/6921/6921 3811/6924/6924 3813/6923/6923
f 3661/6925/6925 3815/6927/6927 3663/6926/6926
f 3661/6925/6925 3813/6928/6928 3815/6927/6927
f 3663/6929/6929 3817/6931/6931 3665/6930/6930
f 3663/6929/6929 3815/6932/6932 3817/6931/6931
f 3665/6933/6933 3819/6935/6935 3667/6934/6934
f 3665/6933/6933 3817/6936/6936 3819/6935/6935
f 3667/6937/6937 3821/6939/6939 3669/6938/6938
f 3667/6937/6937 3819/6940/6940 3821/6939/6939
f 3669/6941/6941 3823/6943/6943 3671/6942/6942
f 3669/6941/6941 3821/6944/6944 3823/6943/6943
f 3671/6945/6945 3825/6947/6947 3673/6946/6946
f 3671/6945/6945 3823/6948/6948 3825/6947/6947
f 3673/6949/6949 3827/6951/6951 3675/6950/6950
f 3673/6949/6949 3825/6952/6952 3827/6951/6951
f 3675/6953/6953 3829/6955/6955 3677/6954/6954
f 3675/6953/6953 3827/6956/6956 3829/6955/6955
f 3677/6957/6957 3831/6959/6959 3679/6958/6958
f 3677/6957/6957 3829/6960/6960 3831/6959/6959
f 3679/6961/6961 3833/6963/6963 3681/6962/6962
f 3679/6961/6961 3831/6964/6964 3833/6963/6963
f 3681/6965/6965 3835/6967/6967 3683/6966/6966
f 3681/6965/6965 3833/6968/6968 3835/6967/6967
f 3683/6969/6969 3837/6971/6971 3685/6970/6970
f 3683/6969/6969 3835/6972/6972 3837/6971/6971
f 3685/6973/6973 3839/6975/6975 3687/6974/6974
f 3685/6973/6973 3837/6976/6976 3839/6975/6975
f 3687/6977/6977 3841/6979/6979 3689/6978/6978
f 3687/6977/6977 3839/6980/6980 3841/6979/6979
f 3689/6981/6981 3843/6983/6983 3691/6982/6982
f 3689/6981/6981 3841/6984/6984 3843/6983/6983
f 3691/6985/6985 3845/6987/6987 3693/6986/6986
f 3691/6985/6985 3843/6988/6988 3845/6987/6987
f 3693/6989/6989 3847/6991/6991 3695/6990/6990
f 3693/6989/6989 3845/6992/6992 3847/6991/6991
f 3695/6993/6993 3849/6995/6995 3697/6994/6994
f 3695/6993/6993 3847/6996/6996 3849/6995/6995
f 3697/6997/6997 3851/6999/6999 3699/6998/6998
f 3697/6997/6997 3849/7000/7000 3851/6999/6999
f 3699/7001/7001 3853/7003/7003 3701/7002/7002
f 3699/7001/7001 3851/7004/7004 3853/7003/7003
f 3701/7005/7005 3855/7007/7007 3703/7006/7006
f 3701/7005/7005 3853/7008/7008 3855/7007/7007
f 3703/7009/7009 3857/7011/7011 3705/7010/7010
f 3703/7009/7009 3855/7012/7012 3857/7011/7011
f 3705/7013/7013 3859/7015/7015 3707/7014/7014
f 3705/7013/7013 3857/7016/7016 3859/7015/7015
f 3707/7017/7017 3861/7019/7019 3709/7018/7018
f 3707/7017/7017 3859/7020/7020 3861/7019/7019
f 3709/7021/7021 3863/7023/7023 3711/7022/7022
f 3709/7021/7021 3861/7024/7024 3863/7023/7023
f 3711/7025/7025 3865/7027/7027 3713/7026/7026
f 3711/7025/7025 3863/7028/7028 3865/7027/7027
f 3713/7029/7029 3867/7031/7031 3715/7030/7030
f 3713/7029/7029 3865/7032/7032 3867/7031/7031
f 3715/7033/7033 3869/7035/7035 3717/7034/7034
f 3715/7033/7033 3867/7036/7036 3869/7035/7035
f 3717/7037/7037 3871/7039/7039 3719/7038/7038
f 3717/7037/7037 3869/7040/7040 3871/7039/7039
f 3719/7041/7041 3873/7043/7043 3721/7042/7042
f 3719/7041/7041 3871/7044/7044 3873/7043/7043
f 3721/7045/7045 3875/7047/7047 3723/7046/7046
f 3721/7045/7045 3873/7048/7048 3875/7047/7047
f 3723/7049/7049 3877/7051/7051 3725/7050/7050
f 3723/7049/7049 3875/7052/7052 3877/7051/7051
f 3725/7053/7053 3879/7055/7055 3727/7054/7054
f 3725/7053/7053 3877/7056/7056 3879/7055/7055
f 3727/7057/7057 3881/7059/7059 3729/7058/7058
f 3727/7057/7057 3879/7060/7060 3881/7059/7059
f 3729/7061/7061 3883/7063/7063 3731/7062/7062
f 3729/7061/7061 3881/7064/7064 3883/7063/7063
f 3731/7065/7065 3885/7067/7067 3733/7066/7066
f 3731/7065/7065 3883/7068/7068 3885/7067/7067
f 3733/7069/7069 3887/7071/7071 3735/7070/7070
f 3733/7069/7069 3885/7072/7072 3887/7071/7071
f 3735/7073/7073 3889/7075/7075 3737/7074/7074
f 3735/7073/7073 3887/7076/7076 3889/7075/7075
f 3737/7077/7077 3891/7079/7079 3739/7078/7078
f 3737/7077/7077 3889/7080/7080 3891/7079/7079
f 3739/7081/7081 3893/7083/7083 3741/7082/7082
f 3739/7081/7081 3891/7084/7084 3893/7083/7083
f 3741/7085/7085 3895/7087/7087 3743/7086/7086
f 3741/7085/7085 3893/7088/7088 3895/7087/7087
f 3743/7089/7089 3897/7091/7091 3745/7090/7090
f 3743/7089/7089 3895/7092/7092 3897/7091/7091
f 3745/7093/7093 3899/7095/7095 3747/7094/7094
f 3745/7093/7093 3897/7096/7096 3899/7095/7095
f 3747/7097/7097 3901/7099/7099 3749/7098/7098
f 3747/7097/7097 3899/7100/7100 3901/7099/7099
f 3749/7101/7101 3903/7103/7103 3751/7102/7102
f 3749/7101/7101 3901/7104/7104 3903/7103/7103
f 3751/7105/7105 3905/7107/7107 3753/7106/7106
f 3751/7105/7105 3903/7108/7108 3905/7107/7107
f 3753/7109/7109 3907/7111/7111 3755/7110/7110
f 3753/7109/7109 3905/7112/7112 3907/7111/7111
f 3755/7113/7113 3909/7115/7115 3757/7114/7114
f 3755/7113/7113 3907/7116/7116 3909/7115/7115
f 3757/7117/7117 3911/7119/7119 3759/7118/7118
f 3757/7117/7117 3909/7120/7120 3911/7119/7119
f 3759/7121/7121 3913/7123/7123 3761/7122/7122
f 3759/7121/7121 3911/7124/7124 3913/7123/7123
f 3761/7125/7125 3915/7127/7127 3763/7126/7126
f 3761/7125/7125 3913/7128/7128 3915/7127/7127
f 3763/7129/7129 3917/7131/7131 3765/7130/7130
f 3763/7129/7129 3915/7132/7132 3917/7131/7131
f 3765/7133/7133 3919/7135/7135 3767/7134/7134
f 3765/7133/7133 3917/7136/7136 3919/7135/7135
f 3767/7137/7137 3921/7139/7139 3769/7138/7138
f 3767/7137/7137 3919/7140/7140 3921/7139/7139
f 3769/7141/7141 3923/7143/7143 3771/7142/7142
f 3769/7141/7141 3921/7144/7144 3923/7143/7143
f 3771/7145/7145 3925/7147/7147 3773/7146/7146
f 3771/7145/7145 3923/7148/7148 3925/7147/7147
f 3773/7149/7149 3927/7151/7151 3775/7150/7150
f 3773/7149/7149 3925/7152/7152 3927/7151/7151
f 3775/7153/7153 3929/7155/7155 3777/7154/7154
f 3775/7153/7153 3927/7156/7156 3929/7155/7155
f 3777/7157/7157 3931/7159/7159 3779/7158/7158
f 3777/7157/7157 3929/7160/7160 3931/7159/7159
f 3779/7161/7161 3933/7163/7163 3781/7162/7162
f 3779/7161/7161 3931/7164/7164 3933/7163/7163
f 3781/7165/7165 3935/7167/7167 3783/7166/7166
f 3781/7165/7165 3933/7168/7168 3935/7167/7167
f 3783/7169/7169 3937/7171/7171 3785/7170/7170
f 3783/7169/7169 3935/7172/7172 3937/7171/7171
f 3785/7173/7173 3939/7175/7175 3787/7174/7174
f 3785/7173/7173 3937/7176/7176 3939/7175/7175
f 3787/7177/7177 3941/7179/7179 3789/7178/7178
f 3787/7177/7177 3939/7180/7180 3941/7179/7179
f 3789/7181/7181 3943/7183/7183 3791/7182/7182
f 3789/7181/7181 3941/7184/7184 3943/7183/7183
f 3791/7185/7185 3945/7187/7187 3793/7186/7186
f 3791/7185/7185 3943/7188/7188 3945/7187/7187
f 3793/7189/7189 3947/7191/7191 3795/7190/7190
f 3793/7189/7189 3945/7192/7192 3947/7191/7191
f 3795/7193/7193 3949/7195/7195 3797/7194/7194
f 3795/7193/7193 3947/7196/7196 3949/7195/7195
f 3797/7197/7197 3951/7199/7199 3799/7198/7198
f 3797/7197/7197 3949/7200/7200 3951/7199/7199
f 3801/7201/7201 3955/7203/7203 3803/7202/7202
f 3801/7201/7201 3953/7204/7204 3955/7203/7203
f 3803/7205/7205 3957/7207/7207 3805/7206/7206
f 3803/7205/7205 3955/7208/7208 3957/7207/7207
f 3805/7209/7209 3959/7211/7211 3807/7210/7210
f 3805/7209/7209 3957/7212/7212 3959/7211/7211
f 3807/7213/7213 3961/7215/7215 3809/7214/7214
f 3807/7213/7213 3959/7216/7216 3961/7215/7215
f 3809/7217/7217 3963/7219/7219 3811/7218/7218
f 3809/7217/7217 3961/7220/7220 3963/7219/7219
f 3811/7221/7221 3965/7223/7223 3813/7222/7222
f 3811/7221/7221 3963/7224/7224 3965/7223/7223
f 3813/7225/7225 3967/7227/7227 3815/7226/7226
f 3813/7225/7225 3965/7228/7228 3967/7227/7227
f 3815/7229/7229 3969/7231/7231 3817/7230/7230
f 3815/7229/7229 3967/7232/7232 3969/7231/7231
f 3817/7233/7233 3971/7235/7235 3819/7234/7234
f 3817/7233/7233 3969/7236/7236 3971/7235/7235
f 3819/7237/7237 3973/7239/7239 3821/7238/7238
f 3819/7237/7237 3971/7240/7240 3973/7239/7239
f 3821/7241/7241 3975/7243/7243 3823/7242/7242
f 3821/7241/7241 3973/7244/7244 3975/7243/7243
f 3823/7245/7245 3977/7247/7247 3825/7246/7246
f 3823/7245/7245 3975/7248/7248 3977/7247/7247
f 3825/7249/7249 3979/7251/7251 3827/7250/7250
f 3825/7249/7249 3977/7252/7252 3979/7251/7251
f 3827/7253/7253 3981/7255/7255 3829/7254/7254
f 3827/7253/7253 3979/7256/7256 3981/7255/7255
f 3829/7257/7257 3983/7259/7259 3831/7258/7258
f 3829/7257/7257 3981/7260/7260 3983/7259/7259
f 3831/7261/7261 3985/7263/7263 3833/7262/7262
f 3831/7261/7261 3983/7264/7264 3985/7263/7263
f 3833/7265/7265 3987/7267/7267 3835/7266/7266
f 3833/7265/7265 3985/7268/7268 3987/7267/7267
f 3835/7269/7269 3989/7271/7271 3837/7270/7270
f 3835/7269/7269 3987/7272/7272 3989/7271/7271
f 3837/7273/7273 3991/7275/7275 3839/7274/7274
f 3837/7273/7273 3989/7276/7276 3991/7275/7275
f 3839/7277/7277 3993/7279/7279 3841/7278/7278
f 3839/7277/7277 3991/7280/7280 3993/7279/7279
f 3841/7281/7281 3995/7283/7283 3843/7282/7282
f 3841/7281/7281 3993/7284/7284 3995/7283/7283
f 3843/7285/7285 3997/7287/7287 3845/7286/7286
f 3843/7285/7285 3995/7288/7288 3997/7287/7287
f 3845/7289/7289 3999/7291/7291 3847/7290/7290
f 3845/7289/7289 3997/7292/7292 3999/7291/7291
f 3847/7293/7293 4001/7295/7295 3849/7294/7294
f 3847/7293/7293 3999/7296/7296 4001/7295/7295
f 3849/7297/7297 4003/7299/7299 3851/7298/7298
f 3849/7297/7297 4001/7300/7300 4003/7299/7299
f 3851/7301/7301 4005/7303/7303 3853/7302/7302
f 3851/7301/7301 4003/7304/7304 4005/7303/7303
f 3853/7305/7305 4007/7307/7307 3855/7306/7306
f 3853/7305/7305 4005/7308/7308 4007/7307/7307
f 3855/7309/7309 4009/7311/7311 3857/7310/7310
f 3855/7309/7309 4007/7312/7312 4009/7311/7311
f 3857/7313/7313 4011/7315/7315 3859/7314/7314
f 3857/7313/7313 4009/7316/7316 4011/7315/7315
f 3859/7317/7317 4013/7319/7319 3861/7318/7318
f 3859/7317/7317 4011/7320/7320 4013/7319/7319
f 3861/7321/7321 4015/7323/7323 3863/7322/7322
f 3861/7321/7321 4013/7324/7324 4015/7323/7323
f 3863/7325/7325 4017/7327/7327 3865/7326/7326
f 3863/7325/7325 4015/7328/7328 4017/7327/7327
f 3865/7329/7329 4019/7331/7331 3867/7330/7330
f 3865/7329/7329 4017/7332/7332 4019/7331/7331
f 3867/7333/7333 4021/7335/7335 3869/7334/7334
f 3867/7333/7333 4019/7336/7336 4021/7335/7335
f 3869/7337/7337 4023/7339/7339 3871/7338/7338
f 3869/7337/7337 4021/7340/7340 4023/7339/7339
f 3871/7341/7341 4025/7343/7343 3873/7342/7342
f 3871/7341/7341 4023/7344/7344 4025/7343/7343
f 3873/7345/7345 4027/7347/7347 3875/7346/7346
f 3873/7345/7345 4025/7348/7348 4027/7347/7347
f 3875/7349/7349 4029/7351/7351 3877/7350/7350
f 3875/7349/7349 4027/7352/7352 4029/7351/7351
f 3877/7353/7353 4031/7355/7355 3879/7354/7354
f 3877/7353/7353 4029/7356/7356 4031/7355/7355
f 3879/7357/7357 4033/7359/7359 3881/7358/7358
f 3879/7357/7357 4031/7360/7360 4033/7359/7359
f 3881/7361/7361 4035/7363/7363 3883/7362/7362
f 3881/7361/7361 4033/7364/7364 4035/7363/7363
f 3883/7365/7365 4037/7367/7367 3885/7366/7366
f 3883/7365/7365 4035/7368/7368 4037/7367/7367
f 3885/7369/7369 4039/7371/7371 3887/7370/7370
f 3885/7369/7369 4037/7372/7372 4039/7371/7371
f 3887/7373/7373 4041/7375/7375 3889/7374/7374
f 3887/7373/7373 4039/7376/7376 4041/7375/7375
f 3889/7377/7377 4043/7379/7379 3891/7378/7378
f 3889/7377/7377 4041/7380/7380 4043/7379/7379
f 3891/7381/7381 4045/7383/7383 3893/7382/7382
f 3891/7381/7381 4043/7384/7384 4045/7383/7383
f 3893/7385/7385 4047/7387/7387 3895/7386/7386
f 3893/7385/7385 4045/7388/7388 4047/7387/7387
f 3895/7389/7389 4049/7391/7391 3897/7390/7390
f 3895/7389/7389 4047/7392/7392 4049/7391/7391
f 3897/7393/7393 4051/7395/7395 3899/7394/7394
f 3897/7393/7393 4049/7396/7396 4051/7395/7395
f 3899/7397/7397 4053/7399/7399 3901/7398/7398
f 3899/7397/7397 4051/7400/7400 4053/7399/7399
f 3901/7401/7401 4055/7403/7403 3903/7402/7402
f 3901/7401/7401 4053/7404/7404 4055/7403/7403
f 3903/7405/7405 4057/7407/7407 3905/7406/7406
f 3903/7405/7405 4055/7408/7408 4057/7407/7407
f 3905/7409/7409 4059/7411/7411 3907/7410/7410
f 3905/7409/7409 4057/7412/7412 4059/7411/7411
f 3907/7413/7413 4061/7415/7415 3909/7414/7414
f 3907/7413/7413 4059/7416/7416 4061/7415/7415
f 3909/7417/7417 4063/7419/7419 3911/7418/7418
f 3909/7417/7417 4061/7420/7420 4063/7419/7419
f 3911/7421/7421 4065/7423/7423 3913/7422/7422
f 3911/7421/7421 4063/7424/7424 4065/7423/7423
f 3913/7425/7425 4067/7427/7427 3915/7426/7426
f 3913/7425/7425 4065/7428/7428 4067/7427/7427
f 3915/7429/7429 4069/7431/7431 3917/7430/7430
f 3915/7429/7429 4067/7432/7432 4069/7431/7431
f 3917/7433/7433 4071/7435/7435 3919/7434/7434
f 3917/7433/7433 4069/7436/7436 4071/7435/7435
f 3919/7437/7437 4073/7439/7439 3921/7438/7438
f 3919/7437/7437 4071/7440/7440 4073/7439/7439
f 3921/7441/7441 4075/7443/7443 3923/7442/7442
f 3921/7441/7441 4073/7444/7444 4075/7443/7443
f 3923/7445/7445 4077/7447/7447 3925/7446/7446
f 3923/7445/7445 4075/7448/7448 4077/7447/7447
f 3925/7449/7449 4079/7451/7451 3927/7450/7450
f 3925/7449/7449 4077/7452/7452 4079/7451/7451
f 3927/7453/7453 4081/7455/7455 3929/7454/7454
f 3927/7453/7453 4079/7456/7456 4081/7455/7455
f 3929/7457/7457 4083/7459/7459 3931/7458/7458
f 3929/7457/7457 4081/7460/7460 4083/7459/7459
f 3931/7461/7461 4085/7463/7463 3933/7462/7462
f 3931/7461/7461 4083/7464/7464 4085/7463/7463
f 3933/7465/7465 4087/7467/7467 3935/7466/7466
f 3933/7465/7465 4085/7468/7468 4087/7467/7467
f 3935/7469/7469 4089/7471/7471 3937/7470/7470
f 3935/7469/7469 4087/7472/7472 4089/7471/7471
f 3937/7473/7473 4091/7475/7475 3939/7474/7474
f 3937/7473/7473 4089/7476/7476 4091/7475/7475
f 3939/7477/7477 4093/7479/7479 3941/7478/7478
f 3939/7477/7477 4091/7480/7480 4093/7479/7479
f 3941/7481/7481 4095/7483/7483 3943/7482/7482
f 3941/7481/7481 4093/7484/7484 4095/7483/7483
f 3943/7485/7485 4097/7487/7487 3945/7486/7486
f 3943/7485/7485 4095/7488/7488 4097/7487/7487
f 3945/7489/7489 4099/7491/7491 3947/7490/7490
f 3945/7489/7489 4097/7492/7492 4099/7491/7491
f 3947/7493/7493 4101/7495/7495 3949/7494/7494
f 3947/7493/7493 4099/7496/7496 4101/7495/7495
f 3949/7497/7497 4103/7499/7499 3951/7498/7498
f 3949/7497/7497 4101/7500/7500 4103/7499/7499
f 3953/7501/7501 4107/7503/7503 3955/7502/7502
f 3953/7501/7501 4105/7504/7504 4107/7503/7503
f 3955/7505/7505 4109/7507/7507 3957/7506/7506
f 3955/7505/7505 4107/7508/7508 4109/7507/7507
f 3957/7509/7509 4111/7511/7511 3959/7510/7510
f 3957/7509/7509 4109/7512/7512 4111/7511/7511
f 3959/7513/7513 4113/7515/7515 3961/7514/7514
f 3959/7513/7513 4111/7516/7516 4113/7515/7515
f 3961/7517/7517 4115/7519/7519 3963/7518/7518
f 3961/7517/7517 4113/7520/7520 4115/7519/7519
f 3963/7521/7521 4117/7523/7523 3965/7522/7522
f 3963/7521/7521 4115/7524/7524 4117/7523/7523
f 3965/7525/7525 4119/7527/7527 3967/7526/7526
f 3965/7525/7525 4117/7528/7528 4119/7527/7527
f 3967/7529/7529 4121/7531/7531 3969/7530/7530
f 3967/7529/7529 4119/7532/7532 4121/7531/7531
f 3969/7533/7533 4123/7535/7535 3971/7534/7534
f 3969/7533/7533 4121/7536/7536 4123/7535/7535
f 3971/7537/7537 4125/7539/7539 3973/7538/7538
f 3971/7537/7537 4123/7540/7540 4125/7539/7539
f 3973/7541/7541 4127/7543/7543 3975/7542/7542
f 3973/7541/7541 4125/7544/7544 4127/7543/7543
f 3975/7545/7545 4129/7547/7547 3977/7546/7546
f 3975/7545/7545 4127/7548/7548 4129/7547/7547
f 3977/7549/7549 4131/7551/7551 3979/7550/7550
f 3977/7549/7549 4129/7552/7552 4131/7551/7551
f 3979/7553/7553 4133/7555/7555 3981/7554/7554
f 3979/7553/7553 4131/7556/7556 4133/7555/7555
f 3981/7557/7557 4135/7559/7559 3983/7558/7558
f 3981/7557/7557 4133/7560/7560 4135/7559/7559
f 3983/7561/7561 4137/7563/7563 3985/7562/7562
f 3983/7561/7561 4135/7564/7564 4137/7563/7563
f 3985/7565/7565 4139/7567/7567 3987/7566/7566
f 3985/7565/7565 4137/7568/7568 4139/7567/7567
f 3987/7569/7569 4141/7571/7571 3989/7570/7570
f 3987/7569/7569 4139/7572/7572 4141/7571/7571
f 3989/7573/7573 4143/7575/7575 3991/7574/7574
f 3989/7573/7573 4141/7576/7576 4143/7575/7575
f 3991/7577/7577 4145/7579/7579 3993/7578/7578
f 3991/7577/7577 4143/7580/7580 4145/7579/7579
f 3993/7581/7581 4147/7583/7583 3995/7582/7582
f 3993/7581/7581 4145/7584/7584 4147/7583/7583
f 3995/7585/7585 4149/7587/7587 3997/7586/7586
f 3995/7585/7585 4147/7588/7588 4149/7587/7587
f 3997/7589/7589 4151/7591/7591 3999/7590/7590
f 3997/7589/7589 4149/7592/7592 4151/7591/7591
f 3999/7593/7593 4153/7595/7595 4001/7594/7594
f 3999/7593/7593 4151/7596/7596 4153/7595/7595
f 4001/7597/7597 4155/7599/7599 4003/7598/7598
f 4001/7597/7597 4153/7600/7600 4155/7599/7599
f 4003/7601/7601 4157/7603/7603 4005/7602/7602
f 4003/7601/7601 4155/7604/7604 4157/7603/7603
f 4005/7605/7605 4159/7607/7607 4007/7606/7606
f 4005/7605/7605 4157/7608/7608 4159/7607/7607
f 4007/7609/7609 4161/7611/7611 4009/7610/7610
f 4007/7609/7609 4159/7612/7612 4161/7611/7611
f 4009/7613/7613 4163/7615/7615 4011/7614/7614
f 4009/7613/7613 4161/7616/7616 4163/7615/7615
f 4011/7617/7617 4165/7619/7619 4013/7618/7618
f 4011/7617/7617 4163/7620/7620 4165/7619/7619
f 4013/7621/7621 4167/7623/7623 4015/7622/7622
f 4013/7621/7621 4165/7624/7624 4167/7623/7623
f 4015/7625/7625 4169/7627/7627 4017/7626/7626
f 4015/7625/7625 4167/7628/7628 4169/7627/7627
f 4017/7629/7629 4171/7631/7631 4019/7630/7630
f 4017/7629/7629 4169/7632/7632 4171/7631/7631
f 4019/7633/7633 4173/7635/7635 4021/7634/7634
f 4019/7633/7633 4171/7636/7636 4173/7635/7635
f 4021/7637/7637 4175/7639/7639 4023/7638/7638
f 4021/7637/7637 4173/7640/7640 4175/7639/7639
f 4023/7641/7641 4177/7643/7643 4025/7642/7642
f 4023/7641/7641 4175/7644/7644 4177/7643/7643
f 4025/7645/7645 4179/7647/7647 4027/7646/7646
f 4025/7645/7645 4177/7648/7648 4179/7647/7647
f 4027/7649/7649 4181/7651/7651 4029/7650/7650
f 4027/7649/7649 4179/7652/7652 4181/7651/7651
f 4029/7653/7653 4183/7655/7655 4031/7654/7654
f 4029/7653/7653 4181/7656/7656 4183/7655/7655
f 4031/7657/7657 4185/7659/7659 4033/7658/7658
f 4031/7657/7657 4183/7660/7660 4185/7659/7659
f 4033/7661/7661 4187/7663/7663 4035/7662/7662
f 4033/7661/7661 4185/7664/7664 4187/7663/7663
f 4035/7665/7665 4189/7667/7667 4037/7666/7666
f 4035/7665/7665 4187/7668/7668 4189/7667/7667
f 4037/7669/7669 4191/7671/7671 4039/7670/7670
f 4037/7669/7669 4189/7672/7672 4191/7671/7671
f 4039/7673/7673 4193/7675/7675 4041/7674/7674
f 4039/7673/7673 4191/7676/7676 4193/7675/7675
f 4041/7677/7677 4195/7679/7679 4043/7678/7678
f 4041/7677/7677 4193/7680/7680 4195/7679/7679
f 4043/7681/7681 4197/7683/7683 4045/7682/7682
f 4043/7681/7681 4195/7684/7684 4197/7683/7683
f 4045/7685/7685 4199/7687/7687 4047/7686/7686
f 4045/7685/7685 4197/7688/7688 4199/7687/7687
f 4047/7689/7689 4201/7691/7691 4049/7690/7690
f 4047/7689/7689 4199/7692/7692 4201/7691/7691
f 4049/7693/7693 4203/7695/7695 4051/7694/7694
f 4049/7693/7693 4201/7696/7696 4203/7695/7695
f 4051/7697/7697 4205/7699/7699 4053/7698/7698
f 4051/7697/7697 4203/7700/7700 4205/7699/7699
f 4053/7701/7701 4207/7703/7703 4055/7702/7702
f 4053/7701/7701 4205/7704/7704 4207/7703/7703
f 4055/7705/7705 4209/7707/7707 4057/7706/7706
f 4055/7705/7705 4207/7708/7708 4209/7707/7707
f 4057/7709/7709 4211/7711/7711 4059/7710/7710
f 4057/7709/7709 4209/7712/7712 4211/7711/7711
f 4059/7713/7713 4213/7715/7715 4061/7714/7714
f 4059/7713/7713 4211/7716/7716 4213/7715/7715
f 4061/7717/7717 4215/7719/7719 4063/7718/7718
f 4061/7717/7717 4213/7720/7720 4215/7719/7719
f 4063/7721/7721 4217/7723/7723 4065/7722/7722
f 4063/7721/7721 4215/7724/7724 4217/7723/7723
f 4065/7725/7725 4219/7727/7727 4067/7726/7726
f 4065/7725/7725 4217/7728/7728 4219/7727/7727
f 4067/7729/7729 4221/7731/7731 4069/7730/7730
f 4067/7729/7729 4219/7732/7732 4221/7731/7731
f 4069/7733/7733 4223/7735/7735 4071/7734/7734
f 4069/7733/7733 4221/7736/7736 4223/7735/7735
f 4071/7737/7737 4225/7739/7739 4073/7738/7738
f 4071/7737/7737 4223/7740/7740 4225/7739/7739
f 4073/7741/7741 4227/7743/7743 4075/7742/7742
f 4073/7741/7741 4225/7744/7744 4227/7743/7743
f 4075/7745/7745 4229/7747/7747 4077/7746/7746
f 4075/7745/7745 4227/7748/7748 4229/7747/7747
f 4077/7749/7749 4231/7751/7751 4079/7750/7750
f 4077/7749/7749 4229/7752/7752 4231/7751/7751
f 4079/7753/7753 4233/7755/7755 4081/7754/7754
f 4079/7753/7753 4231/7756/7756 4233/7755/7755
f 4081/7757/7757 4235/7759/7759 4083/7758/7758
f 4081/7757/7757 4233/7760/7760 4235/7759/7759
f 4083/7761/7761 4237/7763/7763 4085/7762/7762
f 4083/7761/7761 4235/7764/7764 4237/7763/7763
f 4085/7765/7765 4239/7767/7767 4087/7766/7766
f 4085/7765/7765 4237/7768/7768 4239/7767/7767
f 4087/7769/7769 4241/7771/7771 4089/7770/7770
f 4087/7769/7769 4239/7772/7772 4241/7771/7771
f 4089/7773/7773 4243/7775/7775 4091/7774/7774
f 4089/7773/7773 4241/7776/7776 4243/7775/7775
f 4091/7777/7777 4245/7779/7779 4093/7778/7778
f 4091/7777/7777 4243/7780/7780 4245/7779/7779
f 4093/7781/7781 4247/7783/7783 4095/7782/7782
f 4093/7781/7781 4245/7784/7784 4247/7783/7783
f 4095/7785/7785 4249/7787/7787 4097/7786/7786
f 4095/7785/7785 4247/7788/7788 4249/7787/7787
f 4097/7789/7789 4251/7791/7791 4099/7790/7790
f 4097/7789/7789 4249/7792/7792 4251/7791/7791
f 4099/7793/7793 4253/7795/7795 4101/7794/7794
f 4099/7793/7793 4251/7796/7796 4253/7795/7795
f 4101/7797/7797 4255/7799/7799 4103/7798/7798
f 4101/7797/7797 4253/7800/7800 4255/7799/7799
f 4105/7801/7801 4259/7803/7803 4107/7802/7802
f 4105/7801/7801 4257/7804/7804 4259/7803/7803
f 4107/7805/7805 4261/7807/7807 4109/7806/7806
f 4107/7805/7805 4259/7808/7808 4261/7807/7807
f 4109/7809/7809 4263/7811/7811 4111/7810/7810
f 4109/7809/7809 4261/7812/7812 4263/7811/7811
f 4111/7813/7813 4265/7815/7815 4113/7814/7814
f 4111/7813/7813 4263/7816/7816 4265/7815/7815
f 4113/7817/7817 4267/7819/7819 4115/7818/7818
f 4113/7817/7817 4265/7820/7820 4267/7819/7819
f 4115/7821/7821 4269/7823/7823 4117/7822/7822
f 4115/7821/7821 4267/7824/7824 4269/7823/7823
f 4117/7825/7825 4271/7827/7827 4119/7826/7826
f 4117/7825/7825 4269/7828/7828 4271/7827/7827
f 4119/7829/7829 4273/7831/7831 4121/7830/7830
f 4119/7829/7829 4271/7832/7832 4273/7831/7831
f 4121/7833/7833 4275/7835/7835 4123/7834/7834
f 4121/7833/7833 4273/7836/7836 4275/7835/7835
f 4123/7837/7837 4277/7839/7839 4125/7838/7838
f 4123/7837/7837 4275/7840/7840 4277/7839/7839
f 4125/7841/7841 4279/7843/7843 4127/7842/7842
f 4125/7841/7841 4277/7844/7844 4279/7843/7843
f 4127/7845/7845 4281/7847/7847 4129/7846/7846
f 4127/7845/7845 4279/7848/7848 4281/7847/7847
f 4129/7849/7849 4283/7851/7851 4131/7850/7850
f 4129/7849/7849 4281/7852/7852 4283/7851/7851
f 4131/7853/7853 4285/7855/7855 4133/7854/7854
f 4131/7853/7853 4283/7856/7856 4285/7855/7855
f 4133/7857/7857 4287/7859/7859 4135/7858/7858
f 4133/7857/7857 4285/7860/7860 4287/7859/7859
f 4135/7861/7861 4289/7863/7863 4137/7862/7862
f 4135/7861/7861 4287/7864/7864 4289/7863/7863
f 4137/7865/7865 4291/7867/7867 4139/7866/7866
f 4137/7865/7865 4289/7868/7868 4291/7867/7867
f 4139/7869/7869 4293/7871/7871 4141/7870/7870
f 4139/7869/7869 4291/7872/7872 4293/7871/7871
f 4141/7873/7873 4295/7875/7875 4143/7874/7874
f 4141/7873/7873 4293/7876/7876 4295/7875/7875
f 4143/7877/7877 4297/7879/7879 4145/7878/7878
f 4143/7877/7877 4295/7880/7880 4297/7879/7879
f 4145/7881/7881 4299/7883/7883 4147/7882/7882
f 4145/7881/7881 4297/7884/7884 4299/7883/7883
f 4147/7885/7885 4301/7887/7887 4149/7886/7886
f 4147/7885/7885 4299/7888/7888 4301/7887/7887
f 4149/7889/7889 4303/7891/7891 4151/7890/7890
f 4149/7889/7889 4301/7892/7892 4303/7891/7891
f 4151/7893/7893 4305/7895/7895 4153/7894/7894
f 4151/7893/7893 4303/7896/7896 4305/7895/7895
f 4153/7897/7897 4307/7899/7899 4155/7898/7898
f 4153/7897/7897 4305/7900/7900 4307/7899/7899
f 4155/7901/7901 4309/7903/7903 4157/7902/7902
f 4155/7901/7901 4307/7904/7904 4309/7903/7903
f 4157/7905/7905 4311/7907/7907 4159/7906/7906
f 4157/7905/7905 4309/7908/7908 4311/7907/7907
f 4159/7909/7909 4313/7911/7911 4161/7910/7910
f 4159/7909/7909 4311/7912/7912 4313/7911/7911
f 4161/7913/7913 4315/7915/7915 4163/7914/7914
f 4161/7913/7913 4313/7916/7916 4315/7915/7915
f 4163/7917/7917 4317/7919/7919 4165/7918/7918
f 4163/7917/7917 4315/7920/7920 4317/7919/7919
f 4165/7921/7921 4319/7923/7923 4167/7922/7922
f 4165/7921/7921 4317/7924/7924 4319/7923/7923
f 4167/7925/7925 4321/7927/7927 4169/7926/7926
f 4167/7925/7925 4319/7928/7928 4321/7927/7927
f 4169/7929/7929 4323/7931/7931 4171/7930/7930
f 4169/7929/7929 4321/7932/7932 4323/7931/7931
f 4171/7933/7933 4325/7935/7935 4173/7934/7934
f 4171/7933/7933 4323/7936/7936 4325/7935/7935
f 4173/7937/7937 4327/7939/7939 4175/7938/7938
f 4173/7937/7937 4325/7940/7940 4327/7939/7939
f 4175/7941/7941 4329/7943/7943 4177/7942/7942
f 4175/7941/7941 4327/7944/7944 4329/7943/7943
f 4177/7945/7945 4331/7947/7947 4179/7946/7946
f 4177/7945/7945 4329/7948/7948 4331/7947/7947
f 4179/7949/7949 4333/7951/7951 4181/7950/7950
f 4179/7949/7949 4331/7952/7952 4333/7951/7951
f 4181/7953/7953 4335/7955/7955 4183/7954/7954
f 4181/7953/7953 4333/7956/7956 4335/7955/7955
f 4183/7957/7957 4337/7959/7959 4185/7958/7958
f 4183/7957/7957 4335/7960/7960 4337/7959/7959
f 4185/7961/7961 4339/7963/7963 4187/7962/7962
f 4185/7961/7961 4337/7964/7964 4339/7963/7963
f 4187/7965/7965 4341/7967/7967 4189/7966/7966
f 4187/7965/7965 4339/7968/7968 4341/7967/7967
f 4189/7969/7969 4343/7971/7971 4191/7970/7970
f 4189/7969/7969 4341/7972/7972 4343/7971/7971
f 4191/7973/7973 4345/7975/7975 4193/7974/7974
f 4191/7973/7973 4343/7976/7976 4345/7975/7975
f 4193/7977/7977 4347/7979/7979 4195/7978/7978
f 4193/7977/7977 4345/7980/7980 4347/7979/7979
f 4195/7981/7981 4349/7983/7983 4197/7982/7982
f 4195/7981/7981 4347/7984/7984 4349/7983/7983
f 4197/7985/7985 4351/7987/7987 4199/7986/7986
f 4197/7985/7985 4349/7988/7988 4351/7987/7987
f 4199/7989/7989 4353/7991/7991 4201/7990/7990
f 4199/7989/7989 4351/7992/7992 4353/7991/7991
f 4201/7993/7993 4355/7995/7995 4203/7994/7994
f 4201/7993/7993 4353/7996/7996 4355/7995/7995
f 4203/7997/7997 4357/7999/7999 4205/7998/7998
f 4203/7997/7997 4355/8000/8000 4357/7999/7999
f 4205/8001/8001 4359/8003/8003 4207/8002/8002
f 4205/8001/8001 4357/8004/8004 4359/8003/8003
f 4207/8005/8005 4361/8007/8007 4209/8006/8006
f 4207/8005/8005 4359/8008/8008 4361/8007/8007
f 4209/8009/8009 4363/8011/8011 4211/8010/8010
f 4209/8009/8009 4361/8012/8012 4363/8011/8011
f 4211/8013/8013 4365/8015/8015 4213/8014/8014
f 4211/8013/8013 4363/8016/8016 4365/8015/8015
f 4213/8017/8017 4367/8019/8019 4215/8018/8018
f 4213/8017/8017 4365/8020/8020 4367/8019/8019
f 4215/8021/8021 4369/8023/8023 4217/8022/8022
f 4215/8021/8021 4367/8024/8024 4369/8023/8023
f 4217/8025/8025 4371/8027/8027 4219/8026/8026
f 4217/8025/8025 4369/8028/8028 4371/8027/8027
f 4219/8029/8029 4373/8031/8031 4221/8030/8030
f 4219/8029/8029 4371/8032/8032 4373/8031/8031
f 4221/8033/8033 4375/8035/8035 4223/8034/8034
f 4221/8033/8033 4373/8036/8036 4375/8035/8035
f 4223/8037/8037 4377/8039/8039 4225/8038/8038
f 4223/8037/8037 4375/8040/8040 4377/8039/8039
f 4225/8041/8041 4379/8043/8043 4227/8042/8042
f 4225/8041/8041 4377/8044/8044 4379/8043/8043
f 4227/8045/8045 4381/8047/8047 4229/8046/8046
f 4227/8045/8045 4379/8048/8048 4381/8047/8047
f 4229/8049/8049 4383/8051/8051 4231/8050/8050
f 4229/8049/8049 4381/8052/8052 4383/8051/8051
f 4231/8053/8053 4385/8055/8055 4233/8054/8054
f 4231/8053/8053 4383/8056/8056 4385/8055/8055
f 4233/8057/8057 4387/8059/8059 4235/8058/8058
f 4233/8057/8057 4385/8060/8060 4387/8059/8059
f 4235/8061/8061 4389/8063/8063 4237/8062/8062
f 4235/8061/8061 4387/8064/8064 4389/8063/8063
f 4237/8065/8065 4391/8067/8067 4239/8066/8066
f 4237/8065/8065 4389/8068/8068 4391/8067/8067
f 4239/8069/8069 4393/8071/8071 4241/8070/8070
f 4239/8069/8069 4391/8072/8072 4393/8071/8071
f 4241/8073/8073 4395/8075/8075 4243/8074/8074
f 4241/8073/8073 4393/8076/8076 4395/8075/8075
f 4243/8077/8077 4397/8079/8079 4245/8078/8078
f 4243/8077/8077 4395/8080/8080 4397/8079/8079
f 4245/8081/8081 4399/8083/8083 4247/8082/8082
f 4245/8081/8081 4397/8084/8084 4399/8083/8083
f 4247/8085/8085 4401/8087/8087 4249/8086/8086
f 4247/8085/8085 4399/8088/8088 4401/8087/8087
f 4249/8089/8089 4403/8091/8091 4251/8090/8090
f 4249/8089/8089 4401/8092/8092 4403/8091/8091
f 4251/8093/8093 4405/8095/8095 4253/8094/8094
f 4251/8093/8093 4403/8096/8096 4405/8095/8095
f 4253/8097/8097 4407/8099/8099 4255/8098/8098
f 4253/8097/8097 4405/8100/8100 4407/8099/8099
f 4257/8101/8101 4411/8103/8103 4259/8102/8102
f 4257/8101/8101 4409/8104/8104 4411/8103/8103
f 4259/8105/8105 4413/8107/8107 4261/8106/8106
f 4259/8105/8105 4411/8108/8108 4413/8107/8107
f 4261/8109/8109 4415/8111/8111 4263/8110/8110
f 4261/8109/8109 4413/8112/8112 4415/8111/8111
f 4263/8113/8113 4417/8115/8115 4265/8114/8114
f 4263/8113/8113 4415/8116/8116 4417/8115/8115
f 4265/8117/8117 4419/8119/8119 4267/8118/8118
f 4265/8117/8117 4417/8120/8120 4419/8119/8119
f 4267/8121/8121 4421/8123/8123 4269/8122/8122
f 4267/8121/8121 4419/8124/8124 4421/8123/8123
f 4269/8125/8125 4423/8127/8127 4271/8126/8126
f 4269/8125/8125 4421/8128/8128 4423/8127/8127
f 4271/8129/8129 4425/8131/8131 4273/8130/8130
f 4271/8129/8129 4423/8132/8132 4425/8131/8131
f 4273/8133/8133 4427/8135/8135 4275/8134/8134
f 4273/8133/8133 4425/8136/8136 4427/8135/8135
f 4275/8137/8137 4429/8139/8139 4277/8138/8138
f 4275/8137/8137 4427/8140/8140 4429/8139/8139
f 4277/8141/8141 4431/8143/8143 4279/8142/8142
f 4277/8141/8141 4429/8144/8144 4431/8143/8143
f 4279/8145/8145 4433/8147/8147 4281/8146/8146
f 4279/8145/8145 4431/8148/8148 4433/8147/8147
f 4281/8149/8149 4435/8151/8151 4283/8150/8150
f 4281/8149/8149 4433/8152/8152 4435/8151/8151
f 4283/8153/8153 4437/8155/8155 4285/8154/8154
f 4283/8153/8153 4435/8156/8156 4437/8155/8155
f 4285/8157/8157 4439/8159/8159 4287/8158/8158
f 4285/8157/8157 4437/8160/8160 4439/8159/8159
f 4287/8161/8161 4441/8163/8163 4289/8162/8162
f 4287/8161/8161 4439/8164/8164 4441/8163/8163
f 4289/8165/8165 4443/8167/8167 4291/8166/8166
f 4289/8165/8165 4441/8168/8168 4443/8167/8167
f 4291/8169/8169 4445/8171/8171 4293/8170/8170
f 4291/8169/8169 4443/8172/8172 4445/8171/8171
f 4293/8173/8173 4447/8175/8175 4295/8174/8174
f 4293/8173/8173 4445/8176/8176 4447/8175/8175
f 4295/8177/8177 4449/8179/8179 4297/8178/8178
f 4295/8177/8177 4447/8180/8180 4449/8179/8179
f 4297/8181/8181 4451/8183/8183 4299/8182/8182
f 4297/8181/8181 4449/8184/8184 4451/8183/8183
f 4299/8185/8185 4453/8187/8187 4301/8186/8186
f 4299/8185/8185 4451/8188/8188 4453/8187/8187
f 4301/8189/8189 4455/8191/8191 4303/8190/8190
f 4301/8189/8189 4453/8192/8192 4455/8191/8191
f 4303/8193/8193 4457/8195/8195 4305/8194/8194
f 4303/8193/8193 4455/8196/8196 4457/8195/8195
f 4305/8197/8197 4459/8199/8199 4307/8198/8198
f 4305/8197/8197 4457/8200/8200 4459/8199/8199
f 4307/8201/8201 4461/8203/8203 4309/8202/8202
f 4307/8201/8201 4459/8204/8204 4461/8203/8203
f 4309/8205/8205 4463/8207/8207 4311/8206/8206
f 4309/8205/8205 4461/8208/8208 4463/8207/8207
f 4311/8209/8209 4465/8211/8211 4313/8210/8210
f 4311/8209/8209 4463/8212/8212 4465/8211/8211
f 4313/8213/8213 4467/8215/8215 4315/8214/8214
f 4313/8213/8213 4465/8216/8216 4467/8215/8215
f 4315/8217/8217 4469/8219/8219 4317/8218/8218
f 4315/8217/8217 4467/8220/8220 4469/8219/8219
f 4317/8221/8221 4471/8223/8223 4319/8222/8222
f 4317/8221/8221 4469/8224/8224 4471/8223/8223
f 4319/8225/8225 4473/8227/8227 4321/8226/8226
f 4319/8225/8225 4471/8228/8228 4473/8227/8227
f 4321/8229/8229 4475/8231/8231 4323/8230/8230
f 4321/8229/8229 4473/8232/8232 4475/8231/8231
f 4323/8233/8233 4477/8235/8235 4325/8234/8234
f 4323/8233/8233 4475/8236/8236 4477/8235/8235
f 4325/8237/8237 4479/8239/8239 4327/8238/8238
f 4325/8237/8237 4477/8240/8240 4479/8239/8239
f 4327/8241/8241 4481/8243/8243 4329/8242/8242
f 4327/8241/8241 4479/8244/8244 4481/8243/8243
f 4329/8245/8245 4483/8247/8247 4331/8246/8246
f 4329/8245/8245 4481/8248/8248 4483/8247/8247
f 4331/8249/8249 4485/8251/8251 4333/8250/8250
f 4331/8249/8249 4483/8252/8252 4485/8251/8251
f 4333/8253/8253 4487/8255/8255 4335/8254/8254
f 4333/8253/8253 4485/8256/8256 4487/8255/8255
f 4335/8257/8257 4489/8259/8259 4337/8258/8258
f 4335/8257/8257 4487/8260/8260 4489/8259/8259
f 4337/8261/8261 4491/8263/8263 4339/8262/8262
f 4337/8261/8261 4489/8264/8264 4491/8263/8263
f 4339/8265/8265 4493/8267/8267 4341/8266/8266
f 4339/8265/8265 4491/8268/8268 4493/8267/8267
f 4341/8269/8269 4495/8271/8271 4343/8270/8270
f 4341/8269/8269 4493/8272/8272 4495/8271/8271
f 4343/8273/8273 4497/8275/8275 4345/8274/8274
f 4343/8273/8273 4495/8276/8276 4497/8275/8275
f 4345/8277/8277 4499/8279/8279 4347/8278/8278
f 4345/8277/8277 4497/8280/8280 4499/8279/8279
f 4347/8281/8281 4501/8283/8283 4349/8282/8282
f 4347/8281/8281 4499/8284/8284 4501/8283/8283
f 4349/8285/8285 4503/8287/8287 4351/8286/8286
f 4349/8285/8285 4501/8288/8288 4503/8287/8287
f 4351/8289/8289 4505/8291/8291 4353/8290/8290
f 4351/8289/8289 4503/8292/8292 4505/8291/8291
f 4353/8293/8293 4507/8295/8295 4355/8294/8294
f 4353/8293/8293 4505/8296/8296 4507/8295/8295
f 4355/8297/8297 4509/8299/8299 4357/8298/8298
f 4355/8297/8297 4507/8300/8300 4509/8299/8299
f 4357/8301/8301 4511/8303/8303 4359/8302/8302
f 4357/8301/8301 4509/8304/8304 4511/8303/8303
f 4359/8305/8305 4513/8307/8307 4361/8306/8306
f 4359/8305/8305 4511/8308/8308 4513/8307/8307
f 4361/8309/8309 4515/8311/8311 4363/8310/8310
f 4361/8309/8309 4513/8312/8312 4515/8311/8311
f 4363/8313/8313 4517/8315/8315 4365/8314/8314
f 4363/8313/8313 4515/8316/8316 4517/8315/8315
f 4365/8317/8317 4519/8319/8319 4367/8318/8318
f 4365/8317/8317 4517/8320/8320 4519/8319/8319
f 4367/8321/8321 4521/8323/8323 4369/8322/8322
f 4367/8321/8321 4519/8324/8324 4521/8323/8323
f 4369/8325/8325 4523/8327/8327 4371/8326/8326
f 4369/8325/8325 4521/8328/8328 4523/8327/8327
f 4371/8329/8329 4525/8331/8331 4373/8330/8330
f 4371/8329/8329 4523/8332/8332 4525/8331/8331
f 4373/8333/8333 4527/8335/8335 4375/8334/8334
f 4373/8333/8333 4525/8336/8336 4527/8335/8335
f 4375/8337/8337 4529/8339/8339 4377/8338/8338
f 4375/8337/8337 4527/8340/8340 4529/8339/8339
f 4377/8341/8341 4531/8343/8343 4379/8342/8342
f 4377/8341/8341 4529/8344/8344 4531/8343/8343
f 4379/8345/8345 4533/8347/8347 4381/8346/8346
f 4379/8345/8345 4531/8348/8348 4533/8347/8347
f 4381/8349/8349 4535/8351/8351 4383/8350/8350
f 4381/8349/8349 4533/8352/8352 4535/8351/8351
f 4383/8353/8353 4537/8355/8355 4385/8354/8354
f 4383/8353/8353 4535/8356/8356 4537/8355/8355
f 4385/8357/8357 4539/8359/8359 4387/8358/8358
f 4385/8357/8357 4537/8360/8360 4539/8359/8359
f 4387/8361/8361 4541/8363/8363 4389/8362/8362
f 4387/8361/8361 4539/8364/8364 4541/8363/8363
f 4389/8365/8365 4543/8367/8367 4391/8366/8366
f 4389/8365/8365 4541/8368/8368 4543/8367/8367
f 4391/8369/8369 4545/8371/8371 4393/8370/8370
f 4391/8369/8369 4543/8372/8372 4545/8371/8371
f 4393/8373/8373 4547/8375/8375 4395/8374/8374
f 4393/8373/8373 4545/8376/8376 4547/8375/8375
f 4395/8377/8377 4549/8379/8379 4397/8378/8378
f 4395/8377/8377 4547/8380/8380 4549/8379/8379
f 4397/8381/8381 4551/8383/8383 4399/8382/8382
f 4397/8381/8381 4549/8384/8384 4551/8383/8383
f 4399/8385/8385 4553/8387/8387 4401/8386/8386
f 4399/8385/8385 4551/8388/8388 4553/8387/8387
f 4401/8389/8389 4555/8391/8391 4403/8390/8390
f 4401/8389/8389 4553/8392/8392 4555/8391/8391
f 4403/8393/8393 4557/8395/8395 4405/8394/8394
f 4403/8393/8393 4555/8396/8396 4557/8395/8395
f 4405/8397/8397 4559/8399/8399 4407/8398/8398
f 4405/8397/8397 4557/8400/8400 4559/8399/8399
f 4409/8401/8401 4563/8403/8403 4411/8402/8402
f 4409/8401/8401 4561/8404/8404 4563/8403/8403
f 4411/8405/8405 4565/8407/8407 4413/8406/8406
f 4411/8405/8405 4563/8408/8408 4565/8407/8407
f 4413/8409/8409 4567/8411/8411 4415/8410/8410
f 4413/8409/8409 4565/8412/8412 4567/8411/8411
f 4415/8413/8413 4569/8415/8415 4417/8414/8414
f 4415/8413/8413 4567/8416/8416 4569/8415/8415
f 4417/8417/8417 4571/8419/8419 4419/8418/8418
f 4417/8417/8417 4569/8420/8420 4571/8419/8419
f 4419/8421/8421 4573/8423/8423 4421/8422/8422
f 4419/8421/8421 4571/8424/8424 4573/8423/8423
f 4421/8425/8425 4575/8427/8427 4423/8426/8426
f 4421/8425/8425 4573/8428/8428 4575/8427/8427
f 4423/8429/8429 4577/8431/8431 4425/8430/8430
f 4423/8429/8429 4575/8432/8432 4577/8431/8431
f 4425/8433/8433 4579/8435/8435 4427/8434/8434
f 4425/8433/8433 4577/8436/8436 4579/8435/8435
f 4427/8437/8437 4581/8439/8439 4429/8438/8438
f 4427/8437/8437 4579/8440/8440 4581/8439/8439
f 4429/8441/8441 4583/8443/8443 4431/8442/8442
f 4429/8441/8441 4581/8444/8444 4583/8443/8443
f 4431/8445/8445 4585/8447/8447 4433/8446/8446
f 4431/8445/8445 4583/8448/8448 4585/8447/8447
f 4433/8449/8449 4587/8451/8451 4435/8450/8450
f 4433/8449/8449 4585/8452/8452 4587/8451/8451
f 4435/8453/8453 4589/8455/8455 4437/8454/8454
f 4435/8453/8453 4587/8456/8456 4589/8455/8455
f 4437/8457/8457 4591/8459/8459 4439/8458/8458
f 4437/8457/8457 4589/8460/8460 4591/8459/8459
f 4439/8461/8461 4593/8463/8463 4441/8462/8462
f 4439/8461/8461 4591/8464/8464 4593/8463/8463
f 4441/8465/8465 4595/8467/8467 4443/8466/8466
f 4441/8465/8465 4593/8468/8468 4595/8467/8467
f 4443/8469/8469 4597/8471/8471 4445/8470/8470
f 4443/8469/8469 4595/8472/8472 4597/8471/8471
f 4445/8473/8473 4599/8475/8475 4447/8474/8474
f 4445/8473/8473 4597/8476/8476 4599/8475/8475
f 4447/8477/8477 4601/8479/8479 4449/8478/8478
f 4447/8477/8477 4599/8480/8480 4601/8479/8479
f 4449/8481/8481 4603/8483/8483 4451/8482/8482
f 4449/8481/8481 4601/8484/8484 4603/8483/8483
f 4451/8485/8485 4605/8487/8487 4453/8486/8486
f 4451/8485/8485 4603/8488/8488 4605/8487/8487
f 4453/8489/8489 4607/8491/8491 4455/8490/8490
f 4453/8489/8489 4605/8492/8492 4607/8491/8491
f 4455/8493/8493 4609/8495/8495 4457/8494/8494
f 4455/8493/8493 4607/8496/8496 4609/8495/8495
f 4457/8497/8497 4611/8499/8499 4459/8498/8498
f 4457/8497/8497 4609/8500/8500 4611/8499/8499
f 4459/8501/8501 4613/8503/8503 4461/8502/8502
f 4459/8501/8501 4611/8504/8504 4613/8503/8503
f 4461/8505/8505 4615/8507/8507 4463/8506/8506
f 4461/8505/8505 4613/8508/8508 4615/8507/8507
f 4463/8509/8509 4617/8511/8511 4465/8510/8510
f 4463/8509/8509 4615/8512/8512 4617/8511/8511
f 4465/8513/8513 4619/8515/8515 4467/8514/8514
f 4465/8513/8513 4617/8516/8516 4619/8515/8515
f 4467/8517/8517 4621/8519/8519 4469/8518/8518
f 4467/8517/8517 4619/8520/8520 4621/8519/8519
f 4469/8521/8521 4623/8523/8523 4471/8522/8522
f 4469/8521/8521 4621/8524/8524 4623/8523/8523
f 4471/8525/8525 4625/8527/8527 4473/8526/8526
f 4471/8525/8525 4623/8528/8528 4625/8527/8527
f 4473/8529/8529 4627/8531/8531 4475/8530/8530
f 4473/8529/8529 4625/8532/8532 4627/8531/8531
f 4475/8533/8533 4629/8535/8535 4477/8534/8534
f 4475/8533/8533 4627/8536/8536 4629/8535/8535
f 4477/8537/8537 4631/8539/8539 4479/8538/8538
f 4477/8537/8537 4629/8540/8540 4631/8539/8539
f 4479/8541/8541 4633/8543/8543 4481/8542/8542
f 4479/8541/8541 4631/8544/8544 4633/8543/8543
f 4481/8545/8545 4635/8547/8547 4483/8546/8546
f 4481/8545/8545 4633/8548/8548 4635/8547/8547
f 4483/8549/8549 4637/8551/8551 4485/8550/8550
f 4483/8549/8549 4635/8552/8552 4637/8551/8551
f 4485/8553/8553 4639/8555/8555 4487/8554/8554
f 4485/8553/8553 4637/8556/8556 4639/8555/8555
f 4487/8557/8557 4641/8559/8559 4489/8558/8558
f 4487/8557/8557 4639/8560/8560 4641/8559/8559
f 4489/8561/8561 4643/8563/8563 4491/8562/8562
f 4489/8561/8561 4641/8564/8564 4643/8563/8563
f 4491/8565/8565 4645/8567/8567 4493/8566/8566
f 4491/8565/8565 4643/8568/8568 4645/8567/8567
f 4493/8569/8569 4647/8571/8571 4495/8570/8570
f 4493/8569/8569 4645/8572/8572 4647/8571/8571
f 4495/8573/8573 4649/8575/8575 4497/8574/8574
f 4495/8573/8573 4647/8576/8576 4649/8575/8575
f 4497/8577/8577 4651/8579/8579 4499/8578/8578
f 4497/8577/8577 4649/8580/8580 4651/8579/8579
f 4499/8581/8581 4653/8583/8583 4501/8582/8582
f 4499/8581/8581 4651/8584/8584 4653/8583/8583
f 4501/8585/8585 4655/8587/8587 4503/8586/8586
f 4501/8585/8585 4653/8588/8588 4655/8587/8587
f 4503/8589/8589 4657/8591/8591 4505/8590/8590
f 4503/8589/8589 4655/8592/8592 4657/8591/8591
f 4505/8593/8593 4659/8595/8595 4507/8594/8594
f 4505/8593/8593 4657/8596/8596 4659/8595/8595
f 4507/8597/8597 4661/8599/8599 4509/8598/8598
f 4507/8597/8597 4659/8600/8600 4661/8599/8599
f 4509/8601/8601 4663/8603/8603 4511/8602/8602
f 4509/8601/8601 4661/8604/8604 4663/8603/8603
f 4511/8605/8605 4665/8607/8607 4513/8606/8606
f 4511/8605/8605 4663/8608/8608 4665/8607/8607
f 4513/8609/8609 4667/8611/8611 4515/8610/8610
f 4513/8609/8609 4665/8612/8612 4667/8611/8611
f 4515/8613/8613 4669/8615/8615 4517/8614/8614
f 4515/8613/8613 4667/8616/8616 4669/8615/8615
f 4517/8617/8617 4671/8619/8619 4519/8618/8618
f 4517/8617/8617 4669/8620/8620 4671/8619/8619
f 4519/8621/8621 4673/8623/8623 4521/8622/8622
f 4519/8621/8621 4671/8624/8624 4673/8623/8623
f 4521/8625/8625 4675/8627/8627 4523/8626/8626
f 4521/8625/8625 4673/8628/8628 4675/8627/8627
f 4523/8629/8629 4677/8631/8631 4525/8630/8630
f 4523/8629/8629 4675/8632/8632 4677/8631/8631
f 4525/8633/8633 4679/8635/8635 4527/8634/8634
f 4525/8633/8633 4677/8636/8636 4679/8635/8635
f 4527/8637/8637 4681/8639/8639 4529/8638/8638
f 4527/8637/8637 4679/8640/8640 4681/8639/8639
f 4529/8641/8641 4683/8643/8643 4531/8642/8642
f 4529/8641/8641 4681/8644/8644 4683/8643/8643
f 4531/8645/8645 4685/8647/8647 4533/8646/8646
f 4531/8645/8645 4683/8648/8648 4685/8647/8647
f 4533/8649/8649 4687/8651/8651 4535/8650/8650
f 4533/8649/8649 4685/8652/8652 4687/8651/8651
f 4535/8653/8653 4689/8655/8655 4537/8654/8654
f 4535/8653/8653 4687/8656/8656 4689/8655/8655
f 4537/8657/8657 4691/8659/8659 4539/8658/8658
f 4537/8657/8657 4689/8660/8660 4691/8659/8659
f 4539/8661/8661 4693/8663/8663 4541/8662/8662
f 4539/8661/8661 4691/8664/8664 4693/8663/8663
f 4541/8665/8665 4695/8667/8667 4543/8666/8666
f 4541/8665/8665 4693/8668/8668 4695/8667/8667
f 4543/8669/8669 4697/8671/8671 4545/8670/8670
f 4543/8669/8669 4695/8672/8672 4697/8671/8671
f 4545/8673/8673 4699/8675/8675 4547/8674/8674
f 4545/8673/8673 4697/8676/8676 4699/8675/8675
f 4547/8677/8677 4701/8679/8679 4549/8678/8678
f 4547/8677/8677 4699/8680/8680 4701/8679/8679
f 4549/8681/8681 4703/8683/8683 4551/8682/8682
f 4549/8681/8681 4701/8684/8684 4703/8683/8683
f 4551/8685/8685 4705/8687/8687 4553/8686/8686
f 4551/8685/8685 4703/8688/8688 4705/8687/8687
f 4553/8689/8689 4707/8691/8691 4555/8690/8690
f 4553/8689/8689 4705/8692/8692 4707/8691/8691
f 4555/8693/8693 4709/8695/8695 4557/8694/8694
f 4555/8693/8693 4707/8696/8696 4709/8695/8695
f 4557/8697/8697 4711/8699/8699 4559/8698/8698
f 4557/8697/8697 4709/8700/8700 4711/8699/8699
f 4561/8701/8701 4715/8703/8703 4563/8702/8702
f 4561/8701/8701 4713/8704/8704 4715/8703/8703
f 4563/8705/8705 4717/8707/8707 4565/8706/8706
f 4563/8705/8705 4715/8708/8708 4717/8707/8707
f 4565/8709/8709 4719/8711/8711 4567/8710/8710
f 4565/8709/8709 4717/8712/8712 4719/8711/8711
f 4567/8713/8713 4721/8715/8715 4569/8714/8714
f 4567/8713/8713 4719/8716/8716 4721/8715/8715
f 4569/8717/8717 4723/8719/8719 4571/8718/8718
f 4569/8717/8717 4721/8720/8720 4723/8719/8719
f 4571/8721/8721 4725/8723/8723 4573/8722/8722
f 4571/8721/8721 4723/8724/8724 4725/8723/8723
f 4573/8725/8725 4727/8727/8727 4575/8726/8726
f 4573/8725/8725 4725/8728/8728 4727/8727/8727
f 4575/8729/8729 4729/8731/8731 4577/8730/8730
f 4575/8729/8729 4727/8732/8732 4729/8731/8731
f 4577/8733/8733 4731/8735/8735 4579/8734/8734
f 4577/8733/8733 4729/8736/8736 4731/8735/8735
f 4579/8737/8737 4733/8739/8739 4581/8738/8738
f 4579/8737/8737 4731/8740/8740 4733/8739/8739
f 4581/8741/8741 4735/8743/8743 4583/8742/8742
f 4581/8741/8741 4733/8744/8744 4735/8743/8743
f 4583/8745/8745 4737/8747/8747 4585/8746/8746
f 4583/8745/8745 4735/8748/8748 4737/8747/8747
f 4585/8749/8749 4739/8751/8751 4587/8750/8750
f 4585/8749/8749 4737/8752/8752 4739/8751/8751
f 4587/8753/8753 4741/8755/8755 4589/8754/8754
f 4587/8753/8753 4739/8756/8756 4741/8755/8755
f 4589/8757/8757 4743/8759/8759 4591/8758/8758
f 4589/8757/8757 4741/8760/8760 4743/8759/8759
f 4591/8761/8761 4745/8763/8763 4593/8762/8762
f 4591/8761/8761 4743/8764/8764 4745/8763/8763
f 4593/8765/8765 4747/8767/8767 4595/8766/8766
f 4593/8765/8765 4745/8768/8768 4747/8767/8767
f 4595/8769/8769 4749/8771/8771 4597/8770/8770
f 4595/8769/8769 4747/8772/8772 4749/8771/8771
f 4597/8773/8773 4751/8775/8775 4599/8774/8774
f 4597/8773/8773 4749/8776/8776 4751/8775/8775
f 4599/8777/8777 4753/8779/8779 4601/8778/8778
f 4599/8777/8777 4751/8780/8780 4753/8779/8779
f 4601/8781/8781 4755/8783/8783 4603/8782/8782
f 4601/8781/8781 4753/8784/8784 4755/8783/8783
f 4603/8785/8785 4757/8787/8787 4605/8786/8786
f 4603/8785/8785 4755/8788/8788 4757/8787/8787
f 4605/8789/8789 4759/8791/8791 4607/8790/8790
f 4605/8789/8789 4757/8792/8792 4759/8791/8791
f 4607/8793/8793 4761/8795/8795 4609/8794/8794
f 4607/8793/8793 4759/8796/8796 4761/8795/8795
f 4609/8797/8797 4763/8799/8799 4611/8798/8798
f 4609/8797/8797 4761/8800/8800 4763/8799/8799
f 4611/8801/8801 4765/8803/8803 4613/8802/8802
f 4611/8801/8801 4763/8804/8804 4765/8803/8803
f 4613/8805/8805 4767/8807/8807 4615/8806/8806
f 4613/8805/8805 4765/8808/8808 4767/8807/8807
f 4615/8809/8809 4769/8811/8811 4617/8810/8810
f 4615/8809/8809 4767/8812/8812 4769/8811/8811
f 4617/8813/8813 4771/8815/8815 4619/8814/8814
f 4617/8813/8813 4769/8816/8816 4771/8815/8815
f 4619/8817/8817 4773/8819/8819 4621/8818/8818
f 4619/8817/8817 4771/8820/8820 4773/8819/8819
f 4621/8821/8821 4775/8823/8823 4623/8822/8822
f 4621/8821/8821 4773/8824/8824 4775/8823/8823
f 4623/8825/8825 4777/8827/8827 4625/8826/8826
f 4623/8825/8825 4775/8828/8828 4777/8827/8827
f 4625/8829/8829 4779/8831/8831 4627/8830/8830
f 4625/8829/8829 4777/8832/8832 4779/8831/8831
f 4627/8833/8833 4781/8835/8835 4629/8834/8834
f 4627/8833/8833 4779/8836/8836 4781/8835/8835
f 4629/8837/8837 4783/8839/8839 4631/8838/8838
f 4629/8837/8837 4781/8840/8840 4783/8839/8839
f 4631/8841/8841 4785/8843/8843 4633/8842/8842
f 4631/8841/8841 4783/8844/8844 4785/8843/8843
f 4633/8845/8845 4787/8847/8847 4635/8846/8846
f 4633/8845/8845 4785/8848/8848 4787/8847/8847
f 4635/8849/8849 4789/8851/8851 4637/8850/8850
f 4635/8849/8849 4787/8852/8852 4789/8851/8851
f 4637/8853/8853 4791/8855/8855 4639/8854/8854
f 4637/8853/8853 4789/8856/8856 4791/8855/8855
f 4639/8857/8857 4793/8859/8859 4641/8858/8858
f 4639/8857/8857 4791/8860/8860 4793/8859/8859
f 4641/8861/8861 4795/8863/8863 4643/8862/8862
f 4641/8861/8861 4793/8864/8864 4795/8863/8863
f 4643/8865/8865 4797/8867/8867 4645/8866/8866
f 4643/8865/8865 4795/8868/8868 4797/8867/8867
f 4645/8869/8869 4799/8871/8871 4647/8870/8870
f 4645/8869/8869 4797/8872/8872 4799/8871/8871
f 4647/8873/8873 4801/8875/8875 4649/8874/8874
f 4647/8873/8873 4799/8876/8876 4801/8875/8875
f 4649/8877/8877 4803/8879/8879 4651/8878/8878
f 4649/8877/8877 4801/8880/8880 4803/8879/8879
f 4651/8881/8881 4805/8883/8883 4653/8882/8882
f 4651/8881/8881 4803/8884/8884 4805/8883/8883
f 4653/8885/8885 4807/8887/8887 4655/8886/8886
f 4653/8885/8885 4805/8888/8888 4807/8887/8887
f 4655/8889/8889 4809/8891/8891 4657/8890/8890
f 4655/8889/8889 4807/8892/8892 4809/8891/8891
f 4657/8893/8893 4811/8895/8895 4659/8894/8894
f 4657/8893/8893 4809/8896/8896 4811/8895/8895
f 4659/8897/8897 4813/8899/8899 4661/8898/8898
f 4659/8897/8897 4811/8900/8900 4813/8899/8899
f 4661/8901/8901 4815/8903/8903 4663/8902/8902
f 4661/8901/8901 4813/8904/8904 4815/8903/8903
f 4663/8905/8905 4817/8907/8907 4665/8906/8906
f 4663/8905/8905 4815/8908/8908 4817/8907/8907
f 4665/8909/8909 4819/8911/8911 4667/8910/8910
f 4665/8909/8909 4817/8912/8912 4819/8911/8911
f 4667/8913/8913 4821/8915/8915 4669/8914/8914
f 4667/8913/8913 4819/8916/8916 4821/8915/8915
f 4669/8917/8917 4823/8919/8919 4671/8918/8918
f 4669/8917/8917 4821/8920/8920 4823/8919/8919
f 4671/8921/8921 4825/8923/8923 4673/8922/8922
f 4671/8921/8921 4823/8924/8924 4825/8923/8923
f 4673/8925/8925 4827/8927/8927 4675/8926/8926
f 4673/8925/8925 4825/8928/8928 4827/8927/8927
f 4675/8929/8929 4829/8931/8931 4677/8930/8930
f 4675/8929/8929 4827/8932/8932 4829/8931/8931
f 4677/8933/8933 4831/8935/8935 4679/8934/8934
f 4677/8933/8933 4829/8936/8936 4831/8935/8935
f 4679/8937/8937 4833/8939/8939 4681/8938/8938
f 4679/8937/8937 4831/8940/8940 4833/8939/8939
f 4681/8941/8941 4835/8943/8943 4683/8942/8942
f 4681/8941/8941 4833/8944/8944 4835/8943/8943
f 4683/8945/8945 4837/8947/8947 4685/8946/8946
f 4683/8945/8945 4835/8948/8948 4837/8947/8947
f 4685/8949/8949 4839/8951/8951 4687/8950/8950
f 4685/8949/8949 4837/8952/8952 4839/8951/8951
f 4687/8953/8953 4841/8955/8955 4689/8954/8954
f 4687/8953/8953 4839/8956/8956 4841/8955/8955
f 4689/8957/8957 4843/8959/8959 4691/8958/8958
f 4689/8957/8957 4841/8960/8960 4843/8959/8959
f 4691/8961/8961 4845/8963/8963 4693/8962/8962
f 4691/8961/8961 4843/8964/8964 4845/8963/8963
f 4693/8965/8965 4847/8967/8967 4695/8966/8966
f 4693/8965/8965 4845/8968/8968 4847/8967/8967
f 4695/8969/8969 4849/8971/8971 4697/8970/8970
f 4695/8969/8969 4847/8972/8972 4849/8971/8971
f 4697/8973/8973 4851/8975/8975 4699/8974/8974
f 4697/8973/8973 4849/8976/8976 4851/8975/8975
f 4699/8977/8977 4853/8979/8979 4701/8978/8978
f 4699/8977/8977 4851/8980/8980 4853/8979/8979
f 4701/8981/8981 4855/8983/8983 4703/8982/8982
f 4701/8981/8981 4853/8984/8984 4855/8983/8983
f 4703/8985/8985 4857/8987/8987 4705/8986/8986
f 4703/8985/8985 4855/8988/8988 4857/8987/8987
f 4705/8989/8989 4859/8991/8991 4707/8990/8990
f 4705/8989/8989 4857/8992/8992 4859/8991/8991
f 4707/8993/8993 4861/8995/8995 4709/8994/8994
f 4707/8993/8993 4859/8996/8996 4861/8995/8995
f 4709/8997/8997 4863/8999/8999 4711/8998/8998
f 4709/8997/8997 4861/9000/9000 4863/8999/8999
f 4866/9001/9001 4870/9002/9001 4872/9003/9001
f 4866/9001/9001 4872/9003/9001 4868/9004/9001
f 4869/9005/9002 4865/9006/9002 4867/9007/9002
f 4869/9005/9002 4867/9007/9002 4871/9008/9002
f 4868/9009/9003 4872/9010/9003 4871/9011/9003
f 4868/9009/9003 4871/9011/9003 4867/9012/9003
f 4865/9013/9004 4869/9014/9004 4870/9015/9004
f 4865/9013/9004 4870/9015/9004 4866/9016/9004
f 4870/9017/9005 4869/9018/9005 4871/9019/9005
f 4870/9017/9005 4871/9019/9005 4872/9020/9005
f 4865/9021/9006 4866/9022/9006 4868/9023/9006
f 4865/9021/9006 4868/9023/9006 4867/9024/9006
f 4873/9025/9007 4875/9026/9008 4876/9027/9008
f 4873/9025/9007 4876/9027/9008 4874/9028/9007
f 4875/9029/9009 4877/9030/9010 4878/9031/9010
f 4875/9029/9009 4878/9031/9010 4876/9032/9009
f 4877/9033/9011 4879/9034/9012 4880/9035/9012
f 4877/9033/9011 4880/9035/9012 4878/9036/9011
f 4879/9037/9013 4881/9038/9014 4882/9039/9014
f 4879/9037/9013 4882/9039/9014 4880/9040/9013
f 4881/9041/9015 4883/9042/9016 4884/9043/9016
f 4881/9041/9015 4884/9043/9016 4882/9044/9015
f 4883/9045/9017 4885/9046/9018 4886/9047/9018
f 4883/9045/9017 4886/9047/9018 4884/9048/9017
f 4885/9049/9019 4887/9050/9020 4888/9051/9020
f 4885/9049/9019 4888/9051/9020 4886/9052/9019
f 4887/9053/9021 4873/9054/9022 4874/9055/9022
f 4887/9053/9021 4874/9055/9022 4888/9056/9021
f 4889/9057/9023 4875/9059/9023 4873/9058/9023
f 4890/9057/9024 4874/9058/9024 4876/9059/9024
f 4889/9057/9023 4877/9061/9023 4875/9060/9023
f 4890/9057/9024 4876/9060/9024 4878/9061/9024
f 4889/9057/9023 4879/9063/9023 4877/9062/9023
f 4890/9057/9024 4878/9062/9024 4880/9063/9024
f 4889/9057/9023 4881/9065/9023 4879/9064/9023
f 4890/9057/9024 4880/9064/9024 4882/9065/9024
f 4889/9057/9023 4883/9067/9023 4881/9066/9023
f 4890/9057/9024 4882/9066/9024 4884/9067/9024
f 4889/9057/9023 4885/9069/9023 4883/9068/9023
f 4890/9057/9024 4884/9068/9024 4886/9069/9024
f 4889/9057/9023 4887/9071/9023 4885/9070/9023
f 4890/9057/9024 4886/9070/9024 4888/9071/9024
f 4889/9057/9023 4873/9073/9023 4887/9072/9023
f 4890/9057/9024 4888/9072/9024 4874/9073/9024
f 4891/9074/9025 4893/9075/9026 4894/9076/9026
f 4891/9074/9025 4894/9076/9026 4892/9077/9025
f 4893/9078/9027 4895/9079/9028 4896/9080/9028
f 4893/9078/9027 4896/9080/9028 4894/9081/9027
f 4895/9082/9029 4897/9083/9030 4898/9084/9030
f 4895/9082/9029 4898/9084/9030 4896/9085/9029
f 4897/9086/9031 4899/9087/9032 4900/9088/9032
f 4897/9086/9031 4900/9088/9032 4898/9089/9031
f 4899/9090/9033 4901/9091/9034 4902/9092/9034
f 4899/9090/9033 4902/9092/9034 4900/9093/9033
f 4901/9094/9035 4903/9095/9036 4904/9096/9036
f 4901/9094/9035 4904/9096/9036 4902/9097/9035
f 4903/9098/9037 4905/9099/9038 4906/9100/9038
f 4903/9098/9037 4906/9100/9038 4904/9101/9037
f 4905/9102/9039 4891/9103/9040 4892/9104/9040
f 4905/9102/9039 4892/9104/9040 4906/9105/9039
f 4907/9106/9041 4893/9108/9041 4891/9107/9041
f 4908/9106/9042 4892/9107/9042 4894/9108/9042
f 4907/9106/9041 4895/9110/9041 4893/9109/9041
f 4908/9106/9042 4894/9109/9042 4896/9110/9042
f 4907/9106/9041 4897/9112/9041 4895/9111/9041
f 4908/9106/9042 4896/9111/9042 4898/9112/9042
f 4907/9106/9041 4899/9114/9041 4897/9113/9041
f 4908/9106/9042 4898/9113/9042 4900/9114/9042
f 4907/9106/9041 4901/9116/9041 4899/9115/9041
f 4908/9106/9042 4900/9115/9042 4902/9116/9042
f 4907/9106/9041 4903/9118/9041 4901/9117/9041
f 4908/9106/9042 4902/9117/9042 4904/9118/9042
f 4907/9106/9041 4905/9120/9041 4903/9119/9041
f 4908/9106/9042 4904/9119/9042 4906/9120/9042
f 4907/9106/9041 4891/9122/9041 4905/9121/9041
f 4908/9106/9042 4906/9121/9042 4892/9122/9042
f 4909/9123/9043 4911/9124/9044 4912/9125/9044
f 4909/9123/9043 4912/9125/9044 4910/9126/9043
f 4911/9127/9045 4913/9128/9046 4914/9129/9046
f 4911/9127/9045 4914/9129/9046 4912/9130/9045
f 4913/9131/9047 4915/9132/9048 4916/9133/9048
f 4913/9131/9047 4916/9133/9048 4914/9134/9047
f 4915/9135/9049 4917/9136/9050 4918/9137/9050
f 4915/9135/9049 4918/9137/9050 4916/9138/9049
f 4917/9139/9051 4919/9140/9052 4920/9141/9052
f 4917/9139/9051 4920/9141/9052 4918/9142/9051
f 4919/9143/9053 4921/9144/9054 4922/9145/9054
f 4919/9143/9053 4922/9145/9054 4920/9146/9053
f 4921/9147/9055 4923/9148/9056 4924/9149/9056
f 4921/9147/9055 4924/9149/9056 4922/9150/9055
f 4923/9151/9057 4909/9152/9058 4910/9153/9058
f 4923/9151/9057 4910/9153/9058 4924/9154/9057
f 4925/9155/9059 4911/9157/9059 4909/9156/9059
f 4926/9155/9060 4910/9156/9060 4912/9157/9060
f 4925/9155/9059 4913/9159/9059 4911/9158/9059
f 4926/9155/9060 4912/9158/9060 4914/9159/9060
f 4925/9155/9059 4915/9161/9059 4913/9160/9059
f 4926/9155/9060 4914/9160/9060 4916/9161/9060
f 4925/9155/9059 4917/9163/9059 4915/9162/9059
f 4926/9155/9060 4916/9162/9060 4918/9163/9060
f 4925/9155/9059 4919/9165/9059 4917/9164/9059
f 4926/9155/9060 4918/9164/9060 4920/9165/9060
f 4925/9155/9059 4921/9167/9059 4919/9166/9059
f 4926/9155/9060 4920/9166/9060 4922/9167/9060
f 4925/9155/9059 4923/9169/9059 4921/9168/9059
f 4926/9155/9060 4922/9168/9060 4924/9169/9060
f 4925/9155/9059 4909/9171/9059 4923/9170/9059
f 4926/9155/9060 4924/9170/9060 4910/9171/9060
f 4927/9172/9061 4929/9173/9062 4930/9174/9062
f 4927/9172/9061 4930/9174/9062 4928/9175/9061
f 4929/9176/9063 4931/9177/9064 4932/9178/9064
f 4929/9176/9063 4932/9178/9064 4930/9179/9063
f 4931/9180/9065 4933/9181/9066 4934/9182/9066
f 4931/9180/9065 4934/9182/9066 4932/9183/9065
f 4933/9184/9067 4935/9185/9068 4936/9186/9068
f 4933/9184/9067 4936/9186/9068 4934/9187/9067
f 4935/9188/9069 4937/9189/9070 4938/9190/9070
f 4935/9188/9069 4938/9190/9070 4936/9191/9069
f 4937/9192/9071 4939/9193/9072 4940/9194/9072
f 4937/9192/9071 4940/9194/9072 4938/9195/9071
f 4939/9196/9073 4941/9197/9074 4942/9198/9074
f 4939/9196/9073 4942/9198/9074 4940/9199/9073
f 4941/9200/9075 4927/9201/9076 4928/9202/9076
f 4941/9200/9075 4928/9202/9076 4942/9203/9075
f 4943/9204/9077 4929/9206/9077 4927/9205/9077
f 4944/9204/9078 4928/9205/9078 4930/9206/9078
f 4943/9204/9077 4931/9208/9077 4929/9207/9077
f 4944/9204/9078 4930/9207/9078 4932/9208/9078
f 4943/9204/9077 4933/9210/9077 4931/9209/9077
f 4944/9204/9078 4932/9209/9078 4934/9210/9078
f 4943/9204/9077 4935/9212/9077 4933/9211/9077
f 4944/9204/9078 4934/9211/9078 4936/9212/9078
f 4943/9204/9077 4937/9214/9077 4935/9213/9077
f 4944/9204/9078 4936/9213/9078 4938/9214/9078
f 4943/9204/9077 4939/9216/9077 4937/9215/9077
f 4944/9204/9078 4938/9215/9078 4940/9216/9078
f 4943/9204/9077 4941/9218/9077 4939/9217/9077
f 4944/9204/9078 4940/9217/9078 4942/9218/9078
f 4943/9204/9077 4927/9220/9077 4941/9219/9077
f 4944/9204/9078 4942/9219/9078 4928/9220/9078
